==================== 2026-05-19T16:18:34.391866Z | 295b4485-36b6-4f3b-9d28-6376a02a253f ====================
16:18:34.394236 [info ]: Starting dbt LSP server
16:18:34.395246 [info ]: Connecting to LSP client on port 8000
16:18:34.400289 [info ]: Successfully connected to LSP client
16:18:34.400319 [info ]: Creating LSP service...
16:18:34.489127 [info ]: Creating LSP server...
16:18:34.489150 [info ]: Starting LSP server...
16:18:34.561052 [info ]: Started loading project
16:18:34.598572 [info ]: Finished loading project [  0.04s]
16:19:00.584501 [info ]: Started loading project
16:19:00.587722 [info ]: Finished loading project [  0.00s]
16:19:00.828562 [info ]: Started loading project
16:19:00.831949 [info ]: Finished loading project [  0.00s]
16:19:00.899233 [info ]: Started loading project
16:19:00.900883 [info ]: Finished loading project [  0.00s]
16:19:01.000043 [info ]: Started loading project
16:19:01.003213 [info ]: Finished loading project [  0.00s]
16:19:01.386893 [info ]: Started loading project
16:19:01.391672 [info ]: Finished loading project [  0.00s]
16:19:39.615139 [info ]: Started loading project
16:19:39.645476 [info ]: Finished loading project [  0.03s]
16:19:39.934452 [info ]: Started loading project
16:19:39.936889 [info ]: Finished loading project [  0.00s]
16:19:40.375422 [info ]: Started loading project
16:19:40.378263 [info ]: Finished loading project [  0.00s]
16:19:40.697693 [info ]: Started loading project
16:19:40.700191 [info ]: Finished loading project [  0.00s]
16:22:12.732514 [info ]: Started loading project
16:22:12.753007 [info ]: Finished loading project [  0.02s]
16:22:13.047428 [info ]: Started loading project
16:22:13.049373 [info ]: Finished loading project [  0.00s]
16:22:31.093566 [info ]: Started loading project
16:22:31.098197 [info ]: Finished loading project [  0.00s]
16:22:31.422323 [info ]: Started loading project
16:22:31.424552 [info ]: Finished loading project [  0.00s]
==================== 2026-05-19T16:23:52.714114Z | 664b549b-4ef3-4acd-b75b-e0c77ce72b3e ====================
16:23:52.714871 [info ]: Starting dbt LSP server
16:23:52.715057 [info ]: Connecting to LSP client on port 8000
16:23:52.720009 [info ]: Successfully connected to LSP client
16:23:52.720041 [info ]: Creating LSP service...
16:23:52.829251 [info ]: Creating LSP server...
16:23:52.829290 [info ]: Starting LSP server...
16:23:53.000198 [info ]: Loading ~/.dbt/profiles.yml
16:23:53.010630 [info ]: Loading ~/.dbt/profiles.yml
16:24:21.366358 [info ]: Loading ~/.dbt/profiles.yml
16:24:32.270323 [info ]: Loading ~/.dbt/profiles.yml
16:26:10.053593 [info ]: Loading ~/.dbt/profiles.yml
16:26:52.960267 [info ]: Loading ~/.dbt/profiles.yml
16:26:52.999398 [info ]: Started loading project
16:26:53.001504 [info ]: Loading ~/.dbt/profiles.yml
16:26:53.006985 [info ]: Finished loading project [  0.01s]
16:26:53.358643 [info ]: Loading ~/.dbt/profiles.yml
16:26:53.885468 [info ]: Loading ~/.dbt/profiles.yml
16:30:16.586757 [info ]: Loading ~/.dbt/profiles.yml
16:30:16.646316 [info ]: Started loading project
16:30:16.647247 [info ]: Loading ~/.dbt/profiles.yml
16:30:16.647690 [info ]: Finished loading project [  0.00s]
16:30:17.005878 [info ]: Loading ~/.dbt/profiles.yml
16:30:17.516982 [info ]: Loading ~/.dbt/profiles.yml
16:30:17.706088 [info ]: Loading ~/.dbt/profiles.yml
16:30:17.724574 [info ]: Started loading project
16:30:17.725874 [info ]: Loading ~/.dbt/profiles.yml
16:30:17.726371 [info ]: Finished loading project [  0.00s]
16:30:17.891548 [info ]: Waiting for lease on 'target' directory
16:30:18.305928 [info ]: Loading ~/.dbt/profiles.yml
16:30:18.313710 [info ]: Loading ~/.dbt/profiles.yml
16:30:18.338374 [info ]: Started loading project
16:30:18.339156 [info ]: Loading ~/.dbt/profiles.yml
16:30:18.339912 [info ]: Finished loading project [  0.00s]
16:30:18.717994 [info ]: Loading ~/.dbt/profiles.yml
16:30:19.242101 [info ]: Loading ~/.dbt/profiles.yml
16:30:44.154447 [info ]: Loading ~/.dbt/profiles.yml
16:30:44.181323 [info ]: Started loading project
16:30:44.182395 [info ]: Loading ~/.dbt/profiles.yml
16:30:44.183144 [info ]: Finished loading project [  0.00s]
16:30:44.556278 [info ]: Loading ~/.dbt/profiles.yml
16:30:45.067637 [info ]: Loading ~/.dbt/profiles.yml
16:33:48.974458 [info ]: Loading ~/.dbt/profiles.yml
16:33:49.012492 [info ]: Started loading project
16:33:49.013742 [info ]: Loading ~/.dbt/profiles.yml
16:33:49.014614 [info ]: Finished loading project [  0.00s]
16:33:49.383960 [info ]: Loading ~/.dbt/profiles.yml
16:33:49.880018 [info ]: Loading ~/.dbt/profiles.yml
16:34:12.924453 [info ]: Loading ~/.dbt/profiles.yml
16:34:12.963016 [info ]: Started loading project
16:34:12.963836 [info ]: Loading ~/.dbt/profiles.yml
16:34:12.964429 [info ]: Finished loading project [  0.00s]
16:34:13.261018 [info ]: Loading ~/.dbt/profiles.yml
16:34:13.857877 [info ]: Loading ~/.dbt/profiles.yml
16:36:26.744704 [info ]: Loading ~/.dbt/profiles.yml
16:36:26.819856 [info ]: Started loading project
16:36:26.821372 [info ]: Loading ~/.dbt/profiles.yml
16:36:26.846725 [debug]:    Started loading packages
16:36:26.853034 [debug]:     Loaded [  0.01s] packages
16:36:26.862282 [info ]: Started parsing
16:36:26.919320 [info ]: Finished loading project [  0.10s]
16:36:26.936468 [debug]: Finished parsing models\schema.yml [  0.01s]
16:36:26.938616 [debug]: Finished parsing models\sources.yml [  0.00s]
16:36:27.015043 [debug]: Finished parsing models\staging\stg_retail_transaction.sql [  0.06s]
16:36:27.019597 [error]: dbt1048: Source 'kaggle_retail.retail_ecommerce_dbt' not found in project. Searched for 'retail_ecommerce_dbt'
  --> models\staging\stg_retail_transaction.sql:3:12
16:36:27.020533 [warn ]: dbt1097: Configuration paths exist in your dbt_project.yml file which do not apply to any resources.
There are 2 unused configuration paths:
- models.retail_ecommerce_dbt.intermediate
- models.retail_ecommerce_dbt.marts
16:36:27.035856 [info ]: DOWNLOADING deferral manifest
16:36:27.035949 [info ]: Finished parsing [  0.17s]
16:36:27.442197 [info ]: Loading ~/.dbt/profiles.yml
16:36:27.784776 [warn ]: dbt1203: Failed to download deferral manifest from the dbt platform for project 70471823559476, continuing without deferral. 404 Not Found: No deferral environment defined for project with ID 70471823559476 To target a specific environment, set `defer-env-id` in your dbt_project.yml under the `dbt-cloud` block.
16:36:27.798677 [info ]: Waiting for lease on 'target' directory
16:36:27.972852 [info ]: Started loading project
16:36:27.974102 [info ]: Loading ~/.dbt/profiles.yml
16:36:27.982322 [debug]:    Started loading packages
16:36:27.987943 [debug]:     Loaded [  0.01s] packages
16:36:27.990792 [info ]: Started parsing
16:36:28.032671 [info ]: Finished loading project [  0.06s]
16:36:28.034253 [debug]: Finished parsing models\schema.yml [  0.00s]
16:36:28.034768 [debug]: Finished parsing models\sources.yml [  0.00s]
16:36:28.039264 [debug]: Finished parsing models\staging\stg_retail_transaction.sql [  0.00s]
16:36:28.040443 [error]: dbt1048: Source 'kaggle_retail.retail_ecommerce_dbt' not found in project. Searched for 'retail_ecommerce_dbt'
  --> models\staging\stg_retail_transaction.sql:3:12
16:36:28.041051 [warn ]: dbt1097: Configuration paths exist in your dbt_project.yml file which do not apply to any resources.
There are 2 unused configuration paths:
- models.retail_ecommerce_dbt.intermediate
- models.retail_ecommerce_dbt.marts
16:36:28.048224 [info ]: DOWNLOADING deferral manifest
16:36:28.048402 [info ]: Finished parsing [  0.06s]
16:36:28.467180 [warn ]: dbt1203: Failed to download deferral manifest from the dbt platform for project 70471823559476, continuing without deferral. 404 Not Found: No deferral environment defined for project with ID 70471823559476 To target a specific environment, set `defer-env-id` in your dbt_project.yml under the `dbt-cloud` block.
16:36:28.470196 [info ]: Cached model count updated: 1 models (estimate)
16:36:28.470277 [info ]: Cached model count updated: 1 models (accurate)
16:36:28.473083 [info ]: Started scheduling
16:36:28.475611 [info ]: Finished scheduling [  0.00s]
16:36:28.476026 [debug]: Compilation - 0 nodes selected: {}
16:36:28.476668 [warn ]: dbt1092: The selection criterion '' does not match any enabled nodes
16:36:28.476737 [warn ]: dbt1601: Nothing to do. Try checking your model configs and model specification args
16:36:28.477322 [info ]: Started scheduling
16:36:28.480241 [info ]: Finished scheduling [  0.00s]
16:36:28.495243 [info ]: DOWNLOADING deferral manifest
16:36:28.832457 [info ]: Loading ~/.dbt/profiles.yml
16:36:28.908319 [warn ]: dbt1203: Failed to download deferral manifest from the dbt platform for project 70471823559476, continuing without deferral. 404 Not Found: No deferral environment defined for project with ID 70471823559476 To target a specific environment, set `defer-env-id` in your dbt_project.yml under the `dbt-cloud` block.
16:36:28.921645 [info ]: Waiting for lease on 'target' directory
16:36:29.053421 [info ]: Started loading project
16:36:29.055131 [info ]: Loading ~/.dbt/profiles.yml
16:36:29.062769 [debug]:    Started loading packages
16:36:29.066665 [debug]:     Loaded [  0.00s] packages
16:36:29.067987 [info ]: Started parsing
16:36:29.107312 [info ]: Finished loading project [  0.05s]
16:36:29.108407 [debug]: Finished parsing models\schema.yml [  0.00s]
16:36:29.108877 [debug]: Finished parsing models\sources.yml [  0.00s]
16:36:29.113862 [debug]: Finished parsing models\staging\stg_retail_transaction.sql [  0.00s]
16:36:29.114264 [error]: dbt1048: Source 'kaggle_retail.retail_ecommerce_dbt' not found in project. Searched for 'retail_ecommerce_dbt'
  --> models\staging\stg_retail_transaction.sql:3:12
16:36:29.114582 [warn ]: dbt1097: Configuration paths exist in your dbt_project.yml file which do not apply to any resources.
There are 2 unused configuration paths:
- models.retail_ecommerce_dbt.intermediate
- models.retail_ecommerce_dbt.marts
16:36:29.120516 [info ]: DOWNLOADING deferral manifest
16:36:29.120600 [info ]: Finished parsing [  0.05s]
16:36:29.524803 [warn ]: dbt1203: Failed to download deferral manifest from the dbt platform for project 70471823559476, continuing without deferral. 404 Not Found: No deferral environment defined for project with ID 70471823559476 To target a specific environment, set `defer-env-id` in your dbt_project.yml under the `dbt-cloud` block.
16:36:29.526103 [info ]: Cached model count updated: 1 models (estimate)
16:36:29.526147 [info ]: Cached model count updated: 1 models (accurate)
16:36:29.526188 [info ]: Started scheduling
16:36:29.526261 [info ]: Finished scheduling [  0.00s]
16:36:29.526283 [debug]: Compilation - 0 nodes selected: {}
16:36:29.526306 [warn ]: dbt1092: The selection criterion '' does not match any enabled nodes
16:36:29.526318 [warn ]: dbt1601: Nothing to do. Try checking your model configs and model specification args
16:36:29.526331 [info ]: Started scheduling
16:36:29.526375 [info ]: Finished scheduling [  0.00s]
16:36:29.528283 [info ]: DOWNLOADING deferral manifest
16:36:29.921356 [warn ]: dbt1203: Failed to download deferral manifest from the dbt platform for project 70471823559476, continuing without deferral. 404 Not Found: No deferral environment defined for project with ID 70471823559476 To target a specific environment, set `defer-env-id` in your dbt_project.yml under the `dbt-cloud` block.
16:36:30.154361 [info ]: Started building task graph
16:36:30.155096 [info ]: Finished building task graph [  0.00s]
16:36:30.171330 [info ]: Started scheduling
16:36:30.171426 [info ]: Finished scheduling [  0.00s]
16:36:30.172472 [info ]: Cached model count updated: 1 models (accurate)
16:36:31.754415 [info ]: Started loading project
16:36:31.755507 [info ]: Loading ~/.dbt/profiles.yml
16:36:31.788437 [info ]: Cached model count updated: 1 models (estimate)
16:36:31.788468 [info ]: Cached model count updated: 1 models (accurate)
16:36:31.788497 [info ]: Started scheduling
16:36:31.788543 [info ]: Finished scheduling [  0.00s]
16:36:31.788560 [debug]: Compilation - 1 nodes selected: {"model.retail_ecommerce_dbt.stg_retail_transaction"}
16:36:31.790099 [info ]: DOWNLOADING deferral manifest
16:36:31.790190 [info ]: Finished loading project [  0.04s]
16:36:32.192121 [warn ]: dbt1203: Failed to download deferral manifest from the dbt platform for project 70471823559476, continuing without deferral. 404 Not Found: No deferral environment defined for project with ID 70471823559476 To target a specific environment, set `defer-env-id` in your dbt_project.yml under the `dbt-cloud` block.
16:36:32.377872 [info ]: Started building task graph
16:36:32.379429 [info ]: Finished building task graph [  0.00s]
16:36:32.381299 [info ]: Started rendering (1 nodes)
16:36:32.382188 [info ]: Started model ga4_data_staging.stg_retail_transaction
16:36:32.383108 [debug]: Started rendering model ga4_data_staging.stg_retail_transaction
16:36:32.392327 [error]: dbt1501: Failed to render SQL not a key type: Source not found for source name: kaggle_retail, table name: retail_ecommerce_dbt
(in models\staging\stg_retail_transaction.sql:3:12)
  --> models\staging\stg_retail_transaction.sql:3:12
16:36:32.393248 [info ]: Started analyzing (1 nodes)
16:36:32.393277 [debug]: Started analyzing model ga4_data_staging.stg_retail_transaction
16:36:32.393576 [debug]: Finished analyzing [  0.00s] model ga4_data_staging.stg_retail_transaction [skipped]
16:36:32.393732 [info ]: Finished analyzing [  0.00s] (1 nodes, 1 skipped, 0 errors)
16:36:32.393745 [info ]:     Failed [  0.01s] model ga4_data_staging.stg_retail_transaction (view)
16:36:32.399510 [info ]: Started scheduling
16:36:32.399602 [info ]: Finished scheduling [  0.00s]
16:36:32.401693 [info ]: Cached model count updated: 1 models (accurate)
16:36:32.401751 [debug]: Finished rendering [  0.02s] model ga4_data_staging.stg_retail_transaction [error]
16:36:32.401772 [info ]: Finished rendering [  0.02s] (1 nodes, 0 skipped, 1 errors)
16:38:13.065557 [info ]: Loading ~/.dbt/profiles.yml
16:38:13.099897 [info ]: Started loading project
16:38:13.100632 [info ]: Loading ~/.dbt/profiles.yml
16:38:13.104343 [info ]: Started loading project
16:38:13.104901 [info ]: Loading ~/.dbt/profiles.yml
16:38:13.105053 [info ]: Finished loading project [  0.01s]
16:38:13.109014 [debug]:    Started loading packages
16:38:13.111493 [debug]:     Loaded [  0.00s] packages
16:38:13.112442 [info ]: Started parsing
16:38:13.146878 [info ]: Finished loading project [  0.04s]
16:38:13.148264 [debug]: Finished parsing models\schema.yml [  0.00s]
16:38:13.148709 [debug]: Finished parsing models\sources.yml [  0.00s]
16:38:13.152753 [debug]: Finished parsing models\staging\stg_retail_transaction.sql [  0.00s]
16:38:13.153070 [error]: dbt1048: Source 'kaggle_retail.retail_ecommerce_dbt' not found in project. Searched for 'retail_ecommerce_dbt'
  --> models\staging\stg_retail_transaction.sql:3:12
16:38:13.153334 [warn ]: dbt1097: Configuration paths exist in your dbt_project.yml file which do not apply to any resources.
There are 2 unused configuration paths:
- models.retail_ecommerce_dbt.intermediate
- models.retail_ecommerce_dbt.marts
16:38:13.159805 [info ]: DOWNLOADING deferral manifest
16:38:13.159940 [info ]: Finished parsing [  0.05s]
16:38:13.777186 [warn ]: dbt1203: Failed to download deferral manifest from the dbt platform for project 70471823559476, continuing without deferral. 404 Not Found: No deferral environment defined for project with ID 70471823559476 To target a specific environment, set `defer-env-id` in your dbt_project.yml under the `dbt-cloud` block.
16:38:13.778644 [info ]: Cached model count updated: 1 models (estimate)
16:38:13.778686 [info ]: Cached model count updated: 1 models (accurate)
16:38:13.778854 [info ]: Started scheduling
16:38:13.778964 [info ]: Finished scheduling [  0.00s]
16:38:13.779008 [debug]: Compilation - 0 nodes selected: {}
16:38:13.779049 [warn ]: dbt1092: The selection criterion '' does not match any enabled nodes
16:38:13.779073 [warn ]: dbt1601: Nothing to do. Try checking your model configs and model specification args
16:38:13.779100 [info ]: Started scheduling
16:38:13.779190 [info ]: Finished scheduling [  0.00s]
16:38:13.782024 [info ]: DOWNLOADING deferral manifest
16:38:14.190652 [warn ]: dbt1203: Failed to download deferral manifest from the dbt platform for project 70471823559476, continuing without deferral. 404 Not Found: No deferral environment defined for project with ID 70471823559476 To target a specific environment, set `defer-env-id` in your dbt_project.yml under the `dbt-cloud` block.
16:38:14.379335 [info ]: Started building task graph
16:38:14.379380 [info ]: Finished building task graph [  0.00s]
16:38:14.384738 [info ]: Started scheduling
16:38:14.384802 [info ]: Finished scheduling [  0.00s]
16:38:14.388294 [info ]: Cached model count updated: 1 models (accurate)
16:38:15.995354 [info ]: Started loading project
16:38:15.996084 [info ]: Loading ~/.dbt/profiles.yml
16:38:16.033777 [info ]: Cached model count updated: 1 models (estimate)
16:38:16.033819 [info ]: Cached model count updated: 1 models (accurate)
16:38:16.033855 [info ]: Started scheduling
16:38:16.033917 [info ]: Finished scheduling [  0.00s]
16:38:16.033937 [debug]: Compilation - 1 nodes selected: {"model.retail_ecommerce_dbt.stg_retail_transaction"}
16:38:16.034911 [info ]: DOWNLOADING deferral manifest
16:38:16.035068 [info ]: Finished loading project [  0.04s]
16:38:16.483746 [warn ]: dbt1203: Failed to download deferral manifest from the dbt platform for project 70471823559476, continuing without deferral. 404 Not Found: No deferral environment defined for project with ID 70471823559476 To target a specific environment, set `defer-env-id` in your dbt_project.yml under the `dbt-cloud` block.
16:38:16.685803 [info ]: Started building task graph
16:38:16.685900 [info ]: Finished building task graph [  0.00s]
16:38:16.686120 [info ]: Started rendering (1 nodes)
16:38:16.686161 [info ]: Started model ga4_data_staging.stg_retail_transaction
16:38:16.686186 [debug]: Started rendering model ga4_data_staging.stg_retail_transaction
16:38:16.687597 [error]: dbt1501: Failed to render SQL not a key type: Source not found for source name: kaggle_retail, table name: retail_ecommerce_dbt
(in models\staging\stg_retail_transaction.sql:3:12)
  --> models\staging\stg_retail_transaction.sql:3:12
16:38:16.687701 [info ]: Started analyzing (1 nodes)
16:38:16.687721 [debug]: Started analyzing model ga4_data_staging.stg_retail_transaction
16:38:16.687754 [debug]: Finished analyzing [  0.00s] model ga4_data_staging.stg_retail_transaction [skipped]
16:38:16.687777 [info ]: Finished analyzing [  0.00s] (1 nodes, 1 skipped, 0 errors)
16:38:16.687793 [info ]:     Failed [  0.00s] model ga4_data_staging.stg_retail_transaction (view)
16:38:16.692484 [info ]: Started scheduling
16:38:16.692681 [info ]: Finished scheduling [  0.00s]
16:38:16.694824 [info ]: Cached model count updated: 1 models (accurate)
16:38:16.694902 [debug]: Finished rendering [  0.01s] model ga4_data_staging.stg_retail_transaction [error]
16:38:16.694929 [info ]: Finished rendering [  0.01s] (1 nodes, 0 skipped, 1 errors)
16:38:28.250895 [info ]: Started loading project
16:38:28.252233 [info ]: Loading ~/.dbt/profiles.yml
16:38:28.300087 [info ]: Cached model count updated: 1 models (estimate)
16:38:28.300129 [info ]: Cached model count updated: 1 models (accurate)
16:38:28.301685 [info ]: Started scheduling
16:38:28.303140 [info ]: Finished scheduling [  0.00s]
16:38:28.303181 [debug]: Compilation - 0 nodes selected: {}
16:38:28.303212 [warn ]: dbt1092: The selection criterion '+source:retail_ecommerce_dbt.kaggle_retail.retail_online_stg' does not match any enabled nodes
16:38:28.303229 [warn ]: dbt1601: Nothing to do. Try checking your model configs and model specification args
16:38:28.304424 [info ]: DOWNLOADING deferral manifest
16:38:28.304547 [info ]: Finished loading project [  0.05s]
16:38:28.727736 [warn ]: dbt1203: Failed to download deferral manifest from the dbt platform for project 70471823559476, continuing without deferral. 404 Not Found: No deferral environment defined for project with ID 70471823559476 To target a specific environment, set `defer-env-id` in your dbt_project.yml under the `dbt-cloud` block.
16:38:28.965135 [info ]: Started building task graph
16:38:28.965201 [info ]: Finished building task graph [  0.00s]
16:38:28.970323 [info ]: Started scheduling
16:38:28.970380 [info ]: Finished scheduling [  0.00s]
16:38:28.971020 [info ]: Cached model count updated: 1 models (accurate)
16:38:30.609992 [info ]: Started loading project
16:38:30.611350 [info ]: Loading ~/.dbt/profiles.yml
16:38:30.642463 [info ]: Cached model count updated: 1 models (estimate)
16:38:30.642493 [info ]: Cached model count updated: 1 models (accurate)
16:38:30.642916 [info ]: Started scheduling
16:38:30.642975 [info ]: Finished scheduling [  0.00s]
16:38:30.642991 [debug]: Compilation - 0 nodes selected: {}
16:38:30.643012 [warn ]: dbt1092: The selection criterion '+source:retail_ecommerce_dbt.kaggle_retail.retail_online_stg+' does not match any enabled nodes
16:38:30.643025 [warn ]: dbt1601: Nothing to do. Try checking your model configs and model specification args
16:38:30.644044 [info ]: DOWNLOADING deferral manifest
16:38:30.644212 [info ]: Finished loading project [  0.03s]
16:38:31.053997 [warn ]: dbt1203: Failed to download deferral manifest from the dbt platform for project 70471823559476, continuing without deferral. 404 Not Found: No deferral environment defined for project with ID 70471823559476 To target a specific environment, set `defer-env-id` in your dbt_project.yml under the `dbt-cloud` block.
16:38:31.276344 [info ]: Started building task graph
16:38:31.276387 [info ]: Finished building task graph [  0.00s]
16:38:31.280133 [info ]: Started scheduling
16:38:31.280190 [info ]: Finished scheduling [  0.00s]
16:38:31.282822 [info ]: Cached model count updated: 1 models (accurate)
16:38:32.885432 [info ]: Started loading project
16:38:32.886476 [info ]: Loading ~/.dbt/profiles.yml
16:38:32.915241 [info ]: Cached model count updated: 1 models (estimate)
16:38:32.915269 [info ]: Cached model count updated: 1 models (accurate)
16:38:32.915293 [info ]: Started scheduling
16:38:32.915337 [info ]: Finished scheduling [  0.00s]
16:38:32.915351 [debug]: Compilation - 1 nodes selected: {"model.retail_ecommerce_dbt.stg_retail_transaction"}
16:38:32.916350 [info ]: DOWNLOADING deferral manifest
16:38:32.916502 [info ]: Finished loading project [  0.03s]
16:38:33.306212 [warn ]: dbt1203: Failed to download deferral manifest from the dbt platform for project 70471823559476, continuing without deferral. 404 Not Found: No deferral environment defined for project with ID 70471823559476 To target a specific environment, set `defer-env-id` in your dbt_project.yml under the `dbt-cloud` block.
16:38:33.486791 [info ]: Started building task graph
16:38:33.486845 [info ]: Finished building task graph [  0.00s]
16:38:33.486994 [info ]: Started rendering (1 nodes)
16:38:33.487015 [info ]: Started model ga4_data_staging.stg_retail_transaction
16:38:33.487029 [debug]: Started rendering model ga4_data_staging.stg_retail_transaction
16:38:33.487839 [error]: dbt1501: Failed to render SQL not a key type: Source not found for source name: kaggle_retail, table name: retail_ecommerce_dbt
(in models\staging\stg_retail_transaction.sql:3:12)
  --> models\staging\stg_retail_transaction.sql:3:12
16:38:33.487904 [info ]: Started analyzing (1 nodes)
16:38:33.487918 [debug]: Started analyzing model ga4_data_staging.stg_retail_transaction
16:38:33.488025 [debug]: Finished analyzing [  0.00s] model ga4_data_staging.stg_retail_transaction [skipped]
16:38:33.488056 [info ]: Finished analyzing [  0.00s] (1 nodes, 1 skipped, 0 errors)
16:38:33.488069 [info ]:     Failed [-------] model ga4_data_staging.stg_retail_transaction (view)
16:38:33.491832 [info ]: Started scheduling
16:38:33.491890 [info ]: Finished scheduling [  0.00s]
16:38:33.493164 [info ]: Cached model count updated: 1 models (accurate)
16:38:33.493233 [debug]: Finished rendering [  0.01s] model ga4_data_staging.stg_retail_transaction [error]
16:38:33.493256 [info ]: Finished rendering [  0.01s] (1 nodes, 0 skipped, 1 errors)
16:39:30.830966 [info ]: Started loading project
16:39:30.831905 [info ]: Loading ~/.dbt/profiles.yml
16:39:30.861122 [info ]: Cached model count updated: 1 models (estimate)
16:39:30.861155 [info ]: Cached model count updated: 1 models (accurate)
16:39:30.861200 [info ]: Started scheduling
16:39:30.861295 [info ]: Finished scheduling [  0.00s]
16:39:30.861329 [debug]: Compilation - 0 nodes selected: {}
16:39:30.861364 [warn ]: dbt1092: The selection criterion '+source:retail_ecommerce_dbt.kaggle_retail.retail_online_stg' does not match any enabled nodes
16:39:30.861386 [warn ]: dbt1601: Nothing to do. Try checking your model configs and model specification args
16:39:30.863234 [info ]: DOWNLOADING deferral manifest
16:39:30.863386 [info ]: Finished loading project [  0.03s]
16:39:31.543980 [warn ]: dbt1203: Failed to download deferral manifest from the dbt platform for project 70471823559476, continuing without deferral. 404 Not Found: No deferral environment defined for project with ID 70471823559476 To target a specific environment, set `defer-env-id` in your dbt_project.yml under the `dbt-cloud` block.
16:39:31.752957 [info ]: Started building task graph
16:39:31.753013 [info ]: Finished building task graph [  0.00s]
16:39:31.757548 [info ]: Started scheduling
16:39:31.757605 [info ]: Finished scheduling [  0.00s]
16:39:31.758283 [info ]: Cached model count updated: 1 models (accurate)
16:39:31.761669 [info ]: Waiting for lease on 'target' directory
16:39:31.920209 [info ]: Started loading project
16:39:31.921047 [info ]: Loading ~/.dbt/profiles.yml
16:39:31.972996 [info ]: Cached model count updated: 1 models (estimate)
16:39:31.973063 [info ]: Cached model count updated: 1 models (accurate)
16:39:31.973185 [info ]: Started scheduling
16:39:31.973324 [info ]: Finished scheduling [  0.00s]
16:39:31.973372 [debug]: Compilation - 0 nodes selected: {}
16:39:31.973421 [warn ]: dbt1092: The selection criterion '+source:retail_ecommerce_dbt.kaggle_retail.retail_online_stg' does not match any enabled nodes
16:39:31.973444 [warn ]: dbt1601: Nothing to do. Try checking your model configs and model specification args
16:39:31.976387 [info ]: DOWNLOADING deferral manifest
16:39:31.976543 [info ]: Finished loading project [  0.06s]
16:39:32.422192 [warn ]: dbt1203: Failed to download deferral manifest from the dbt platform for project 70471823559476, continuing without deferral. 404 Not Found: No deferral environment defined for project with ID 70471823559476 To target a specific environment, set `defer-env-id` in your dbt_project.yml under the `dbt-cloud` block.
16:39:32.619072 [info ]: Started building task graph
16:39:32.619114 [info ]: Finished building task graph [  0.00s]
16:39:32.622484 [info ]: Started scheduling
16:39:32.622532 [info ]: Finished scheduling [  0.00s]
16:39:32.624003 [info ]: Cached model count updated: 1 models (accurate)
16:39:34.214639 [info ]: Started loading project
16:39:34.215417 [info ]: Loading ~/.dbt/profiles.yml
16:39:34.242467 [info ]: Cached model count updated: 1 models (estimate)
16:39:34.242493 [info ]: Cached model count updated: 1 models (accurate)
16:39:34.242523 [info ]: Started scheduling
16:39:34.242567 [info ]: Finished scheduling [  0.00s]
16:39:34.242580 [debug]: Compilation - 0 nodes selected: {}
16:39:34.242599 [warn ]: dbt1092: The selection criterion '+source:retail_ecommerce_dbt.kaggle_retail.retail_online_stg+' does not match any enabled nodes
16:39:34.242610 [warn ]: dbt1601: Nothing to do. Try checking your model configs and model specification args
16:39:34.243589 [info ]: DOWNLOADING deferral manifest
16:39:34.243735 [info ]: Finished loading project [  0.03s]
16:39:34.673891 [warn ]: dbt1203: Failed to download deferral manifest from the dbt platform for project 70471823559476, continuing without deferral. 404 Not Found: No deferral environment defined for project with ID 70471823559476 To target a specific environment, set `defer-env-id` in your dbt_project.yml under the `dbt-cloud` block.
16:39:34.869573 [info ]: Started building task graph
16:39:34.869614 [info ]: Finished building task graph [  0.00s]
16:39:34.873734 [info ]: Started scheduling
16:39:34.873788 [info ]: Finished scheduling [  0.00s]
16:39:34.875077 [info ]: Cached model count updated: 1 models (accurate)
16:39:36.501598 [info ]: Started loading project
16:39:36.502481 [info ]: Loading ~/.dbt/profiles.yml
16:39:36.539783 [info ]: Cached model count updated: 1 models (estimate)
16:39:36.539816 [info ]: Cached model count updated: 1 models (accurate)
16:39:36.539851 [info ]: Started scheduling
16:39:36.539933 [info ]: Finished scheduling [  0.00s]
16:39:36.539959 [debug]: Compilation - 1 nodes selected: {"model.retail_ecommerce_dbt.stg_retail_transaction"}
16:39:36.541353 [info ]: DOWNLOADING deferral manifest
16:39:36.541521 [info ]: Finished loading project [  0.04s]
16:39:36.984691 [warn ]: dbt1203: Failed to download deferral manifest from the dbt platform for project 70471823559476, continuing without deferral. 404 Not Found: No deferral environment defined for project with ID 70471823559476 To target a specific environment, set `defer-env-id` in your dbt_project.yml under the `dbt-cloud` block.
16:39:37.170045 [info ]: Started building task graph
16:39:37.170107 [info ]: Finished building task graph [  0.00s]
16:39:37.170247 [info ]: Started rendering (1 nodes)
16:39:37.170270 [info ]: Started model ga4_data_staging.stg_retail_transaction
16:39:37.170284 [debug]: Started rendering model ga4_data_staging.stg_retail_transaction
16:39:37.171217 [error]: dbt1501: Failed to render SQL not a key type: Source not found for source name: kaggle_retail, table name: retail_ecommerce_dbt
(in models\staging\stg_retail_transaction.sql:3:12)
  --> models\staging\stg_retail_transaction.sql:3:12
16:39:37.171300 [info ]: Started analyzing (1 nodes)
16:39:37.171319 [debug]: Started analyzing model ga4_data_staging.stg_retail_transaction
16:39:37.171338 [debug]: Finished analyzing [  0.00s] model ga4_data_staging.stg_retail_transaction [skipped]
16:39:37.171350 [info ]: Finished analyzing [  0.00s] (1 nodes, 1 skipped, 0 errors)
16:39:37.171358 [info ]:     Failed [-------] model ga4_data_staging.stg_retail_transaction (view)
16:39:37.176298 [info ]: Started scheduling
16:39:37.176362 [info ]: Finished scheduling [  0.00s]
16:39:37.177805 [info ]: Cached model count updated: 1 models (accurate)
16:39:37.177851 [debug]: Finished rendering [  0.01s] model ga4_data_staging.stg_retail_transaction [error]
16:39:37.177869 [info ]: Finished rendering [  0.01s] (1 nodes, 0 skipped, 1 errors)
16:42:07.972486 [info ]: Started loading project
16:42:07.973321 [info ]: Loading ~/.dbt/profiles.yml
16:42:07.998306 [info ]: Cached model count updated: 1 models (estimate)
16:42:07.998335 [info ]: Cached model count updated: 1 models (accurate)
16:42:07.998369 [info ]: Started scheduling
16:42:07.998420 [info ]: Finished scheduling [  0.00s]
16:42:07.998440 [debug]: Compilation - 0 nodes selected: {}
16:42:07.998458 [warn ]: dbt1092: The selection criterion '+source:retail_ecommerce_dbt.kaggle_retail.retail_online_stg' does not match any enabled nodes
16:42:07.998472 [warn ]: dbt1601: Nothing to do. Try checking your model configs and model specification args
16:42:07.999466 [info ]: DOWNLOADING deferral manifest
16:42:07.999508 [info ]: Finished loading project [  0.03s]
16:42:08.663169 [warn ]: dbt1203: Failed to download deferral manifest from the dbt platform for project 70471823559476, continuing without deferral. 404 Not Found: No deferral environment defined for project with ID 70471823559476 To target a specific environment, set `defer-env-id` in your dbt_project.yml under the `dbt-cloud` block.
16:42:08.886298 [info ]: Started building task graph
16:42:08.886342 [info ]: Finished building task graph [  0.00s]
16:42:08.889769 [info ]: Started scheduling
16:42:08.889815 [info ]: Finished scheduling [  0.00s]
16:42:08.890376 [info ]: Cached model count updated: 1 models (accurate)
16:42:10.302294 [info ]: Started loading project
16:42:10.303568 [info ]: Loading ~/.dbt/profiles.yml
16:42:10.333465 [info ]: Cached model count updated: 1 models (estimate)
16:42:10.333497 [info ]: Cached model count updated: 1 models (accurate)
16:42:10.333530 [info ]: Started scheduling
16:42:10.333588 [info ]: Finished scheduling [  0.00s]
16:42:10.333606 [debug]: Compilation - 0 nodes selected: {}
16:42:10.333668 [warn ]: dbt1092: The selection criterion '+source:retail_ecommerce_dbt.kaggle_retail.retail_online_stg' does not match any enabled nodes
16:42:10.333727 [warn ]: dbt1601: Nothing to do. Try checking your model configs and model specification args
16:42:10.335248 [info ]: DOWNLOADING deferral manifest
16:42:10.335318 [info ]: Finished loading project [  0.03s]
16:42:10.716962 [warn ]: dbt1203: Failed to download deferral manifest from the dbt platform for project 70471823559476, continuing without deferral. 404 Not Found: No deferral environment defined for project with ID 70471823559476 To target a specific environment, set `defer-env-id` in your dbt_project.yml under the `dbt-cloud` block.
16:42:10.952481 [info ]: Started building task graph
16:42:10.952560 [info ]: Finished building task graph [  0.00s]
16:42:10.957149 [info ]: Started scheduling
16:42:10.957201 [info ]: Finished scheduling [  0.00s]
16:42:10.957851 [info ]: Cached model count updated: 1 models (accurate)
16:42:12.548749 [info ]: Started loading project
16:42:12.550235 [info ]: Loading ~/.dbt/profiles.yml
16:42:12.627791 [info ]: Cached model count updated: 1 models (estimate)
16:42:12.627839 [info ]: Cached model count updated: 1 models (accurate)
16:42:12.627930 [info ]: Started scheduling
16:42:12.628011 [info ]: Finished scheduling [  0.00s]
16:42:12.628037 [debug]: Compilation - 0 nodes selected: {}
16:42:12.628067 [warn ]: dbt1092: The selection criterion '+source:retail_ecommerce_dbt.kaggle_retail.retail_online_stg+' does not match any enabled nodes
16:42:12.628089 [warn ]: dbt1601: Nothing to do. Try checking your model configs and model specification args
16:42:12.632020 [info ]: DOWNLOADING deferral manifest
16:42:12.632129 [info ]: Finished loading project [  0.08s]
16:42:13.058518 [warn ]: dbt1203: Failed to download deferral manifest from the dbt platform for project 70471823559476, continuing without deferral. 404 Not Found: No deferral environment defined for project with ID 70471823559476 To target a specific environment, set `defer-env-id` in your dbt_project.yml under the `dbt-cloud` block.
16:42:13.292919 [info ]: Started building task graph
16:42:13.292961 [info ]: Finished building task graph [  0.00s]
16:42:13.298391 [info ]: Started scheduling
16:42:13.298477 [info ]: Finished scheduling [  0.00s]
16:42:13.299906 [info ]: Cached model count updated: 1 models (accurate)
16:42:14.889858 [info ]: Started loading project
16:42:14.891259 [info ]: Loading ~/.dbt/profiles.yml
16:42:14.931171 [info ]: Cached model count updated: 1 models (estimate)
16:42:14.931201 [info ]: Cached model count updated: 1 models (accurate)
16:42:14.931225 [info ]: Started scheduling
16:42:14.931267 [info ]: Finished scheduling [  0.00s]
16:42:14.931281 [debug]: Compilation - 1 nodes selected: {"model.retail_ecommerce_dbt.stg_retail_transaction"}
16:42:14.932198 [info ]: DOWNLOADING deferral manifest
16:42:14.932303 [info ]: Finished loading project [  0.04s]
16:42:15.317091 [warn ]: dbt1203: Failed to download deferral manifest from the dbt platform for project 70471823559476, continuing without deferral. 404 Not Found: No deferral environment defined for project with ID 70471823559476 To target a specific environment, set `defer-env-id` in your dbt_project.yml under the `dbt-cloud` block.
16:42:15.482867 [info ]: Started building task graph
16:42:15.482924 [info ]: Finished building task graph [  0.00s]
16:42:15.483063 [info ]: Started rendering (1 nodes)
16:42:15.483085 [info ]: Started model ga4_data_staging.stg_retail_transaction
16:42:15.483098 [debug]: Started rendering model ga4_data_staging.stg_retail_transaction
16:42:15.483903 [error]: dbt1501: Failed to render SQL not a key type: Source not found for source name: kaggle_retail, table name: retail_ecommerce_dbt
(in models\staging\stg_retail_transaction.sql:3:12)
  --> models\staging\stg_retail_transaction.sql:3:12
16:42:15.483976 [info ]: Started analyzing (1 nodes)
16:42:15.483986 [debug]: Started analyzing model ga4_data_staging.stg_retail_transaction
16:42:15.484009 [debug]: Finished analyzing [  0.00s] model ga4_data_staging.stg_retail_transaction [skipped]
16:42:15.484026 [info ]: Finished analyzing [  0.00s] (1 nodes, 1 skipped, 0 errors)
16:42:15.484034 [info ]:     Failed [-------] model ga4_data_staging.stg_retail_transaction (view)
16:42:15.489250 [info ]: Started scheduling
16:42:15.489341 [info ]: Finished scheduling [  0.00s]
16:42:15.492210 [info ]: Cached model count updated: 1 models (accurate)
16:42:15.492311 [debug]: Finished rendering [  0.01s] model ga4_data_staging.stg_retail_transaction [error]
16:42:15.492344 [info ]: Finished rendering [  0.01s] (1 nodes, 0 skipped, 1 errors)
16:42:23.497712 [info ]: Started loading project
16:42:23.498495 [info ]: Loading ~/.dbt/profiles.yml
16:42:23.509829 [info ]: Started parsing
16:42:23.534603 [info ]: Finished loading project [  0.04s]
16:42:23.540508 [debug]: Finished parsing models\staging\stg_retail_transaction.sql [  0.00s]
16:42:23.543375 [warn ]: dbt1097: Configuration paths exist in your dbt_project.yml file which do not apply to any resources.
There are 2 unused configuration paths:
- models.retail_ecommerce_dbt.intermediate
- models.retail_ecommerce_dbt.marts
16:42:23.551533 [info ]: DOWNLOADING deferral manifest
16:42:23.551701 [info ]: Finished parsing [  0.04s]
16:42:23.949328 [warn ]: dbt1203: Failed to download deferral manifest from the dbt platform for project 70471823559476, continuing without deferral. 404 Not Found: No deferral environment defined for project with ID 70471823559476 To target a specific environment, set `defer-env-id` in your dbt_project.yml under the `dbt-cloud` block.
16:42:23.952916 [info ]: Cached model count updated: 1 models (estimate)
16:42:23.952964 [info ]: Cached model count updated: 1 models (accurate)
16:42:23.953017 [info ]: Started scheduling
16:42:23.953769 [info ]: Finished scheduling [  0.00s]
16:42:23.953807 [debug]: Compilation - 1 nodes selected: {"model.retail_ecommerce_dbt.stg_retail_transaction"}
16:42:23.955447 [info ]: DOWNLOADING deferral manifest
16:42:24.335101 [warn ]: dbt1203: Failed to download deferral manifest from the dbt platform for project 70471823559476, continuing without deferral. 404 Not Found: No deferral environment defined for project with ID 70471823559476 To target a specific environment, set `defer-env-id` in your dbt_project.yml under the `dbt-cloud` block.
16:42:24.533091 [info ]: Started building task graph
16:42:24.534930 [info ]: Finished building task graph [  0.00s]
16:42:24.535399 [info ]: Started rendering (1 nodes)
16:42:24.535452 [info ]: Started model ga4_data_staging.stg_retail_transaction
16:42:24.535471 [debug]: Started rendering model ga4_data_staging.stg_retail_transaction
16:42:24.542744 [debug]: Compiled SQL for node model.retail_ecommerce_dbt.stg_retail_transaction at target\.lsp\compiled\retail_ecommerce_dbt\models\staging\stg_retail_transaction.sql
16:42:24.544672 [debug]: Finished rendering [  0.01s] model ga4_data_staging.stg_retail_transaction [success]
16:42:24.544739 [info ]: Finished rendering [  0.01s] (1 nodes, 0 skipped, 0 errors)
16:42:24.544787 [info ]: Started analyzing (1 nodes)
16:42:24.544806 [debug]: Started analyzing model ga4_data_staging.stg_retail_transaction
16:42:24.584122 [debug]: Finished analyzing [  0.04s] model ga4_data_staging.stg_retail_transaction [success]
16:42:24.584158 [info ]: Finished analyzing [  0.04s] (1 nodes, 0 skipped, 0 errors)
16:42:24.584170 [info ]:  Succeeded [  0.05s] model ga4_data_staging.stg_retail_transaction (view)
16:42:24.587481 [info ]: Started scheduling
16:42:24.587560 [info ]: Finished scheduling [  0.00s]
16:42:24.589221 [info ]: Cached model count updated: 1 models (accurate)
16:42:26.211748 [info ]: Started loading project
16:42:26.212468 [info ]: Loading ~/.dbt/profiles.yml
16:42:26.247630 [info ]: Cached model count updated: 1 models (estimate)
16:42:26.247673 [info ]: Cached model count updated: 1 models (accurate)
16:42:26.247709 [info ]: Started scheduling
16:42:26.247777 [info ]: Finished scheduling [  0.00s]
16:42:26.247799 [debug]: Compilation - 1 nodes selected: {"model.retail_ecommerce_dbt.stg_retail_transaction"}
16:42:26.248979 [info ]: DOWNLOADING deferral manifest
16:42:26.249117 [info ]: Finished loading project [  0.04s]
16:42:26.674181 [warn ]: dbt1203: Failed to download deferral manifest from the dbt platform for project 70471823559476, continuing without deferral. 404 Not Found: No deferral environment defined for project with ID 70471823559476 To target a specific environment, set `defer-env-id` in your dbt_project.yml under the `dbt-cloud` block.
16:42:26.678102 [info ]: Cached model count updated: 1 models (accurate)
16:42:26.678873 [info ]: Waiting for lease on 'target' directory
16:42:26.799986 [info ]: Started loading project
16:42:26.801218 [info ]: Loading ~/.dbt/profiles.yml
16:42:26.808395 [info ]: Started parsing
16:42:26.834906 [info ]: Finished loading project [  0.03s]
16:42:26.840655 [debug]: Finished parsing models\staging\stg_retail_transaction.sql [  0.00s]
16:42:26.841237 [warn ]: dbt1097: Configuration paths exist in your dbt_project.yml file which do not apply to any resources.
There are 2 unused configuration paths:
- models.retail_ecommerce_dbt.intermediate
- models.retail_ecommerce_dbt.marts
16:42:26.847670 [info ]: DOWNLOADING deferral manifest
16:42:26.847798 [info ]: Finished parsing [  0.04s]
16:42:27.266354 [warn ]: dbt1203: Failed to download deferral manifest from the dbt platform for project 70471823559476, continuing without deferral. 404 Not Found: No deferral environment defined for project with ID 70471823559476 To target a specific environment, set `defer-env-id` in your dbt_project.yml under the `dbt-cloud` block.
16:42:27.267039 [info ]: Cached model count updated: 1 models (estimate)
16:42:27.267058 [info ]: Cached model count updated: 1 models (accurate)
16:42:27.267087 [info ]: Started scheduling
16:42:27.267153 [info ]: Finished scheduling [  0.00s]
16:42:27.267169 [debug]: Compilation - 1 nodes selected: {"model.retail_ecommerce_dbt.stg_retail_transaction"}
16:42:27.268167 [info ]: DOWNLOADING deferral manifest
16:42:27.693149 [warn ]: dbt1203: Failed to download deferral manifest from the dbt platform for project 70471823559476, continuing without deferral. 404 Not Found: No deferral environment defined for project with ID 70471823559476 To target a specific environment, set `defer-env-id` in your dbt_project.yml under the `dbt-cloud` block.
16:42:27.908385 [info ]: Started building task graph
16:42:27.908453 [info ]: Finished building task graph [  0.00s]
16:42:27.908598 [info ]: Started rendering (1 nodes)
16:42:27.908622 [info ]: Started model ga4_data_staging.stg_retail_transaction
16:42:27.908640 [debug]: Started rendering model ga4_data_staging.stg_retail_transaction
16:42:27.912472 [debug]: Compiled SQL for node model.retail_ecommerce_dbt.stg_retail_transaction at target\.lsp\compiled\retail_ecommerce_dbt\models\staging\stg_retail_transaction.sql
16:42:27.912706 [debug]: Finished rendering [  0.00s] model ga4_data_staging.stg_retail_transaction [success]
16:42:27.912840 [info ]: Finished rendering [  0.00s] (1 nodes, 0 skipped, 0 errors)
16:42:27.913000 [info ]: Started analyzing (1 nodes)
16:42:27.913038 [debug]: Started analyzing model ga4_data_staging.stg_retail_transaction
16:42:27.914297 [debug]: Finished analyzing [  0.00s] model ga4_data_staging.stg_retail_transaction [success]
16:42:27.914369 [info ]: Finished analyzing [  0.00s] (1 nodes, 0 skipped, 0 errors)
16:42:27.914394 [info ]:  Succeeded [  0.01s] model ga4_data_staging.stg_retail_transaction (view)
16:42:27.920301 [info ]: Started scheduling
16:42:27.920420 [info ]: Finished scheduling [  0.00s]
16:42:27.921990 [info ]: Cached model count updated: 1 models (accurate)
16:42:29.520780 [info ]: Started loading project
16:42:29.524048 [info ]: Loading ~/.dbt/profiles.yml
16:42:29.585789 [info ]: Cached model count updated: 1 models (estimate)
16:42:29.585984 [info ]: Cached model count updated: 1 models (accurate)
16:42:29.586184 [info ]: Started scheduling
16:42:29.586403 [info ]: Finished scheduling [  0.00s]
16:42:29.586614 [debug]: Compilation - 1 nodes selected: {"model.retail_ecommerce_dbt.stg_retail_transaction"}
16:42:29.589947 [info ]: DOWNLOADING deferral manifest
16:42:29.590041 [info ]: Finished loading project [  0.07s]
16:42:30.068766 [warn ]: dbt1203: Failed to download deferral manifest from the dbt platform for project 70471823559476, continuing without deferral. 404 Not Found: No deferral environment defined for project with ID 70471823559476 To target a specific environment, set `defer-env-id` in your dbt_project.yml under the `dbt-cloud` block.
16:42:30.494820 [info ]: Started building task graph
16:42:30.494897 [info ]: Finished building task graph [  0.00s]
16:42:30.495088 [info ]: Started rendering (1 nodes)
16:42:30.495119 [info ]: Started model ga4_data_staging.stg_retail_transaction
16:42:30.495136 [debug]: Started rendering model ga4_data_staging.stg_retail_transaction
16:42:30.507711 [debug]: Compiled SQL for node model.retail_ecommerce_dbt.stg_retail_transaction at target\.lsp\compiled\retail_ecommerce_dbt\models\staging\stg_retail_transaction.sql
16:42:30.508071 [debug]: Finished rendering [  0.01s] model ga4_data_staging.stg_retail_transaction [success]
16:42:30.508172 [info ]: Finished rendering [  0.01s] (1 nodes, 0 skipped, 0 errors)
16:42:30.508221 [info ]: Started analyzing (1 nodes)
16:42:30.508268 [debug]: Started analyzing model ga4_data_staging.stg_retail_transaction
16:42:30.508788 [debug]: Finished analyzing [  0.00s] model ga4_data_staging.stg_retail_transaction [success]
16:42:30.508828 [info ]: Finished analyzing [  0.00s] (1 nodes, 0 skipped, 0 errors)
16:42:30.508848 [info ]:  Succeeded [  0.01s] model ga4_data_staging.stg_retail_transaction (view)
16:42:30.516687 [info ]: Started scheduling
16:42:30.516757 [info ]: Finished scheduling [  0.00s]
16:42:30.518683 [info ]: Cached model count updated: 1 models (accurate)
16:42:32.174577 [info ]: Started loading project
16:42:32.175933 [info ]: Loading ~/.dbt/profiles.yml
16:42:32.230998 [info ]: Cached model count updated: 1 models (estimate)
16:42:32.231131 [info ]: Cached model count updated: 1 models (accurate)
16:42:32.231200 [info ]: Started scheduling
16:42:32.231312 [info ]: Finished scheduling [  0.00s]
16:42:32.231356 [debug]: Compilation - 1 nodes selected: {"model.retail_ecommerce_dbt.stg_retail_transaction"}
16:42:32.233153 [info ]: DOWNLOADING deferral manifest
16:42:32.233209 [info ]: Finished loading project [  0.06s]
16:42:32.626051 [warn ]: dbt1203: Failed to download deferral manifest from the dbt platform for project 70471823559476, continuing without deferral. 404 Not Found: No deferral environment defined for project with ID 70471823559476 To target a specific environment, set `defer-env-id` in your dbt_project.yml under the `dbt-cloud` block.
16:42:33.020761 [info ]: Started building task graph
16:42:33.020923 [info ]: Finished building task graph [  0.00s]
16:42:33.021127 [info ]: Started rendering (1 nodes)
16:42:33.021185 [info ]: Started model ga4_data_staging.stg_retail_transaction
16:42:33.021233 [debug]: Started rendering model ga4_data_staging.stg_retail_transaction
16:42:33.022008 [debug]: Compiled SQL for node model.retail_ecommerce_dbt.stg_retail_transaction at target\.lsp\compiled\retail_ecommerce_dbt\models\staging\stg_retail_transaction.sql
16:42:33.024737 [debug]: Finished rendering [  0.00s] model ga4_data_staging.stg_retail_transaction [success]
16:42:33.024771 [info ]: Finished rendering [  0.00s] (1 nodes, 0 skipped, 0 errors)
16:42:33.024821 [info ]: Started analyzing (1 nodes)
16:42:33.024836 [debug]: Started analyzing model ga4_data_staging.stg_retail_transaction
16:42:33.025139 [debug]: Finished analyzing [  0.00s] model ga4_data_staging.stg_retail_transaction [success]
16:42:33.025153 [info ]: Finished analyzing [  0.00s] (1 nodes, 0 skipped, 0 errors)
16:42:33.025164 [info ]:  Succeeded [  0.00s] model ga4_data_staging.stg_retail_transaction (view)
16:42:33.031562 [info ]: Started scheduling
16:42:33.031789 [info ]: Finished scheduling [  0.00s]
16:42:33.036811 [info ]: Cached model count updated: 1 models (accurate)
16:48:06.905081 [info ]: Started loading project
16:48:06.906384 [info ]: Loading ~/.dbt/profiles.yml
16:48:06.931515 [info ]: Cached model count updated: 1 models (estimate)
16:48:06.931548 [info ]: Cached model count updated: 1 models (accurate)
16:48:06.931601 [info ]: Started scheduling
16:48:06.931691 [info ]: Finished scheduling [  0.00s]
16:48:06.931715 [debug]: Compilation - 0 nodes selected: {}
16:48:06.931738 [warn ]: dbt1092: The selection criterion '+source:retail_ecommerce_dbt.kaggle_source.retail_online_stg' does not match any enabled nodes
16:48:06.931751 [warn ]: dbt1601: Nothing to do. Try checking your model configs and model specification args
16:48:06.933180 [info ]: DOWNLOADING deferral manifest
16:48:06.933289 [info ]: Finished loading project [  0.03s]
16:48:07.307287 [warn ]: dbt1203: Failed to download deferral manifest from the dbt platform for project 70471823559476, continuing without deferral. 404 Not Found: No deferral environment defined for project with ID 70471823559476 To target a specific environment, set `defer-env-id` in your dbt_project.yml under the `dbt-cloud` block.
16:48:07.543075 [info ]: Started building task graph
16:48:07.543124 [info ]: Finished building task graph [  0.00s]
16:48:07.546813 [info ]: Started scheduling
16:48:07.546864 [info ]: Finished scheduling [  0.00s]
16:48:07.547532 [info ]: Cached model count updated: 1 models (accurate)
16:48:08.621639 [info ]: Started loading project
16:48:08.622404 [info ]: Loading ~/.dbt/profiles.yml
16:48:08.647809 [info ]: Cached model count updated: 1 models (estimate)
16:48:08.647838 [info ]: Cached model count updated: 1 models (accurate)
16:48:08.647868 [info ]: Started scheduling
16:48:08.647915 [info ]: Finished scheduling [  0.00s]
16:48:08.647929 [debug]: Compilation - 0 nodes selected: {}
16:48:08.647943 [warn ]: dbt1092: The selection criterion '+source:retail_ecommerce_dbt.kaggle_source.retail_online_stg' does not match any enabled nodes
16:48:08.647992 [warn ]: dbt1601: Nothing to do. Try checking your model configs and model specification args
16:48:08.648888 [info ]: DOWNLOADING deferral manifest
16:48:08.648949 [info ]: Finished loading project [  0.03s]
16:48:09.051082 [warn ]: dbt1203: Failed to download deferral manifest from the dbt platform for project 70471823559476, continuing without deferral. 404 Not Found: No deferral environment defined for project with ID 70471823559476 To target a specific environment, set `defer-env-id` in your dbt_project.yml under the `dbt-cloud` block.
16:48:09.249306 [info ]: Started building task graph
16:48:09.249345 [info ]: Finished building task graph [  0.00s]
16:48:09.252707 [info ]: Started scheduling
16:48:09.252759 [info ]: Finished scheduling [  0.00s]
16:48:09.253381 [info ]: Cached model count updated: 1 models (accurate)
16:48:09.255917 [info ]: Waiting for lease on 'target' directory
16:48:09.709630 [info ]: Started loading project
16:48:09.710583 [info ]: Loading ~/.dbt/profiles.yml
16:48:09.736963 [info ]: Cached model count updated: 1 models (estimate)
16:48:09.737021 [info ]: Cached model count updated: 1 models (accurate)
16:48:09.737071 [info ]: Started scheduling
16:48:09.737141 [info ]: Finished scheduling [  0.00s]
16:48:09.737170 [debug]: Compilation - 0 nodes selected: {}
16:48:09.737194 [warn ]: dbt1092: The selection criterion '+source:retail_ecommerce_dbt.kaggle_source.retail_online_stg' does not match any enabled nodes
16:48:09.737209 [warn ]: dbt1601: Nothing to do. Try checking your model configs and model specification args
16:48:09.738820 [info ]: DOWNLOADING deferral manifest
16:48:09.738907 [info ]: Finished loading project [  0.03s]
16:48:10.135407 [warn ]: dbt1203: Failed to download deferral manifest from the dbt platform for project 70471823559476, continuing without deferral. 404 Not Found: No deferral environment defined for project with ID 70471823559476 To target a specific environment, set `defer-env-id` in your dbt_project.yml under the `dbt-cloud` block.
16:48:10.305859 [info ]: Started building task graph
16:48:10.305899 [info ]: Finished building task graph [  0.00s]
16:48:10.309860 [info ]: Started scheduling
16:48:10.309913 [info ]: Finished scheduling [  0.00s]
16:48:10.310664 [info ]: Cached model count updated: 1 models (accurate)
16:48:10.313450 [info ]: Waiting for lease on 'target' directory
16:48:10.761460 [info ]: Started loading project
16:48:10.762737 [info ]: Loading ~/.dbt/profiles.yml
16:48:10.789848 [info ]: Cached model count updated: 1 models (estimate)
16:48:10.789884 [info ]: Cached model count updated: 1 models (accurate)
16:48:10.789925 [info ]: Started scheduling
16:48:10.789991 [info ]: Finished scheduling [  0.00s]
16:48:10.790022 [debug]: Compilation - 0 nodes selected: {}
16:48:10.790043 [warn ]: dbt1092: The selection criterion '+source:retail_ecommerce_dbt.kaggle_source.retail_online_stg' does not match any enabled nodes
16:48:10.790056 [warn ]: dbt1601: Nothing to do. Try checking your model configs and model specification args
16:48:10.791425 [info ]: DOWNLOADING deferral manifest
16:48:10.791549 [info ]: Finished loading project [  0.03s]
16:48:11.184028 [warn ]: dbt1203: Failed to download deferral manifest from the dbt platform for project 70471823559476, continuing without deferral. 404 Not Found: No deferral environment defined for project with ID 70471823559476 To target a specific environment, set `defer-env-id` in your dbt_project.yml under the `dbt-cloud` block.
16:48:11.385044 [info ]: Started building task graph
16:48:11.385088 [info ]: Finished building task graph [  0.00s]
16:48:11.389236 [info ]: Started scheduling
16:48:11.389317 [info ]: Finished scheduling [  0.00s]
16:48:11.390230 [info ]: Cached model count updated: 1 models (accurate)
16:48:11.393543 [info ]: Waiting for lease on 'target' directory
16:48:11.855074 [info ]: Started loading project
16:48:11.855956 [info ]: Loading ~/.dbt/profiles.yml
16:48:11.890167 [info ]: Cached model count updated: 1 models (estimate)
16:48:11.890194 [info ]: Cached model count updated: 1 models (accurate)
16:48:11.890226 [info ]: Started scheduling
16:48:11.890274 [info ]: Finished scheduling [  0.00s]
16:48:11.890289 [debug]: Compilation - 0 nodes selected: {}
16:48:11.890305 [warn ]: dbt1092: The selection criterion '+source:retail_ecommerce_dbt.kaggle_source.retail_online_stg' does not match any enabled nodes
16:48:11.890315 [warn ]: dbt1601: Nothing to do. Try checking your model configs and model specification args
16:48:11.891290 [info ]: DOWNLOADING deferral manifest
16:48:11.891413 [info ]: Finished loading project [  0.04s]
16:48:12.285838 [warn ]: dbt1203: Failed to download deferral manifest from the dbt platform for project 70471823559476, continuing without deferral. 404 Not Found: No deferral environment defined for project with ID 70471823559476 To target a specific environment, set `defer-env-id` in your dbt_project.yml under the `dbt-cloud` block.
16:48:12.484622 [info ]: Started building task graph
16:48:12.484754 [info ]: Finished building task graph [  0.00s]
16:48:12.488382 [info ]: Started scheduling
16:48:12.488439 [info ]: Finished scheduling [  0.00s]
16:48:12.489317 [info ]: Cached model count updated: 1 models (accurate)
16:48:12.492399 [info ]: Waiting for lease on 'target' directory
16:48:12.968779 [info ]: Started loading project
16:48:12.969998 [info ]: Loading ~/.dbt/profiles.yml
16:48:13.008588 [info ]: Cached model count updated: 1 models (estimate)
16:48:13.008630 [info ]: Cached model count updated: 1 models (accurate)
16:48:13.008672 [info ]: Started scheduling
16:48:13.008740 [info ]: Finished scheduling [  0.00s]
16:48:13.008760 [debug]: Compilation - 0 nodes selected: {}
16:48:13.008784 [warn ]: dbt1092: The selection criterion '+source:retail_ecommerce_dbt.kaggle_source.retail_online_stg' does not match any enabled nodes
16:48:13.008797 [warn ]: dbt1601: Nothing to do. Try checking your model configs and model specification args
16:48:13.010030 [info ]: DOWNLOADING deferral manifest
16:48:13.010368 [info ]: Finished loading project [  0.04s]
16:48:13.389724 [warn ]: dbt1203: Failed to download deferral manifest from the dbt platform for project 70471823559476, continuing without deferral. 404 Not Found: No deferral environment defined for project with ID 70471823559476 To target a specific environment, set `defer-env-id` in your dbt_project.yml under the `dbt-cloud` block.
16:48:13.575197 [info ]: Started building task graph
16:48:13.575236 [info ]: Finished building task graph [  0.00s]
16:48:13.579452 [info ]: Started scheduling
16:48:13.579508 [info ]: Finished scheduling [  0.00s]
16:48:13.580091 [info ]: Cached model count updated: 1 models (accurate)
16:48:13.582686 [info ]: Waiting for lease on 'target' directory
16:48:14.034861 [info ]: Started loading project
16:48:14.036194 [info ]: Loading ~/.dbt/profiles.yml
16:48:14.080552 [info ]: Cached model count updated: 1 models (estimate)
16:48:14.080584 [info ]: Cached model count updated: 1 models (accurate)
16:48:14.080618 [info ]: Started scheduling
16:48:14.080671 [info ]: Finished scheduling [  0.00s]
16:48:14.080687 [debug]: Compilation - 0 nodes selected: {}
16:48:14.080705 [warn ]: dbt1092: The selection criterion '+source:retail_ecommerce_dbt.kaggle_source.retail_online_stg' does not match any enabled nodes
16:48:14.080716 [warn ]: dbt1601: Nothing to do. Try checking your model configs and model specification args
16:48:14.081767 [info ]: DOWNLOADING deferral manifest
16:48:14.081929 [info ]: Finished loading project [  0.05s]
16:48:14.483317 [warn ]: dbt1203: Failed to download deferral manifest from the dbt platform for project 70471823559476, continuing without deferral. 404 Not Found: No deferral environment defined for project with ID 70471823559476 To target a specific environment, set `defer-env-id` in your dbt_project.yml under the `dbt-cloud` block.
16:48:14.677743 [info ]: Started building task graph
16:48:14.677879 [info ]: Finished building task graph [  0.00s]
16:48:14.683553 [info ]: Started scheduling
16:48:14.683618 [info ]: Finished scheduling [  0.00s]
16:48:14.684679 [info ]: Cached model count updated: 1 models (accurate)
16:48:14.688173 [info ]: Waiting for lease on 'target' directory
16:48:15.143387 [info ]: Started loading project
16:48:15.144068 [info ]: Loading ~/.dbt/profiles.yml
16:48:15.173794 [info ]: Cached model count updated: 1 models (estimate)
16:48:15.173822 [info ]: Cached model count updated: 1 models (accurate)
16:48:15.173853 [info ]: Started scheduling
16:48:15.173900 [info ]: Finished scheduling [  0.00s]
16:48:15.173917 [debug]: Compilation - 0 nodes selected: {}
16:48:15.173932 [warn ]: dbt1092: The selection criterion '+source:retail_ecommerce_dbt.kaggle_source.retail_online_stg' does not match any enabled nodes
16:48:15.173944 [warn ]: dbt1601: Nothing to do. Try checking your model configs and model specification args
16:48:15.174897 [info ]: DOWNLOADING deferral manifest
16:48:15.174969 [info ]: Finished loading project [  0.03s]
16:48:15.563206 [warn ]: dbt1203: Failed to download deferral manifest from the dbt platform for project 70471823559476, continuing without deferral. 404 Not Found: No deferral environment defined for project with ID 70471823559476 To target a specific environment, set `defer-env-id` in your dbt_project.yml under the `dbt-cloud` block.
16:48:15.776144 [info ]: Started building task graph
16:48:15.776199 [info ]: Finished building task graph [  0.00s]
16:48:15.781457 [info ]: Started scheduling
16:48:15.781560 [info ]: Finished scheduling [  0.00s]
16:48:15.783675 [info ]: Cached model count updated: 1 models (accurate)
16:48:15.788994 [info ]: Waiting for lease on 'target' directory
16:48:16.252687 [info ]: Started loading project
16:48:16.253484 [info ]: Loading ~/.dbt/profiles.yml
16:48:16.275429 [info ]: Cached model count updated: 1 models (estimate)
16:48:16.275458 [info ]: Cached model count updated: 1 models (accurate)
16:48:16.275488 [info ]: Started scheduling
16:48:16.275537 [info ]: Finished scheduling [  0.00s]
16:48:16.275585 [debug]: Compilation - 0 nodes selected: {}
16:48:16.275624 [warn ]: dbt1092: The selection criterion '+source:retail_ecommerce_dbt.kaggle_source.retail_online_stg' does not match any enabled nodes
16:48:16.275642 [warn ]: dbt1601: Nothing to do. Try checking your model configs and model specification args
16:48:16.276812 [info ]: DOWNLOADING deferral manifest
16:48:16.276906 [info ]: Finished loading project [  0.02s]
16:48:16.696912 [warn ]: dbt1203: Failed to download deferral manifest from the dbt platform for project 70471823559476, continuing without deferral. 404 Not Found: No deferral environment defined for project with ID 70471823559476 To target a specific environment, set `defer-env-id` in your dbt_project.yml under the `dbt-cloud` block.
16:48:16.918383 [info ]: Started building task graph
16:48:16.918424 [info ]: Finished building task graph [  0.00s]
16:48:16.921370 [info ]: Started scheduling
16:48:16.921417 [info ]: Finished scheduling [  0.00s]
16:48:16.921966 [info ]: Cached model count updated: 1 models (accurate)
16:48:16.924936 [info ]: Waiting for lease on 'target' directory
16:48:17.375373 [info ]: Started loading project
16:48:17.376739 [info ]: Loading ~/.dbt/profiles.yml
16:48:17.405115 [info ]: Cached model count updated: 1 models (estimate)
16:48:17.405144 [info ]: Cached model count updated: 1 models (accurate)
16:48:17.405173 [info ]: Started scheduling
16:48:17.405220 [info ]: Finished scheduling [  0.00s]
16:48:17.405239 [debug]: Compilation - 0 nodes selected: {}
16:48:17.405255 [warn ]: dbt1092: The selection criterion '+source:retail_ecommerce_dbt.kaggle_source.retail_online_stg' does not match any enabled nodes
16:48:17.405268 [warn ]: dbt1601: Nothing to do. Try checking your model configs and model specification args
16:48:17.406129 [info ]: DOWNLOADING deferral manifest
16:48:17.406304 [info ]: Finished loading project [  0.03s]
16:48:17.795493 [warn ]: dbt1203: Failed to download deferral manifest from the dbt platform for project 70471823559476, continuing without deferral. 404 Not Found: No deferral environment defined for project with ID 70471823559476 To target a specific environment, set `defer-env-id` in your dbt_project.yml under the `dbt-cloud` block.
16:48:18.008927 [info ]: Started building task graph
16:48:18.008972 [info ]: Finished building task graph [  0.00s]
16:48:18.013011 [info ]: Started scheduling
16:48:18.013071 [info ]: Finished scheduling [  0.00s]
16:48:18.014537 [info ]: Cached model count updated: 1 models (accurate)
16:48:18.019713 [info ]: Waiting for lease on 'target' directory
16:48:18.473828 [info ]: Started loading project
16:48:18.475246 [info ]: Loading ~/.dbt/profiles.yml
16:48:18.510012 [info ]: Cached model count updated: 1 models (estimate)
16:48:18.510056 [info ]: Cached model count updated: 1 models (accurate)
16:48:18.510098 [info ]: Started scheduling
16:48:18.510163 [info ]: Finished scheduling [  0.00s]
16:48:18.510183 [debug]: Compilation - 0 nodes selected: {}
16:48:18.510204 [warn ]: dbt1092: The selection criterion '+source:retail_ecommerce_dbt.kaggle_source.retail_online_stg' does not match any enabled nodes
16:48:18.510225 [warn ]: dbt1601: Nothing to do. Try checking your model configs and model specification args
16:48:18.511637 [info ]: DOWNLOADING deferral manifest
16:48:18.511737 [info ]: Finished loading project [  0.04s]
16:48:18.902536 [warn ]: dbt1203: Failed to download deferral manifest from the dbt platform for project 70471823559476, continuing without deferral. 404 Not Found: No deferral environment defined for project with ID 70471823559476 To target a specific environment, set `defer-env-id` in your dbt_project.yml under the `dbt-cloud` block.
16:48:19.087967 [info ]: Started building task graph
16:48:19.088004 [info ]: Finished building task graph [  0.00s]
16:48:19.091798 [info ]: Started scheduling
16:48:19.091859 [info ]: Finished scheduling [  0.00s]
16:48:19.092662 [info ]: Cached model count updated: 1 models (accurate)
16:48:19.096977 [info ]: Waiting for lease on 'target' directory
16:48:19.551952 [info ]: Started loading project
16:48:19.553260 [info ]: Loading ~/.dbt/profiles.yml
16:48:19.583618 [info ]: Cached model count updated: 1 models (estimate)
16:48:19.583646 [info ]: Cached model count updated: 1 models (accurate)
16:48:19.583675 [info ]: Started scheduling
16:48:19.583722 [info ]: Finished scheduling [  0.00s]
16:48:19.583737 [debug]: Compilation - 0 nodes selected: {}
16:48:19.583753 [warn ]: dbt1092: The selection criterion '+source:retail_ecommerce_dbt.kaggle_source.retail_online_stg' does not match any enabled nodes
16:48:19.583763 [warn ]: dbt1601: Nothing to do. Try checking your model configs and model specification args
16:48:19.584754 [info ]: DOWNLOADING deferral manifest
16:48:19.584845 [info ]: Finished loading project [  0.03s]
16:48:19.981704 [warn ]: dbt1203: Failed to download deferral manifest from the dbt platform for project 70471823559476, continuing without deferral. 404 Not Found: No deferral environment defined for project with ID 70471823559476 To target a specific environment, set `defer-env-id` in your dbt_project.yml under the `dbt-cloud` block.
16:48:20.213848 [info ]: Started building task graph
16:48:20.213898 [info ]: Finished building task graph [  0.00s]
16:48:20.218109 [info ]: Started scheduling
16:48:20.218162 [info ]: Finished scheduling [  0.00s]
16:48:20.218772 [info ]: Cached model count updated: 1 models (accurate)
16:48:20.223248 [info ]: Waiting for lease on 'target' directory
16:48:20.676879 [info ]: Started loading project
16:48:20.678155 [info ]: Loading ~/.dbt/profiles.yml
16:48:20.704854 [info ]: Cached model count updated: 1 models (estimate)
16:48:20.704883 [info ]: Cached model count updated: 1 models (accurate)
16:48:20.704920 [info ]: Started scheduling
16:48:20.704970 [info ]: Finished scheduling [  0.00s]
16:48:20.704989 [debug]: Compilation - 0 nodes selected: {}
16:48:20.705006 [warn ]: dbt1092: The selection criterion '+source:retail_ecommerce_dbt.kaggle_source.retail_online_stg' does not match any enabled nodes
16:48:20.705018 [warn ]: dbt1601: Nothing to do. Try checking your model configs and model specification args
16:48:20.706205 [info ]: DOWNLOADING deferral manifest
16:48:20.706322 [info ]: Finished loading project [  0.03s]
16:48:21.105209 [warn ]: dbt1203: Failed to download deferral manifest from the dbt platform for project 70471823559476, continuing without deferral. 404 Not Found: No deferral environment defined for project with ID 70471823559476 To target a specific environment, set `defer-env-id` in your dbt_project.yml under the `dbt-cloud` block.
16:48:21.337767 [info ]: Started building task graph
16:48:21.337810 [info ]: Finished building task graph [  0.00s]
16:48:21.341462 [info ]: Started scheduling
16:48:21.341648 [info ]: Finished scheduling [  0.00s]
16:48:21.342777 [info ]: Cached model count updated: 1 models (accurate)
16:48:21.348490 [info ]: Waiting for lease on 'target' directory
16:48:21.818665 [info ]: Started loading project
16:48:21.819838 [info ]: Loading ~/.dbt/profiles.yml
16:48:21.861871 [info ]: Cached model count updated: 1 models (estimate)
16:48:21.861899 [info ]: Cached model count updated: 1 models (accurate)
16:48:21.861937 [info ]: Started scheduling
16:48:21.862093 [info ]: Finished scheduling [  0.00s]
16:48:21.862168 [debug]: Compilation - 0 nodes selected: {}
16:48:21.862212 [warn ]: dbt1092: The selection criterion '+source:retail_ecommerce_dbt.kaggle_source.retail_online_stg' does not match any enabled nodes
16:48:21.862231 [warn ]: dbt1601: Nothing to do. Try checking your model configs and model specification args
16:48:21.865153 [info ]: Finished loading project [  0.05s]
16:48:21.865102 [info ]: DOWNLOADING deferral manifest
16:48:22.313451 [warn ]: dbt1203: Failed to download deferral manifest from the dbt platform for project 70471823559476, continuing without deferral. 404 Not Found: No deferral environment defined for project with ID 70471823559476 To target a specific environment, set `defer-env-id` in your dbt_project.yml under the `dbt-cloud` block.
16:48:22.499852 [info ]: Started building task graph
16:48:22.499898 [info ]: Finished building task graph [  0.00s]
16:48:22.503858 [info ]: Started scheduling
16:48:22.503938 [info ]: Finished scheduling [  0.00s]
16:48:22.505122 [info ]: Cached model count updated: 1 models (accurate)
16:48:22.510284 [info ]: Waiting for lease on 'target' directory
16:48:22.864428 [info ]: Started loading project
16:48:22.865622 [info ]: Loading ~/.dbt/profiles.yml
16:48:22.903908 [info ]: Cached model count updated: 1 models (estimate)
16:48:22.903945 [info ]: Cached model count updated: 1 models (accurate)
16:48:22.903981 [info ]: Started scheduling
16:48:22.904033 [info ]: Finished scheduling [  0.00s]
16:48:22.904048 [debug]: Compilation - 0 nodes selected: {}
16:48:22.904066 [warn ]: dbt1092: The selection criterion '+source:retail_ecommerce_dbt.kaggle_source.retail_online_stg' does not match any enabled nodes
16:48:22.904077 [warn ]: dbt1601: Nothing to do. Try checking your model configs and model specification args
16:48:22.905127 [info ]: DOWNLOADING deferral manifest
16:48:22.905194 [info ]: Finished loading project [  0.04s]
16:48:23.312115 [warn ]: dbt1203: Failed to download deferral manifest from the dbt platform for project 70471823559476, continuing without deferral. 404 Not Found: No deferral environment defined for project with ID 70471823559476 To target a specific environment, set `defer-env-id` in your dbt_project.yml under the `dbt-cloud` block.
16:48:23.493109 [info ]: Started building task graph
16:48:23.493148 [info ]: Finished building task graph [  0.00s]
16:48:23.496662 [info ]: Started scheduling
16:48:23.496714 [info ]: Finished scheduling [  0.00s]
16:48:23.497337 [info ]: Cached model count updated: 1 models (accurate)
16:48:24.333992 [info ]: Started loading project
16:48:24.334799 [info ]: Loading ~/.dbt/profiles.yml
16:48:24.371336 [info ]: Cached model count updated: 1 models (estimate)
16:48:24.371378 [info ]: Cached model count updated: 1 models (accurate)
16:48:24.371421 [info ]: Started scheduling
16:48:24.371496 [info ]: Finished scheduling [  0.00s]
16:48:24.371517 [debug]: Compilation - 0 nodes selected: {}
16:48:24.371539 [warn ]: dbt1092: The selection criterion '+source:retail_ecommerce_dbt.kaggle_source.retail_online_stg' does not match any enabled nodes
16:48:24.371552 [warn ]: dbt1601: Nothing to do. Try checking your model configs and model specification args
16:48:24.372941 [info ]: DOWNLOADING deferral manifest
16:48:24.373111 [info ]: Finished loading project [  0.04s]
16:48:24.777237 [warn ]: dbt1203: Failed to download deferral manifest from the dbt platform for project 70471823559476, continuing without deferral. 404 Not Found: No deferral environment defined for project with ID 70471823559476 To target a specific environment, set `defer-env-id` in your dbt_project.yml under the `dbt-cloud` block.
16:48:24.947411 [info ]: Started building task graph
16:48:24.947450 [info ]: Finished building task graph [  0.00s]
16:48:24.951258 [info ]: Started scheduling
16:48:24.951311 [info ]: Finished scheduling [  0.00s]
16:48:24.951920 [info ]: Cached model count updated: 1 models (accurate)
16:48:25.195449 [info ]: Waiting for lease on 'target' directory
16:48:25.462930 [info ]: Started loading project
16:48:25.465430 [info ]: Loading ~/.dbt/profiles.yml
16:48:25.502532 [info ]: Cached model count updated: 1 models (estimate)
16:48:25.502564 [info ]: Cached model count updated: 1 models (accurate)
16:48:25.502597 [info ]: Started scheduling
16:48:25.502651 [info ]: Finished scheduling [  0.00s]
16:48:25.502670 [debug]: Compilation - 0 nodes selected: {}
16:48:25.502688 [warn ]: dbt1092: The selection criterion '+source:retail_ecommerce_dbt.kaggle_source.retail_online_stg' does not match any enabled nodes
16:48:25.502699 [warn ]: dbt1601: Nothing to do. Try checking your model configs and model specification args
16:48:25.503767 [info ]: DOWNLOADING deferral manifest
16:48:25.503854 [info ]: Finished loading project [  0.04s]
16:48:25.910585 [warn ]: dbt1203: Failed to download deferral manifest from the dbt platform for project 70471823559476, continuing without deferral. 404 Not Found: No deferral environment defined for project with ID 70471823559476 To target a specific environment, set `defer-env-id` in your dbt_project.yml under the `dbt-cloud` block.
16:48:26.119170 [info ]: Started building task graph
16:48:26.119246 [info ]: Finished building task graph [  0.00s]
16:48:26.123007 [info ]: Started scheduling
16:48:26.123051 [info ]: Finished scheduling [  0.00s]
16:48:26.124084 [info ]: Cached model count updated: 1 models (accurate)
16:48:27.734221 [info ]: Started loading project
16:48:27.735612 [info ]: Loading ~/.dbt/profiles.yml
16:48:27.811523 [info ]: Cached model count updated: 1 models (estimate)
16:48:27.811794 [info ]: Cached model count updated: 1 models (accurate)
16:48:27.811871 [info ]: Started scheduling
16:48:27.811956 [info ]: Finished scheduling [  0.00s]
16:48:27.811999 [debug]: Compilation - 0 nodes selected: {}
16:48:27.812045 [warn ]: dbt1092: The selection criterion '+source:retail_ecommerce_dbt.kaggle_source.retail_online_stg+' does not match any enabled nodes
16:48:27.812084 [warn ]: dbt1601: Nothing to do. Try checking your model configs and model specification args
16:48:27.820749 [info ]: DOWNLOADING deferral manifest
16:48:27.822102 [info ]: Finished loading project [  0.09s]
16:48:28.266541 [warn ]: dbt1203: Failed to download deferral manifest from the dbt platform for project 70471823559476, continuing without deferral. 404 Not Found: No deferral environment defined for project with ID 70471823559476 To target a specific environment, set `defer-env-id` in your dbt_project.yml under the `dbt-cloud` block.
16:48:28.636519 [info ]: Started building task graph
16:48:28.636629 [info ]: Finished building task graph [  0.00s]
16:48:28.641949 [info ]: Started scheduling
16:48:28.642023 [info ]: Finished scheduling [  0.00s]
16:48:28.644519 [info ]: Cached model count updated: 1 models (accurate)
16:48:30.242333 [info ]: Started loading project
16:48:30.243658 [info ]: Loading ~/.dbt/profiles.yml
16:48:30.276941 [info ]: Cached model count updated: 1 models (estimate)
16:48:30.276974 [info ]: Cached model count updated: 1 models (accurate)
16:48:30.277001 [info ]: Started scheduling
16:48:30.277060 [info ]: Finished scheduling [  0.00s]
16:48:30.277074 [debug]: Compilation - 1 nodes selected: {"model.retail_ecommerce_dbt.stg_retail_transaction"}
16:48:30.277984 [info ]: DOWNLOADING deferral manifest
16:48:30.278157 [info ]: Finished loading project [  0.04s]
16:48:30.675830 [warn ]: dbt1203: Failed to download deferral manifest from the dbt platform for project 70471823559476, continuing without deferral. 404 Not Found: No deferral environment defined for project with ID 70471823559476 To target a specific environment, set `defer-env-id` in your dbt_project.yml under the `dbt-cloud` block.
16:48:30.862428 [info ]: Started building task graph
16:48:30.862497 [info ]: Finished building task graph [  0.00s]
16:48:30.862651 [info ]: Started rendering (1 nodes)
16:48:30.862678 [info ]: Started model ga4_data_staging.stg_retail_transaction
16:48:30.862696 [debug]: Started rendering model ga4_data_staging.stg_retail_transaction
16:48:30.863260 [debug]: Compiled SQL for node model.retail_ecommerce_dbt.stg_retail_transaction at target\.lsp\compiled\retail_ecommerce_dbt\models\staging\stg_retail_transaction.sql
16:48:30.863371 [debug]: Finished rendering [  0.00s] model ga4_data_staging.stg_retail_transaction [success]
16:48:30.863398 [info ]: Finished rendering [  0.00s] (1 nodes, 0 skipped, 0 errors)
16:48:30.863417 [info ]: Started analyzing (1 nodes)
16:48:30.863424 [debug]: Started analyzing model ga4_data_staging.stg_retail_transaction
16:48:30.863855 [debug]: Finished analyzing [  0.00s] model ga4_data_staging.stg_retail_transaction [success]
16:48:30.863875 [info ]: Finished analyzing [  0.00s] (1 nodes, 0 skipped, 0 errors)
16:48:30.863888 [info ]:  Succeeded [-------] model ga4_data_staging.stg_retail_transaction (view)
16:48:30.867927 [info ]: Started scheduling
16:48:30.867980 [info ]: Finished scheduling [  0.00s]
16:48:30.869909 [info ]: Cached model count updated: 1 models (accurate)
16:54:48.331873 [info ]: Loading ~/.dbt/profiles.yml
16:54:48.373250 [info ]: Started loading project
16:54:48.373975 [info ]: Loading ~/.dbt/profiles.yml
16:54:48.374433 [info ]: Finished loading project [  0.00s]
16:54:48.374525 [info ]: Cached model count updated: 1 models (accurate)
16:54:48.748771 [info ]: Loading ~/.dbt/profiles.yml
16:54:49.236924 [info ]: Loading ~/.dbt/profiles.yml
16:54:49.972032 [info ]: Loading ~/.dbt/profiles.yml
16:54:49.980534 [info ]: Started loading project
16:54:49.982099 [info ]: Loading ~/.dbt/profiles.yml
16:54:49.983292 [info ]: Finished loading project [  0.00s]
16:54:49.983370 [info ]: Cached model count updated: 1 models (accurate)
16:54:50.318684 [info ]: Loading ~/.dbt/profiles.yml
16:54:50.949244 [info ]: Loading ~/.dbt/profiles.yml
16:55:57.033615 [info ]: Loading ~/.dbt/profiles.yml
16:55:57.070843 [info ]: Started loading project
16:55:57.071826 [info ]: Loading ~/.dbt/profiles.yml
16:55:57.078514 [info ]: Started loading project
16:55:57.079763 [info ]: Loading ~/.dbt/profiles.yml
16:55:57.079948 [info ]: Finished loading project [  0.01s]
16:55:57.089464 [debug]:    Started loading packages
16:55:57.092883 [debug]:     Loaded [  0.00s] packages
16:55:57.093830 [info ]: Started parsing
16:55:57.124703 [info ]: Finished loading project [  0.05s]
16:55:57.126726 [debug]: Finished parsing models\schema.yml [  0.00s]
16:55:57.127133 [debug]: Finished parsing models\sources.yml [  0.00s]
16:55:57.131255 [debug]: Finished parsing models\staging\stg_retail_transaction.sql [  0.00s]
16:55:57.132038 [warn ]: dbt1097: Configuration paths exist in your dbt_project.yml file which do not apply to any resources.
There are 2 unused configuration paths:
- models.retail_ecommerce_dbt.intermediate
- models.retail_ecommerce_dbt.marts
16:55:57.136674 [info ]: DOWNLOADING deferral manifest
16:55:57.136800 [info ]: Finished parsing [  0.04s]
16:55:57.825192 [warn ]: dbt1203: Failed to download deferral manifest from the dbt platform for project 70471823559476, continuing without deferral. 404 Not Found: No deferral environment defined for project with ID 70471823559476 To target a specific environment, set `defer-env-id` in your dbt_project.yml under the `dbt-cloud` block.
16:55:57.836528 [info ]: Waiting for lease on 'target' directory
16:55:58.082895 [info ]: Loading ~/.dbt/profiles.yml
16:55:58.198810 [info ]: Started loading project
16:55:58.200215 [info ]: Loading ~/.dbt/profiles.yml
16:55:58.209775 [debug]:    Started loading packages
16:55:58.212700 [debug]:     Loaded [  0.00s] packages
16:55:58.213836 [info ]: Started parsing
16:55:58.275153 [info ]: Finished loading project [  0.08s]
16:55:58.278758 [debug]: Finished parsing models\schema.yml [  0.00s]
16:55:58.279482 [debug]: Finished parsing models\sources.yml [  0.00s]
16:55:58.290577 [debug]: Finished parsing models\staging\stg_retail_transaction.sql [  0.01s]
16:55:58.292088 [warn ]: dbt1097: Configuration paths exist in your dbt_project.yml file which do not apply to any resources.
There are 2 unused configuration paths:
- models.retail_ecommerce_dbt.intermediate
- models.retail_ecommerce_dbt.marts
16:55:58.304553 [info ]: DOWNLOADING deferral manifest
16:55:58.304643 [info ]: Finished parsing [  0.09s]
16:55:58.723111 [warn ]: dbt1203: Failed to download deferral manifest from the dbt platform for project 70471823559476, continuing without deferral. 404 Not Found: No deferral environment defined for project with ID 70471823559476 To target a specific environment, set `defer-env-id` in your dbt_project.yml under the `dbt-cloud` block.
16:55:58.727116 [info ]: Cached model count updated: 1 models (estimate)
16:55:58.727162 [info ]: Cached model count updated: 1 models (accurate)
16:55:58.727214 [info ]: Started scheduling
16:55:58.727271 [info ]: Finished scheduling [  0.00s]
16:55:58.727292 [debug]: Compilation - 0 nodes selected: {}
16:55:58.727478 [warn ]: dbt1092: The selection criterion '' does not match any enabled nodes
16:55:58.727508 [warn ]: dbt1601: Nothing to do. Try checking your model configs and model specification args
16:55:58.727528 [info ]: Started scheduling
16:55:58.727597 [info ]: Finished scheduling [  0.00s]
16:55:58.728558 [debug]: Initializing schema store with entry: Frontier(CanonicalFqn { catalog: "ga4-project-496021", schema: "ga4_data", table: "retail_online_stg" }) and interval: None
16:55:58.732915 [info ]: DOWNLOADING deferral manifest
16:55:59.152877 [warn ]: dbt1203: Failed to download deferral manifest from the dbt platform for project 70471823559476, continuing without deferral. 404 Not Found: No deferral environment defined for project with ID 70471823559476 To target a specific environment, set `defer-env-id` in your dbt_project.yml under the `dbt-cloud` block.
16:55:59.484974 [info ]: Started building task graph
16:55:59.485894 [info ]: Finished building task graph [  0.00s]
16:55:59.495262 [info ]: Started scheduling
16:55:59.495414 [info ]: Finished scheduling [  0.00s]
16:55:59.498395 [info ]: Cached model count updated: 1 models (accurate)
16:56:01.117826 [info ]: Started loading project
16:56:01.120403 [info ]: Loading ~/.dbt/profiles.yml
16:56:01.178375 [info ]: Cached model count updated: 1 models (estimate)
16:56:01.178418 [info ]: Cached model count updated: 1 models (accurate)
16:56:01.178453 [info ]: Started scheduling
16:56:01.178521 [info ]: Finished scheduling [  0.00s]
16:56:01.178549 [debug]: Compilation - 1 nodes selected: {"model.retail_ecommerce_dbt.stg_retail_transaction"}
16:56:01.180502 [info ]: DOWNLOADING deferral manifest
16:56:01.180622 [info ]: Finished loading project [  0.06s]
16:56:01.872565 [warn ]: dbt1203: Failed to download deferral manifest from the dbt platform for project 70471823559476, continuing without deferral. 404 Not Found: No deferral environment defined for project with ID 70471823559476 To target a specific environment, set `defer-env-id` in your dbt_project.yml under the `dbt-cloud` block.
16:56:02.265683 [info ]: Started building task graph
16:56:02.265811 [info ]: Finished building task graph [  0.00s]
16:56:02.266180 [info ]: Started rendering (1 nodes)
16:56:02.266268 [info ]: Started model ga4_data_staging.stg_retail_transaction
16:56:02.266309 [debug]: Started rendering model ga4_data_staging.stg_retail_transaction
16:56:02.275985 [debug]: Compiled SQL for node model.retail_ecommerce_dbt.stg_retail_transaction at target\.lsp\compiled\retail_ecommerce_dbt\models\staging\stg_retail_transaction.sql
16:56:02.277345 [debug]: Finished rendering [  0.01s] model ga4_data_staging.stg_retail_transaction [success]
16:56:02.277447 [info ]: Finished rendering [  0.01s] (1 nodes, 0 skipped, 0 errors)
16:56:02.277525 [info ]: Started analyzing (1 nodes)
16:56:02.277574 [debug]: Started analyzing model ga4_data_staging.stg_retail_transaction
16:56:02.278309 [debug]: Finished analyzing [  0.00s] model ga4_data_staging.stg_retail_transaction [success]
16:56:02.278368 [info ]: Finished analyzing [  0.00s] (1 nodes, 0 skipped, 0 errors)
16:56:02.278394 [info ]:  Succeeded [  0.01s] model ga4_data_staging.stg_retail_transaction (view)
16:56:02.289716 [info ]: Started scheduling
16:56:02.290014 [info ]: Finished scheduling [  0.00s]
16:56:02.293865 [info ]: Cached model count updated: 1 models (accurate)
16:56:09.809042 [info ]: Started loading project
16:56:09.810000 [info ]: Loading ~/.dbt/profiles.yml
16:56:09.840885 [info ]: Cached model count updated: 1 models (estimate)
16:56:09.840916 [info ]: Cached model count updated: 1 models (accurate)
16:56:09.840949 [info ]: Started scheduling
16:56:09.841007 [info ]: Finished scheduling [  0.00s]
16:56:09.841026 [debug]: Compilation - 0 nodes selected: {}
16:56:09.841044 [warn ]: dbt1092: The selection criterion '+source:retail_ecommerce_dbt.kaggle_retail.retail_online_stg' does not match any enabled nodes
16:56:09.841056 [warn ]: dbt1601: Nothing to do. Try checking your model configs and model specification args
16:56:09.842616 [info ]: DOWNLOADING deferral manifest
16:56:09.842674 [info ]: Finished loading project [  0.03s]
16:56:10.250303 [warn ]: dbt1203: Failed to download deferral manifest from the dbt platform for project 70471823559476, continuing without deferral. 404 Not Found: No deferral environment defined for project with ID 70471823559476 To target a specific environment, set `defer-env-id` in your dbt_project.yml under the `dbt-cloud` block.
16:56:10.495861 [info ]: Started building task graph
16:56:10.495901 [info ]: Finished building task graph [  0.00s]
16:56:10.501616 [info ]: Started scheduling
16:56:10.501675 [info ]: Finished scheduling [  0.00s]
16:56:10.502307 [info ]: Cached model count updated: 1 models (accurate)
16:56:10.506149 [info ]: Waiting for lease on 'target' directory
16:56:10.853494 [info ]: Started loading project
16:56:10.854872 [info ]: Loading ~/.dbt/profiles.yml
16:56:10.894720 [info ]: Cached model count updated: 1 models (estimate)
16:56:10.894761 [info ]: Cached model count updated: 1 models (accurate)
16:56:10.894812 [info ]: Started scheduling
16:56:10.894884 [info ]: Finished scheduling [  0.00s]
16:56:10.894908 [debug]: Compilation - 0 nodes selected: {}
16:56:10.894931 [warn ]: dbt1092: The selection criterion '+source:retail_ecommerce_dbt.kaggle_retail.retail_online_stg' does not match any enabled nodes
16:56:10.894945 [warn ]: dbt1601: Nothing to do. Try checking your model configs and model specification args
16:56:10.896163 [info ]: DOWNLOADING deferral manifest
16:56:10.896233 [info ]: Finished loading project [  0.04s]
16:56:11.302945 [warn ]: dbt1203: Failed to download deferral manifest from the dbt platform for project 70471823559476, continuing without deferral. 404 Not Found: No deferral environment defined for project with ID 70471823559476 To target a specific environment, set `defer-env-id` in your dbt_project.yml under the `dbt-cloud` block.
16:56:11.785755 [info ]: Started building task graph
16:56:11.785809 [info ]: Finished building task graph [  0.00s]
16:56:11.791887 [info ]: Started scheduling
16:56:11.791969 [info ]: Finished scheduling [  0.00s]
16:56:11.793130 [info ]: Cached model count updated: 1 models (accurate)
16:56:11.800822 [info ]: Waiting for lease on 'target' directory
16:56:11.975733 [info ]: Started loading project
16:56:11.976944 [info ]: Loading ~/.dbt/profiles.yml
16:56:12.021255 [info ]: Cached model count updated: 1 models (estimate)
16:56:12.021342 [info ]: Cached model count updated: 1 models (accurate)
16:56:12.021413 [info ]: Started scheduling
16:56:12.021506 [info ]: Finished scheduling [  0.00s]
16:56:12.021556 [debug]: Compilation - 0 nodes selected: {}
16:56:12.021606 [warn ]: dbt1092: The selection criterion '+source:retail_ecommerce_dbt.kaggle_retail.retail_online_stg' does not match any enabled nodes
16:56:12.021649 [warn ]: dbt1601: Nothing to do. Try checking your model configs and model specification args
16:56:12.023377 [info ]: Finished loading project [  0.05s]
16:56:12.023445 [info ]: DOWNLOADING deferral manifest
16:56:12.478609 [warn ]: dbt1203: Failed to download deferral manifest from the dbt platform for project 70471823559476, continuing without deferral. 404 Not Found: No deferral environment defined for project with ID 70471823559476 To target a specific environment, set `defer-env-id` in your dbt_project.yml under the `dbt-cloud` block.
16:56:12.698677 [info ]: Started building task graph
16:56:12.698731 [info ]: Finished building task graph [  0.00s]
16:56:12.702280 [info ]: Started scheduling
16:56:12.702335 [info ]: Finished scheduling [  0.00s]
16:56:12.703251 [info ]: Cached model count updated: 1 models (accurate)
16:56:12.707246 [info ]: Waiting for lease on 'target' directory
16:56:13.066040 [info ]: Started loading project
16:56:13.066769 [info ]: Loading ~/.dbt/profiles.yml
16:56:13.092539 [info ]: Cached model count updated: 1 models (estimate)
16:56:13.092566 [info ]: Cached model count updated: 1 models (accurate)
16:56:13.092600 [info ]: Started scheduling
16:56:13.092650 [info ]: Finished scheduling [  0.00s]
16:56:13.092674 [debug]: Compilation - 0 nodes selected: {}
16:56:13.092692 [warn ]: dbt1092: The selection criterion '+source:retail_ecommerce_dbt.kaggle_retail.retail_online_stg' does not match any enabled nodes
16:56:13.092703 [warn ]: dbt1601: Nothing to do. Try checking your model configs and model specification args
16:56:13.094000 [info ]: DOWNLOADING deferral manifest
16:56:13.094167 [info ]: Finished loading project [  0.03s]
16:56:13.531008 [warn ]: dbt1203: Failed to download deferral manifest from the dbt platform for project 70471823559476, continuing without deferral. 404 Not Found: No deferral environment defined for project with ID 70471823559476 To target a specific environment, set `defer-env-id` in your dbt_project.yml under the `dbt-cloud` block.
16:56:13.712293 [info ]: Started building task graph
16:56:13.712335 [info ]: Finished building task graph [  0.00s]
16:56:13.714704 [info ]: Started scheduling
16:56:13.714748 [info ]: Finished scheduling [  0.00s]
16:56:13.715295 [info ]: Cached model count updated: 1 models (accurate)
16:56:13.718075 [info ]: Waiting for lease on 'target' directory
16:56:14.175595 [info ]: Started loading project
16:56:14.176799 [info ]: Loading ~/.dbt/profiles.yml
16:56:14.216814 [info ]: Cached model count updated: 1 models (estimate)
16:56:14.216846 [info ]: Cached model count updated: 1 models (accurate)
16:56:14.216881 [info ]: Started scheduling
16:56:14.216938 [info ]: Finished scheduling [  0.00s]
16:56:14.216954 [debug]: Compilation - 0 nodes selected: {}
16:56:14.216972 [warn ]: dbt1092: The selection criterion '+source:retail_ecommerce_dbt.kaggle_retail.retail_online_stg' does not match any enabled nodes
16:56:14.216984 [warn ]: dbt1601: Nothing to do. Try checking your model configs and model specification args
16:56:14.218448 [info ]: DOWNLOADING deferral manifest
16:56:14.218552 [info ]: Finished loading project [  0.04s]
16:56:14.656046 [warn ]: dbt1203: Failed to download deferral manifest from the dbt platform for project 70471823559476, continuing without deferral. 404 Not Found: No deferral environment defined for project with ID 70471823559476 To target a specific environment, set `defer-env-id` in your dbt_project.yml under the `dbt-cloud` block.
16:56:14.886669 [info ]: Started building task graph
16:56:14.886710 [info ]: Finished building task graph [  0.00s]
16:56:14.892589 [info ]: Cached model count updated: 1 models (accurate)
16:56:14.893170 [info ]: Waiting for lease on 'target' directory
16:56:15.229580 [info ]: Cached model count updated: 1 models (accurate)
16:56:15.230617 [info ]: Waiting for lease on 'target' directory
16:56:15.796295 [info ]: Started loading project
16:56:15.798580 [info ]: Loading ~/.dbt/profiles.yml
16:56:15.823446 [info ]: Started parsing
16:56:15.855951 [info ]: Finished loading project [  0.06s]
16:56:15.857312 [debug]: Finished parsing models\sources.yml [  0.00s]
16:56:15.861471 [debug]: Finished parsing models\staging\stg_retail_transaction.sql [  0.00s]
16:56:15.862305 [error]: dbt1048: Source 'kaggle_retail.retail_online_stg' not found in project. Searched for 'retail_online_stg'
  --> models\staging\stg_retail_transaction.sql:3:12
16:56:15.862885 [warn ]: dbt1097: Configuration paths exist in your dbt_project.yml file which do not apply to any resources.
There are 2 unused configuration paths:
- models.retail_ecommerce_dbt.intermediate
- models.retail_ecommerce_dbt.marts
16:56:15.872488 [info ]: DOWNLOADING deferral manifest
16:56:15.872579 [info ]: Finished parsing [  0.05s]
16:56:16.283716 [warn ]: dbt1203: Failed to download deferral manifest from the dbt platform for project 70471823559476, continuing without deferral. 404 Not Found: No deferral environment defined for project with ID 70471823559476 To target a specific environment, set `defer-env-id` in your dbt_project.yml under the `dbt-cloud` block.
16:56:16.285698 [info ]: Cached model count updated: 1 models (estimate)
16:56:16.285740 [info ]: Cached model count updated: 1 models (accurate)
16:56:16.285788 [info ]: Started scheduling
16:56:16.285861 [info ]: Finished scheduling [  0.00s]
16:56:16.285890 [debug]: Compilation - 0 nodes selected: {}
16:56:16.285927 [warn ]: dbt1092: The selection criterion '+source:retail_ecommerce_dbt.kaggle_retail.retail_online_raw' does not match any enabled nodes
16:56:16.285952 [warn ]: dbt1601: Nothing to do. Try checking your model configs and model specification args
16:56:16.289878 [info ]: DOWNLOADING deferral manifest
16:56:16.740404 [warn ]: dbt1203: Failed to download deferral manifest from the dbt platform for project 70471823559476, continuing without deferral. 404 Not Found: No deferral environment defined for project with ID 70471823559476 To target a specific environment, set `defer-env-id` in your dbt_project.yml under the `dbt-cloud` block.
16:56:17.169231 [info ]: Started building task graph
16:56:17.169315 [info ]: Finished building task graph [  0.00s]
16:56:17.174612 [info ]: Started scheduling
16:56:17.174721 [info ]: Finished scheduling [  0.00s]
16:56:17.176788 [info ]: Cached model count updated: 1 models (accurate)
16:56:17.206583 [info ]: Waiting for lease on 'target' directory
16:56:17.356758 [info ]: Started loading project
16:56:17.358158 [info ]: Loading ~/.dbt/profiles.yml
16:56:17.402671 [info ]: Cached model count updated: 1 models (estimate)
16:56:17.402717 [info ]: Cached model count updated: 1 models (accurate)
16:56:17.402760 [info ]: Started scheduling
16:56:17.402823 [info ]: Finished scheduling [  0.00s]
16:56:17.402850 [debug]: Compilation - 0 nodes selected: {}
16:56:17.402874 [warn ]: dbt1092: The selection criterion '+source:retail_ecommerce_dbt.kaggle_retail.retail_online_raw' does not match any enabled nodes
16:56:17.402895 [warn ]: dbt1601: Nothing to do. Try checking your model configs and model specification args
16:56:17.404621 [info ]: DOWNLOADING deferral manifest
16:56:17.404687 [info ]: Finished loading project [  0.05s]
16:56:17.830394 [warn ]: dbt1203: Failed to download deferral manifest from the dbt platform for project 70471823559476, continuing without deferral. 404 Not Found: No deferral environment defined for project with ID 70471823559476 To target a specific environment, set `defer-env-id` in your dbt_project.yml under the `dbt-cloud` block.
16:56:18.179944 [info ]: Started building task graph
16:56:18.179999 [info ]: Finished building task graph [  0.00s]
16:56:18.185087 [info ]: Started scheduling
16:56:18.185164 [info ]: Finished scheduling [  0.00s]
16:56:18.186378 [info ]: Cached model count updated: 1 models (accurate)
16:56:19.766335 [info ]: Started loading project
16:56:19.767506 [info ]: Loading ~/.dbt/profiles.yml
16:56:19.823750 [info ]: Cached model count updated: 1 models (estimate)
16:56:19.823788 [info ]: Cached model count updated: 1 models (accurate)
16:56:19.823824 [info ]: Started scheduling
16:56:19.823878 [info ]: Finished scheduling [  0.00s]
16:56:19.823904 [debug]: Compilation - 0 nodes selected: {}
16:56:19.823926 [warn ]: dbt1092: The selection criterion '+source:retail_ecommerce_dbt.kaggle_retail.retail_online_raw+' does not match any enabled nodes
16:56:19.823945 [warn ]: dbt1601: Nothing to do. Try checking your model configs and model specification args
16:56:19.826307 [info ]: DOWNLOADING deferral manifest
16:56:19.826452 [info ]: Finished loading project [  0.06s]
16:56:20.246984 [warn ]: dbt1203: Failed to download deferral manifest from the dbt platform for project 70471823559476, continuing without deferral. 404 Not Found: No deferral environment defined for project with ID 70471823559476 To target a specific environment, set `defer-env-id` in your dbt_project.yml under the `dbt-cloud` block.
16:56:20.525151 [info ]: Started building task graph
16:56:20.525197 [info ]: Finished building task graph [  0.00s]
16:56:20.527752 [info ]: Started scheduling
16:56:20.527822 [info ]: Finished scheduling [  0.00s]
16:56:20.530314 [info ]: Cached model count updated: 1 models (accurate)
16:56:20.740881 [info ]: Waiting for lease on 'target' directory
16:56:20.885149 [info ]: Started loading project
16:56:20.886687 [info ]: Loading ~/.dbt/profiles.yml
16:56:20.923944 [info ]: Cached model count updated: 1 models (estimate)
16:56:20.923975 [info ]: Cached model count updated: 1 models (accurate)
16:56:20.924014 [info ]: Started scheduling
16:56:20.924065 [info ]: Finished scheduling [  0.00s]
16:56:20.924085 [debug]: Compilation - 0 nodes selected: {}
16:56:20.924103 [warn ]: dbt1092: The selection criterion '+source:retail_ecommerce_dbt.kaggle_retail.retail_online_raw' does not match any enabled nodes
16:56:20.924114 [warn ]: dbt1601: Nothing to do. Try checking your model configs and model specification args
16:56:20.925991 [info ]: DOWNLOADING deferral manifest
16:56:20.926098 [info ]: Finished loading project [  0.04s]
16:56:21.377495 [warn ]: dbt1203: Failed to download deferral manifest from the dbt platform for project 70471823559476, continuing without deferral. 404 Not Found: No deferral environment defined for project with ID 70471823559476 To target a specific environment, set `defer-env-id` in your dbt_project.yml under the `dbt-cloud` block.
16:56:21.581383 [info ]: Started building task graph
16:56:21.581426 [info ]: Finished building task graph [  0.00s]
16:56:21.585880 [info ]: Started scheduling
16:56:21.585940 [info ]: Finished scheduling [  0.00s]
16:56:21.586828 [info ]: Cached model count updated: 1 models (accurate)
16:56:23.197868 [info ]: Started loading project
16:56:23.199815 [info ]: Loading ~/.dbt/profiles.yml
16:56:23.239742 [info ]: Cached model count updated: 1 models (estimate)
16:56:23.239771 [info ]: Cached model count updated: 1 models (accurate)
16:56:23.239803 [info ]: Started scheduling
16:56:23.239849 [info ]: Finished scheduling [  0.00s]
16:56:23.239867 [debug]: Compilation - 0 nodes selected: {}
16:56:23.239885 [warn ]: dbt1092: The selection criterion '+source:retail_ecommerce_dbt.kaggle_retail.retail_online_raw+' does not match any enabled nodes
16:56:23.239898 [warn ]: dbt1601: Nothing to do. Try checking your model configs and model specification args
16:56:23.240903 [info ]: DOWNLOADING deferral manifest
16:56:23.240958 [info ]: Finished loading project [  0.04s]
16:56:23.641960 [warn ]: dbt1203: Failed to download deferral manifest from the dbt platform for project 70471823559476, continuing without deferral. 404 Not Found: No deferral environment defined for project with ID 70471823559476 To target a specific environment, set `defer-env-id` in your dbt_project.yml under the `dbt-cloud` block.
16:56:23.863880 [info ]: Started building task graph
16:56:23.863922 [info ]: Finished building task graph [  0.00s]
16:56:23.866874 [info ]: Started scheduling
16:56:23.866927 [info ]: Finished scheduling [  0.00s]
16:56:23.868190 [info ]: Cached model count updated: 1 models (accurate)
16:56:25.453853 [info ]: Started loading project
16:56:25.455626 [info ]: Loading ~/.dbt/profiles.yml
16:56:25.486574 [info ]: Cached model count updated: 1 models (estimate)
16:56:25.486604 [info ]: Cached model count updated: 1 models (accurate)
16:56:25.486643 [info ]: Started scheduling
16:56:25.486687 [info ]: Finished scheduling [  0.00s]
16:56:25.486702 [debug]: Compilation - 1 nodes selected: {"model.retail_ecommerce_dbt.stg_retail_transaction"}
16:56:25.487625 [info ]: DOWNLOADING deferral manifest
16:56:25.487789 [info ]: Finished loading project [  0.03s]
16:56:25.920586 [warn ]: dbt1203: Failed to download deferral manifest from the dbt platform for project 70471823559476, continuing without deferral. 404 Not Found: No deferral environment defined for project with ID 70471823559476 To target a specific environment, set `defer-env-id` in your dbt_project.yml under the `dbt-cloud` block.
16:56:26.130298 [info ]: Started building task graph
16:56:26.130355 [info ]: Finished building task graph [  0.00s]
16:56:26.130497 [info ]: Started rendering (1 nodes)
16:56:26.130522 [info ]: Started model ga4_data_staging.stg_retail_transaction
16:56:26.130534 [debug]: Started rendering model ga4_data_staging.stg_retail_transaction
16:56:26.130994 [debug]: Compiled SQL for node model.retail_ecommerce_dbt.stg_retail_transaction at target\.lsp\compiled\retail_ecommerce_dbt\models\staging\stg_retail_transaction.sql
16:56:26.131073 [debug]: Finished rendering [  0.00s] model ga4_data_staging.stg_retail_transaction [success]
16:56:26.131091 [info ]: Finished rendering [  0.00s] (1 nodes, 0 skipped, 0 errors)
16:56:26.131106 [info ]: Started analyzing (1 nodes)
16:56:26.131111 [debug]: Started analyzing model ga4_data_staging.stg_retail_transaction
16:56:26.131345 [debug]: Finished analyzing [  0.00s] model ga4_data_staging.stg_retail_transaction [success]
16:56:26.131357 [info ]: Finished analyzing [  0.00s] (1 nodes, 0 skipped, 0 errors)
16:56:26.131364 [info ]:  Succeeded [-------] model ga4_data_staging.stg_retail_transaction (view)
16:56:26.134058 [info ]: Started scheduling
16:56:26.134108 [info ]: Finished scheduling [  0.00s]
16:56:26.135520 [info ]: Cached model count updated: 1 models (accurate)
16:56:27.128527 [info ]: Started loading project
16:56:27.129299 [info ]: Loading ~/.dbt/profiles.yml
16:56:27.134118 [info ]: Started parsing
16:56:27.153791 [info ]: Finished loading project [  0.03s]
16:56:27.170765 [debug]: Finished parsing models\staging\stg_retail_transaction.sql [  0.02s]
16:56:27.171866 [warn ]: dbt1097: Configuration paths exist in your dbt_project.yml file which do not apply to any resources.
There are 2 unused configuration paths:
- models.retail_ecommerce_dbt.intermediate
- models.retail_ecommerce_dbt.marts
16:56:27.180261 [info ]: DOWNLOADING deferral manifest
16:56:27.180419 [info ]: Finished parsing [  0.05s]
16:56:27.595308 [warn ]: dbt1203: Failed to download deferral manifest from the dbt platform for project 70471823559476, continuing without deferral. 404 Not Found: No deferral environment defined for project with ID 70471823559476 To target a specific environment, set `defer-env-id` in your dbt_project.yml under the `dbt-cloud` block.
16:56:27.599547 [info ]: Cached model count updated: 1 models (estimate)
16:56:27.599657 [info ]: Cached model count updated: 1 models (accurate)
16:56:27.599772 [info ]: Started scheduling
16:56:27.599957 [info ]: Finished scheduling [  0.00s]
16:56:27.600001 [debug]: Compilation - 1 nodes selected: {"model.retail_ecommerce_dbt.stg_retail_transaction"}
16:56:27.602866 [info ]: DOWNLOADING deferral manifest
16:56:28.006901 [warn ]: dbt1203: Failed to download deferral manifest from the dbt platform for project 70471823559476, continuing without deferral. 404 Not Found: No deferral environment defined for project with ID 70471823559476 To target a specific environment, set `defer-env-id` in your dbt_project.yml under the `dbt-cloud` block.
16:56:28.458186 [info ]: Started building task graph
16:56:28.458319 [info ]: Finished building task graph [  0.00s]
16:56:28.459522 [info ]: Started rendering (1 nodes)
16:56:28.459900 [info ]: Started model ga4_data_staging.stg_retail_transaction
16:56:28.459987 [debug]: Started rendering model ga4_data_staging.stg_retail_transaction
16:56:28.467815 [debug]: Compiled SQL for node model.retail_ecommerce_dbt.stg_retail_transaction at target\.lsp\compiled\retail_ecommerce_dbt\models\staging\stg_retail_transaction.sql
16:56:28.468092 [debug]: Finished rendering [  0.01s] model ga4_data_staging.stg_retail_transaction [success]
16:56:28.468139 [info ]: Finished rendering [  0.01s] (1 nodes, 0 skipped, 0 errors)
16:56:28.468190 [info ]: Started analyzing (1 nodes)
16:56:28.468215 [debug]: Started analyzing model ga4_data_staging.stg_retail_transaction
16:56:28.469257 [debug]: Finished analyzing [  0.00s] model ga4_data_staging.stg_retail_transaction [success]
16:56:28.469327 [info ]: Finished analyzing [  0.00s] (1 nodes, 0 skipped, 0 errors)
16:56:28.469355 [info ]:  Succeeded [  0.01s] model ga4_data_staging.stg_retail_transaction (view)
16:56:28.490206 [info ]: Started scheduling
16:56:28.490322 [info ]: Finished scheduling [  0.00s]
16:56:28.493223 [info ]: Cached model count updated: 1 models (accurate)
16:56:30.143417 [info ]: Started loading project
16:56:30.147096 [info ]: Loading ~/.dbt/profiles.yml
16:56:30.190744 [info ]: Cached model count updated: 1 models (estimate)
16:56:30.190838 [info ]: Cached model count updated: 1 models (accurate)
16:56:30.190905 [info ]: Started scheduling
16:56:30.191061 [info ]: Finished scheduling [  0.00s]
16:56:30.191174 [debug]: Compilation - 1 nodes selected: {"model.retail_ecommerce_dbt.stg_retail_transaction"}
16:56:30.193503 [info ]: Finished loading project [  0.05s]
16:56:30.194372 [info ]: DOWNLOADING deferral manifest
16:56:30.609999 [warn ]: dbt1203: Failed to download deferral manifest from the dbt platform for project 70471823559476, continuing without deferral. 404 Not Found: No deferral environment defined for project with ID 70471823559476 To target a specific environment, set `defer-env-id` in your dbt_project.yml under the `dbt-cloud` block.
16:56:31.038449 [info ]: Started building task graph
16:56:31.038593 [info ]: Finished building task graph [  0.00s]
16:56:31.038921 [info ]: Started rendering (1 nodes)
16:56:31.038986 [info ]: Started model ga4_data_staging.stg_retail_transaction
16:56:31.039013 [debug]: Started rendering model ga4_data_staging.stg_retail_transaction
16:56:31.040054 [debug]: Compiled SQL for node model.retail_ecommerce_dbt.stg_retail_transaction at target\.lsp\compiled\retail_ecommerce_dbt\models\staging\stg_retail_transaction.sql
16:56:31.040221 [debug]: Finished rendering [  0.00s] model ga4_data_staging.stg_retail_transaction [success]
16:56:31.040258 [info ]: Finished rendering [  0.00s] (1 nodes, 0 skipped, 0 errors)
16:56:31.040300 [info ]: Started analyzing (1 nodes)
16:56:31.040318 [debug]: Started analyzing model ga4_data_staging.stg_retail_transaction
16:56:31.040846 [debug]: Finished analyzing [  0.00s] model ga4_data_staging.stg_retail_transaction [success]
16:56:31.040885 [info ]: Finished analyzing [  0.00s] (1 nodes, 0 skipped, 0 errors)
16:56:31.040905 [info ]:  Succeeded [  0.00s] model ga4_data_staging.stg_retail_transaction (view)
16:56:31.047624 [info ]: Started scheduling
16:56:31.047708 [info ]: Finished scheduling [  0.00s]
16:56:31.050602 [info ]: Cached model count updated: 1 models (accurate)
16:56:32.665201 [info ]: Started loading project
16:56:32.665935 [info ]: Loading ~/.dbt/profiles.yml
16:56:32.700225 [info ]: Cached model count updated: 1 models (estimate)
16:56:32.700277 [info ]: Cached model count updated: 1 models (accurate)
16:56:32.700309 [info ]: Started scheduling
16:56:32.700373 [info ]: Finished scheduling [  0.00s]
16:56:32.700389 [debug]: Compilation - 1 nodes selected: {"model.retail_ecommerce_dbt.stg_retail_transaction"}
16:56:32.701435 [info ]: DOWNLOADING deferral manifest
16:56:32.701522 [info ]: Finished loading project [  0.04s]
16:56:33.147237 [warn ]: dbt1203: Failed to download deferral manifest from the dbt platform for project 70471823559476, continuing without deferral. 404 Not Found: No deferral environment defined for project with ID 70471823559476 To target a specific environment, set `defer-env-id` in your dbt_project.yml under the `dbt-cloud` block.
16:56:33.384031 [info ]: Started building task graph
16:56:33.384098 [info ]: Finished building task graph [  0.00s]
16:56:33.384242 [info ]: Started rendering (1 nodes)
16:56:33.384264 [info ]: Started model ga4_data_staging.stg_retail_transaction
16:56:33.384279 [debug]: Started rendering model ga4_data_staging.stg_retail_transaction
16:56:33.384781 [debug]: Compiled SQL for node model.retail_ecommerce_dbt.stg_retail_transaction at target\.lsp\compiled\retail_ecommerce_dbt\models\staging\stg_retail_transaction.sql
16:56:33.384908 [debug]: Finished rendering [  0.00s] model ga4_data_staging.stg_retail_transaction [success]
16:56:33.384945 [info ]: Finished rendering [  0.00s] (1 nodes, 0 skipped, 0 errors)
16:56:33.384977 [info ]: Started analyzing (1 nodes)
16:56:33.384997 [debug]: Started analyzing model ga4_data_staging.stg_retail_transaction
16:56:33.385371 [debug]: Finished analyzing [  0.00s] model ga4_data_staging.stg_retail_transaction [success]
16:56:33.385402 [info ]: Finished analyzing [  0.00s] (1 nodes, 0 skipped, 0 errors)
16:56:33.385415 [info ]:  Succeeded [-------] model ga4_data_staging.stg_retail_transaction (view)
16:56:33.389117 [info ]: Started scheduling
16:56:33.389178 [info ]: Finished scheduling [  0.00s]
16:56:33.390925 [info ]: Cached model count updated: 1 models (accurate)
17:04:17.376455 [info ]: Started loading project
17:04:17.377974 [info ]: Loading ~/.dbt/profiles.yml
17:04:17.428957 [info ]: Cached model count updated: 1 models (estimate)
17:04:17.428989 [info ]: Cached model count updated: 1 models (accurate)
17:04:17.429032 [info ]: Started scheduling
17:04:17.429109 [info ]: Finished scheduling [  0.00s]
17:04:17.429133 [debug]: Compilation - 0 nodes selected: {}
17:04:17.429157 [warn ]: dbt1092: The selection criterion '+source:retail_ecommerce_dbt.kaggle_source.retail_online_stg' does not match any enabled nodes
17:04:17.429175 [warn ]: dbt1601: Nothing to do. Try checking your model configs and model specification args
17:04:17.430918 [info ]: DOWNLOADING deferral manifest
17:04:17.431002 [info ]: Finished loading project [  0.05s]
17:04:18.116349 [warn ]: dbt1203: Failed to download deferral manifest from the dbt platform for project 70471823559476, continuing without deferral. 404 Not Found: No deferral environment defined for project with ID 70471823559476 To target a specific environment, set `defer-env-id` in your dbt_project.yml under the `dbt-cloud` block.
17:04:18.343488 [info ]: Started building task graph
17:04:18.343536 [info ]: Finished building task graph [  0.00s]
17:04:18.346060 [info ]: Started scheduling
17:04:18.346111 [info ]: Finished scheduling [  0.00s]
17:04:18.347240 [info ]: Cached model count updated: 1 models (accurate)
17:04:18.406860 [info ]: Started loading project
17:04:18.407731 [info ]: Loading ~/.dbt/profiles.yml
17:04:18.430776 [info ]: Cached model count updated: 1 models (estimate)
17:04:18.430813 [info ]: Cached model count updated: 1 models (accurate)
17:04:18.430853 [info ]: Started scheduling
17:04:18.430922 [info ]: Finished scheduling [  0.00s]
17:04:18.430946 [debug]: Compilation - 0 nodes selected: {}
17:04:18.430968 [warn ]: dbt1092: The selection criterion '+source:retail_ecommerce_dbt.kaggle_source.retail_online_stg' does not match any enabled nodes
17:04:18.430984 [warn ]: dbt1601: Nothing to do. Try checking your model configs and model specification args
17:04:18.432347 [info ]: DOWNLOADING deferral manifest
17:04:18.432428 [info ]: Finished loading project [  0.03s]
17:04:18.821905 [warn ]: dbt1203: Failed to download deferral manifest from the dbt platform for project 70471823559476, continuing without deferral. 404 Not Found: No deferral environment defined for project with ID 70471823559476 To target a specific environment, set `defer-env-id` in your dbt_project.yml under the `dbt-cloud` block.
17:04:19.008339 [info ]: Started building task graph
17:04:19.008380 [info ]: Finished building task graph [  0.00s]
17:04:19.011846 [info ]: Started scheduling
17:04:19.011892 [info ]: Finished scheduling [  0.00s]
17:04:19.012747 [info ]: Cached model count updated: 1 models (accurate)
17:04:20.604651 [info ]: Started loading project
17:04:20.605370 [info ]: Loading ~/.dbt/profiles.yml
17:04:20.635249 [info ]: Cached model count updated: 1 models (estimate)
17:04:20.635279 [info ]: Cached model count updated: 1 models (accurate)
17:04:20.635313 [info ]: Started scheduling
17:04:20.635374 [info ]: Finished scheduling [  0.00s]
17:04:20.635388 [debug]: Compilation - 0 nodes selected: {}
17:04:20.635404 [warn ]: dbt1092: The selection criterion '+source:retail_ecommerce_dbt.kaggle_source.retail_online_stg+' does not match any enabled nodes
17:04:20.635414 [warn ]: dbt1601: Nothing to do. Try checking your model configs and model specification args
17:04:20.636412 [info ]: DOWNLOADING deferral manifest
17:04:20.636564 [info ]: Finished loading project [  0.03s]
17:04:21.034807 [warn ]: dbt1203: Failed to download deferral manifest from the dbt platform for project 70471823559476, continuing without deferral. 404 Not Found: No deferral environment defined for project with ID 70471823559476 To target a specific environment, set `defer-env-id` in your dbt_project.yml under the `dbt-cloud` block.
17:04:21.316997 [info ]: Started building task graph
17:04:21.317039 [info ]: Finished building task graph [  0.00s]
17:04:21.320437 [info ]: Started scheduling
17:04:21.320498 [info ]: Finished scheduling [  0.00s]
17:04:21.321679 [info ]: Cached model count updated: 1 models (accurate)
17:04:22.221969 [info ]: Started loading project
17:04:22.222876 [info ]: Loading ~/.dbt/profiles.yml
17:04:22.244956 [info ]: Cached model count updated: 1 models (estimate)
17:04:22.244992 [info ]: Cached model count updated: 1 models (accurate)
17:04:22.245033 [info ]: Started scheduling
17:04:22.245088 [info ]: Finished scheduling [  0.00s]
17:04:22.245109 [debug]: Compilation - 0 nodes selected: {}
17:04:22.245133 [warn ]: dbt1092: The selection criterion '+source:retail_ecommerce_dbt.kaggle_retail.retail_online_raw' does not match any enabled nodes
17:04:22.245150 [warn ]: dbt1601: Nothing to do. Try checking your model configs and model specification args
17:04:22.246254 [info ]: DOWNLOADING deferral manifest
17:04:22.246350 [info ]: Finished loading project [  0.02s]
17:04:22.646762 [warn ]: dbt1203: Failed to download deferral manifest from the dbt platform for project 70471823559476, continuing without deferral. 404 Not Found: No deferral environment defined for project with ID 70471823559476 To target a specific environment, set `defer-env-id` in your dbt_project.yml under the `dbt-cloud` block.
17:04:22.884066 [info ]: Started building task graph
17:04:22.884121 [info ]: Finished building task graph [  0.00s]
17:04:22.888072 [info ]: Started scheduling
17:04:22.888130 [info ]: Finished scheduling [  0.00s]
17:04:22.888725 [info ]: Cached model count updated: 1 models (accurate)
17:04:24.492160 [info ]: Started loading project
17:04:24.493399 [info ]: Loading ~/.dbt/profiles.yml
17:04:24.521935 [info ]: Cached model count updated: 1 models (estimate)
17:04:24.521981 [info ]: Cached model count updated: 1 models (accurate)
17:04:24.522027 [info ]: Started scheduling
17:04:24.522109 [info ]: Finished scheduling [  0.00s]
17:04:24.522134 [debug]: Compilation - 1 nodes selected: {"model.retail_ecommerce_dbt.stg_retail_transaction"}
17:04:24.523309 [info ]: DOWNLOADING deferral manifest
17:04:24.523491 [info ]: Finished loading project [  0.03s]
17:04:24.916188 [warn ]: dbt1203: Failed to download deferral manifest from the dbt platform for project 70471823559476, continuing without deferral. 404 Not Found: No deferral environment defined for project with ID 70471823559476 To target a specific environment, set `defer-env-id` in your dbt_project.yml under the `dbt-cloud` block.
17:04:25.146410 [info ]: Started building task graph
17:04:25.146487 [info ]: Finished building task graph [  0.00s]
17:04:25.146648 [info ]: Started rendering (1 nodes)
17:04:25.146678 [info ]: Started model ga4_data_staging.stg_retail_transaction
17:04:25.146700 [debug]: Started rendering model ga4_data_staging.stg_retail_transaction
17:04:25.147335 [debug]: Compiled SQL for node model.retail_ecommerce_dbt.stg_retail_transaction at target\.lsp\compiled\retail_ecommerce_dbt\models\staging\stg_retail_transaction.sql
17:04:25.147579 [debug]: Finished rendering [  0.00s] model ga4_data_staging.stg_retail_transaction [success]
17:04:25.147651 [info ]: Finished rendering [  0.00s] (1 nodes, 0 skipped, 0 errors)
17:04:25.147706 [info ]: Started analyzing (1 nodes)
17:04:25.147736 [debug]: Started analyzing model ga4_data_staging.stg_retail_transaction
17:04:25.148422 [debug]: Finished analyzing [  0.00s] model ga4_data_staging.stg_retail_transaction [success]
17:04:25.148462 [info ]: Finished analyzing [  0.00s] (1 nodes, 0 skipped, 0 errors)
17:04:25.148479 [info ]:  Succeeded [-------] model ga4_data_staging.stg_retail_transaction (view)
17:04:25.151317 [info ]: Started scheduling
17:04:25.151424 [info ]: Finished scheduling [  0.00s]
17:04:25.153787 [info ]: Cached model count updated: 1 models (accurate)
17:04:26.760305 [info ]: Started loading project
17:04:26.763140 [info ]: Loading ~/.dbt/profiles.yml
17:04:26.815852 [info ]: Cached model count updated: 1 models (estimate)
17:04:26.815882 [info ]: Cached model count updated: 1 models (accurate)
17:04:26.815908 [info ]: Started scheduling
17:04:26.815963 [info ]: Finished scheduling [  0.00s]
17:04:26.815978 [debug]: Compilation - 1 nodes selected: {"model.retail_ecommerce_dbt.stg_retail_transaction"}
17:04:26.818212 [info ]: DOWNLOADING deferral manifest
17:04:26.818279 [info ]: Finished loading project [  0.06s]
17:04:27.192935 [warn ]: dbt1203: Failed to download deferral manifest from the dbt platform for project 70471823559476, continuing without deferral. 404 Not Found: No deferral environment defined for project with ID 70471823559476 To target a specific environment, set `defer-env-id` in your dbt_project.yml under the `dbt-cloud` block.
17:04:27.381328 [info ]: Started building task graph
17:04:27.381407 [info ]: Finished building task graph [  0.00s]
17:04:27.381563 [info ]: Started rendering (1 nodes)
17:04:27.381583 [info ]: Started model ga4_data_staging.stg_retail_transaction
17:04:27.381594 [debug]: Started rendering model ga4_data_staging.stg_retail_transaction
17:04:27.382212 [debug]: Compiled SQL for node model.retail_ecommerce_dbt.stg_retail_transaction at target\.lsp\compiled\retail_ecommerce_dbt\models\staging\stg_retail_transaction.sql
17:04:27.382376 [debug]: Finished rendering [  0.00s] model ga4_data_staging.stg_retail_transaction [success]
17:04:27.382432 [info ]: Finished rendering [  0.00s] (1 nodes, 0 skipped, 0 errors)
17:04:27.382471 [info ]: Started analyzing (1 nodes)
17:04:27.382490 [debug]: Started analyzing model ga4_data_staging.stg_retail_transaction
17:04:27.382914 [debug]: Finished analyzing [  0.00s] model ga4_data_staging.stg_retail_transaction [success]
17:04:27.382938 [info ]: Finished analyzing [  0.00s] (1 nodes, 0 skipped, 0 errors)
17:04:27.382953 [info ]:  Succeeded [-------] model ga4_data_staging.stg_retail_transaction (view)
17:04:27.387169 [info ]: Started scheduling
17:04:27.387241 [info ]: Finished scheduling [  0.00s]
17:04:27.389031 [info ]: Cached model count updated: 1 models (accurate)
==================== 2026-05-19T21:49:52.130419Z | 4c327e1b-815d-41cc-8f71-79b5410a39ad ====================
21:49:52.131073 [info ]: Starting dbt LSP server
21:49:52.131795 [info ]: Connecting to LSP client on port 8000
21:49:52.134289 [info ]: Successfully connected to LSP client
21:49:52.134317 [info ]: Creating LSP service...
21:49:52.285425 [info ]: Creating LSP server...
21:49:52.285581 [info ]: Starting LSP server...
21:49:52.448149 [info ]: Loading ~/.dbt/profiles.yml
21:49:52.570949 [info ]: Started loading project
21:49:52.573369 [info ]: Loading ~/.dbt/profiles.yml
21:49:52.588512 [debug]:    Started loading packages
21:49:52.600947 [debug]:     Loaded [  0.01s] packages
21:49:52.618634 [info ]: Started parsing
21:49:52.714641 [info ]: Finished loading project [  0.14s]
21:49:52.750985 [debug]: Finished parsing models\schema.yml [  0.02s]
21:49:52.763810 [debug]: Finished parsing models\sources.yml [  0.01s]
21:49:52.824074 [debug]: Finished parsing models\staging\stg_retail_transaction.sql [  0.05s]
21:49:52.830998 [warn ]: dbt1097: Configuration paths exist in your dbt_project.yml file which do not apply to any resources.
There are 2 unused configuration paths:
- models.retail_ecommerce_dbt.intermediate
- models.retail_ecommerce_dbt.marts
21:49:52.846526 [info ]: DOWNLOADING deferral manifest
21:49:52.846897 [info ]: Finished parsing [  0.23s]
21:49:53.260431 [warn ]: dbt1203: Failed to download deferral manifest from the dbt platform for project 70471823559476, continuing without deferral. 404 Not Found: No deferral environment defined for project with ID 70471823559476 To target a specific environment, set `defer-env-id` in your dbt_project.yml under the `dbt-cloud` block.
21:49:53.262720 [info ]: Cached model count updated: 1 models (estimate)
21:49:53.262747 [info ]: Cached model count updated: 1 models (accurate)
21:49:53.265068 [info ]: Started scheduling
21:49:53.268948 [info ]: Finished scheduling [  0.00s]
21:49:53.269658 [debug]: Compilation - 0 nodes selected: {}
21:49:53.270169 [warn ]: dbt1092: The selection criterion '' does not match any enabled nodes
21:49:53.270216 [warn ]: dbt1601: Nothing to do. Try checking your model configs and model specification args
21:49:53.270445 [info ]: Started scheduling
21:49:53.271592 [info ]: Finished scheduling [  0.00s]
21:49:53.276811 [debug]: Initializing schema store with entry: Frontier(CanonicalFqn { catalog: "ga4-project-496021", schema: "ga4_data", table: "retail_online_raw" }) and interval: None
21:49:53.283444 [info ]: DOWNLOADING deferral manifest
21:49:53.670883 [warn ]: dbt1203: Failed to download deferral manifest from the dbt platform for project 70471823559476, continuing without deferral. 404 Not Found: No deferral environment defined for project with ID 70471823559476 To target a specific environment, set `defer-env-id` in your dbt_project.yml under the `dbt-cloud` block.
21:49:53.924777 [info ]: Started building task graph
21:49:53.926761 [info ]: Finished building task graph [  0.00s]
21:49:53.953401 [info ]: Started scheduling
21:49:53.953491 [info ]: Finished scheduling [  0.00s]
21:49:53.956905 [info ]: Cached model count updated: 1 models (accurate)
21:49:55.611477 [info ]: Started loading project
21:49:55.617360 [info ]: Loading ~/.dbt/profiles.yml
21:49:55.695431 [info ]: Cached model count updated: 1 models (estimate)
21:49:55.695482 [info ]: Cached model count updated: 1 models (accurate)
21:49:55.695830 [info ]: Started scheduling
21:49:55.695893 [info ]: Finished scheduling [  0.00s]
21:49:55.695975 [debug]: Compilation - 0 nodes selected: {}
21:49:55.696044 [warn ]: dbt1092: The selection criterion '' does not match any enabled nodes
21:49:55.696092 [warn ]: dbt1601: Nothing to do. Try checking your model configs and model specification args
21:49:55.699565 [info ]: DOWNLOADING deferral manifest
21:49:55.699641 [info ]: Finished loading project [  0.09s]
21:49:56.091333 [warn ]: dbt1203: Failed to download deferral manifest from the dbt platform for project 70471823559476, continuing without deferral. 404 Not Found: No deferral environment defined for project with ID 70471823559476 To target a specific environment, set `defer-env-id` in your dbt_project.yml under the `dbt-cloud` block.
21:49:56.496237 [info ]: Started building task graph
21:49:56.496296 [info ]: Finished building task graph [  0.00s]
21:49:56.502866 [info ]: Started scheduling
21:49:56.502970 [info ]: Finished scheduling [  0.00s]
21:49:56.506131 [info ]: Cached model count updated: 1 models (accurate)
21:49:58.089468 [info ]: Started loading project
21:49:58.093099 [info ]: Loading ~/.dbt/profiles.yml
21:49:58.172563 [info ]: Cached model count updated: 1 models (estimate)
21:49:58.172604 [info ]: Cached model count updated: 1 models (accurate)
21:49:58.172639 [info ]: Started scheduling
21:49:58.172708 [info ]: Finished scheduling [  0.00s]
21:49:58.172730 [debug]: Compilation - 1 nodes selected: {"model.retail_ecommerce_dbt.stg_retail_transaction"}
21:49:58.178482 [info ]: Finished loading project [  0.09s]
21:49:58.179808 [info ]: DOWNLOADING deferral manifest
21:49:58.591628 [warn ]: dbt1203: Failed to download deferral manifest from the dbt platform for project 70471823559476, continuing without deferral. 404 Not Found: No deferral environment defined for project with ID 70471823559476 To target a specific environment, set `defer-env-id` in your dbt_project.yml under the `dbt-cloud` block.
21:49:58.962605 [info ]: Started building task graph
21:49:58.966806 [info ]: Finished building task graph [  0.00s]
21:49:58.971821 [info ]: Started rendering (1 nodes)
21:49:58.973982 [info ]: Started model ga4_data_staging.stg_retail_transaction
21:49:58.976013 [debug]: Started rendering model ga4_data_staging.stg_retail_transaction
21:49:59.002102 [debug]: Compiled SQL for node model.retail_ecommerce_dbt.stg_retail_transaction at target\.lsp\compiled\retail_ecommerce_dbt\models\staging\stg_retail_transaction.sql
21:49:59.008355 [debug]: Finished rendering [  0.03s] model ga4_data_staging.stg_retail_transaction [success]
21:49:59.008678 [info ]: Finished rendering [  0.04s] (1 nodes, 0 skipped, 0 errors)
21:49:59.009174 [info ]: Started analyzing (1 nodes)
21:49:59.009217 [debug]: Started analyzing model ga4_data_staging.stg_retail_transaction
21:49:59.059073 [debug]: Finished analyzing [  0.05s] model ga4_data_staging.stg_retail_transaction [success]
21:49:59.059130 [info ]: Finished analyzing [  0.05s] (1 nodes, 0 skipped, 0 errors)
21:49:59.059150 [info ]:  Succeeded [  0.08s] model ga4_data_staging.stg_retail_transaction (view)
21:49:59.066370 [info ]: Started scheduling
21:49:59.066469 [info ]: Finished scheduling [  0.00s]
21:49:59.069601 [info ]: Cached model count updated: 1 models (accurate)
02:00:49.025382 [info ]: Started loading project
02:00:49.028189 [info ]: Loading ~/.dbt/profiles.yml
02:00:49.042083 [info ]: Started loading project
02:00:49.042846 [info ]: Loading ~/.dbt/profiles.yml
02:00:49.043004 [info ]: Finished loading project [  0.02s]
02:00:49.049465 [debug]:    Started loading packages
02:00:49.052544 [debug]:     Loaded [  0.00s] packages
02:00:49.053924 [info ]: Started parsing
02:00:49.096882 [info ]: Finished loading project [  0.05s]
02:00:49.098189 [debug]: Finished parsing models\schema.yml [  0.00s]
02:00:49.098522 [debug]: Finished parsing models\sources.yml [  0.00s]
02:00:49.103346 [debug]: Finished parsing models\staging\stg_retail_transaction.sql [  0.00s]
02:00:49.104649 [warn ]: dbt1097: Configuration paths exist in your dbt_project.yml file which do not apply to any resources.
There are 2 unused configuration paths:
- models.retail_ecommerce_dbt.intermediate
- models.retail_ecommerce_dbt.marts
02:00:49.110477 [info ]: DOWNLOADING deferral manifest
02:00:49.110649 [info ]: Finished parsing [  0.06s]
02:00:50.100752 [warn ]: dbt1203: Failed to download deferral manifest from the dbt platform for project 70471823559476, continuing without deferral. 404 Not Found: No deferral environment defined for project with ID 70471823559476 To target a specific environment, set `defer-env-id` in your dbt_project.yml under the `dbt-cloud` block.
02:00:50.103031 [info ]: Cached model count updated: 1 models (estimate)
02:00:50.103095 [info ]: Cached model count updated: 1 models (accurate)
02:00:50.103199 [info ]: Started scheduling
02:00:50.103356 [info ]: Finished scheduling [  0.00s]
02:00:50.103406 [debug]: Compilation - 0 nodes selected: {}
02:00:50.103466 [warn ]: dbt1092: The selection criterion '' does not match any enabled nodes
02:00:50.103497 [warn ]: dbt1601: Nothing to do. Try checking your model configs and model specification args
02:00:50.103523 [info ]: Started scheduling
02:00:50.103672 [info ]: Finished scheduling [  0.00s]
02:00:50.104065 [debug]: Initializing schema store with entry: Frontier(CanonicalFqn { catalog: "ga4-project-496021", schema: "ga4_data", table: "retail_online_raw" }) and interval: None
02:00:50.107631 [info ]: DOWNLOADING deferral manifest
02:00:50.539269 [warn ]: dbt1203: Failed to download deferral manifest from the dbt platform for project 70471823559476, continuing without deferral. 404 Not Found: No deferral environment defined for project with ID 70471823559476 To target a specific environment, set `defer-env-id` in your dbt_project.yml under the `dbt-cloud` block.
02:00:50.762776 [info ]: Started building task graph
02:00:50.762903 [info ]: Finished building task graph [  0.00s]
02:00:50.772028 [info ]: Started scheduling
02:00:50.772102 [info ]: Finished scheduling [  0.00s]
02:00:50.794565 [info ]: Cached model count updated: 1 models (accurate)
02:00:52.368095 [info ]: Started loading project
02:00:52.370681 [info ]: Loading ~/.dbt/profiles.yml
02:00:52.437258 [info ]: Cached model count updated: 1 models (estimate)
02:00:52.437300 [info ]: Cached model count updated: 1 models (accurate)
02:00:52.437336 [info ]: Started scheduling
02:00:52.437408 [info ]: Finished scheduling [  0.00s]
02:00:52.437438 [debug]: Compilation - 1 nodes selected: {"model.retail_ecommerce_dbt.stg_retail_transaction"}
02:00:52.439253 [info ]: DOWNLOADING deferral manifest
02:00:52.439316 [info ]: Finished loading project [  0.07s]
02:00:52.810646 [warn ]: dbt1203: Failed to download deferral manifest from the dbt platform for project 70471823559476, continuing without deferral. 404 Not Found: No deferral environment defined for project with ID 70471823559476 To target a specific environment, set `defer-env-id` in your dbt_project.yml under the `dbt-cloud` block.
02:00:53.340782 [info ]: Started building task graph
02:00:53.340862 [info ]: Finished building task graph [  0.00s]
02:00:53.341039 [info ]: Started rendering (1 nodes)
02:00:53.341071 [info ]: Started model ga4_data_staging.stg_retail_transaction
02:00:53.341089 [debug]: Started rendering model ga4_data_staging.stg_retail_transaction
02:00:53.346378 [debug]: Compiled SQL for node model.retail_ecommerce_dbt.stg_retail_transaction at target\.lsp\compiled\retail_ecommerce_dbt\models\staging\stg_retail_transaction.sql
02:00:53.346952 [debug]: Finished rendering [  0.01s] model ga4_data_staging.stg_retail_transaction [success]
02:00:53.347033 [info ]: Finished rendering [  0.01s] (1 nodes, 0 skipped, 0 errors)
02:00:53.347100 [info ]: Started analyzing (1 nodes)
02:00:53.347129 [debug]: Started analyzing model ga4_data_staging.stg_retail_transaction
02:00:53.362274 [debug]: Finished analyzing [  0.02s] model ga4_data_staging.stg_retail_transaction [success]
02:00:53.362383 [info ]: Finished analyzing [  0.02s] (1 nodes, 0 skipped, 0 errors)
02:00:53.362423 [info ]:  Succeeded [  0.02s] model ga4_data_staging.stg_retail_transaction (view)
02:00:53.372314 [info ]: Started scheduling
02:00:53.372407 [info ]: Finished scheduling [  0.00s]
02:00:53.377675 [info ]: Cached model count updated: 1 models (accurate)
02:01:12.604016 [info ]: Started loading project
02:01:12.604928 [info ]: Loading ~/.dbt/profiles.yml
02:01:12.608805 [info ]: Started loading project
02:01:12.609412 [info ]: Loading ~/.dbt/profiles.yml
02:01:12.609492 [info ]: Finished loading project [  0.01s]
02:01:12.616376 [debug]:    Started loading packages
02:01:12.619453 [debug]:     Loaded [  0.00s] packages
02:01:12.620348 [info ]: Started parsing
02:01:12.650969 [info ]: Finished loading project [  0.04s]
02:01:12.653350 [debug]: Finished parsing models\schema.yml [  0.00s]
02:01:12.654184 [debug]: Finished parsing models\sources.yml [  0.00s]
02:01:12.657508 [debug]: Finished parsing models\intermediate\int_constumer_metrics.sql [  0.00s]
02:01:12.662392 [debug]: Finished parsing models\staging\stg_retail_transaction.sql [  0.00s]
02:01:12.663539 [warn ]: dbt1097: Configuration paths exist in your dbt_project.yml file which do not apply to any resources.
There are 1 unused configuration paths:
- models.retail_ecommerce_dbt.marts
02:01:12.670938 [info ]: DOWNLOADING deferral manifest
02:01:12.670994 [info ]: Finished parsing [  0.05s]
02:01:13.055412 [warn ]: dbt1203: Failed to download deferral manifest from the dbt platform for project 70471823559476, continuing without deferral. 404 Not Found: No deferral environment defined for project with ID 70471823559476 To target a specific environment, set `defer-env-id` in your dbt_project.yml under the `dbt-cloud` block.
02:01:13.058258 [info ]: Cached model count updated: 2 models (estimate)
02:01:13.058321 [info ]: Cached model count updated: 2 models (accurate)
02:01:13.058419 [info ]: Started scheduling
02:01:13.058494 [info ]: Finished scheduling [  0.00s]
02:01:13.058536 [debug]: Compilation - 0 nodes selected: {}
02:01:13.058565 [warn ]: dbt1092: The selection criterion '' does not match any enabled nodes
02:01:13.058588 [warn ]: dbt1601: Nothing to do. Try checking your model configs and model specification args
02:01:13.058606 [info ]: Started scheduling
02:01:13.058677 [info ]: Finished scheduling [  0.00s]
02:01:13.058732 [debug]: Initializing schema store with entry: Frontier(CanonicalFqn { catalog: "ga4-project-496021", schema: "ga4_data", table: "retail_online_raw" }) and interval: None
02:01:13.062303 [info ]: DOWNLOADING deferral manifest
02:01:13.437907 [warn ]: dbt1203: Failed to download deferral manifest from the dbt platform for project 70471823559476, continuing without deferral. 404 Not Found: No deferral environment defined for project with ID 70471823559476 To target a specific environment, set `defer-env-id` in your dbt_project.yml under the `dbt-cloud` block.
02:01:13.662547 [info ]: Started building task graph
02:01:13.662590 [info ]: Finished building task graph [  0.00s]
02:01:13.667076 [info ]: Started scheduling
02:01:13.667139 [info ]: Finished scheduling [  0.00s]
02:01:13.669606 [info ]: Cached model count updated: 2 models (accurate)
02:01:15.224304 [info ]: Started loading project
02:01:15.225503 [info ]: Loading ~/.dbt/profiles.yml
02:01:15.257500 [info ]: Cached model count updated: 2 models (estimate)
02:01:15.257528 [info ]: Cached model count updated: 2 models (accurate)
02:01:15.257553 [info ]: Started scheduling
02:01:15.257601 [info ]: Finished scheduling [  0.00s]
02:01:15.257615 [debug]: Compilation - 1 nodes selected: {"model.retail_ecommerce_dbt.stg_retail_transaction"}
02:01:15.258506 [info ]: DOWNLOADING deferral manifest
02:01:15.258667 [info ]: Finished loading project [  0.03s]
02:01:15.637393 [warn ]: dbt1203: Failed to download deferral manifest from the dbt platform for project 70471823559476, continuing without deferral. 404 Not Found: No deferral environment defined for project with ID 70471823559476 To target a specific environment, set `defer-env-id` in your dbt_project.yml under the `dbt-cloud` block.
02:01:15.836517 [info ]: Started building task graph
02:01:15.836604 [info ]: Finished building task graph [  0.00s]
02:01:15.836772 [info ]: Started rendering (1 nodes)
02:01:15.836796 [info ]: Started model ga4_data_staging.stg_retail_transaction
02:01:15.836810 [debug]: Started rendering model ga4_data_staging.stg_retail_transaction
02:01:15.839405 [debug]: Compiled SQL for node model.retail_ecommerce_dbt.stg_retail_transaction at target\.lsp\compiled\retail_ecommerce_dbt\models\staging\stg_retail_transaction.sql
02:01:15.839629 [debug]: Finished rendering [  0.00s] model ga4_data_staging.stg_retail_transaction [success]
02:01:15.839655 [info ]: Finished rendering [  0.00s] (1 nodes, 0 skipped, 0 errors)
02:01:15.839677 [info ]: Started analyzing (1 nodes)
02:01:15.839685 [debug]: Started analyzing model ga4_data_staging.stg_retail_transaction
02:01:15.839917 [debug]: Finished analyzing [  0.00s] model ga4_data_staging.stg_retail_transaction [success]
02:01:15.839927 [info ]: Finished analyzing [  0.00s] (1 nodes, 0 skipped, 0 errors)
02:01:15.839934 [info ]:  Succeeded [  0.00s] model ga4_data_staging.stg_retail_transaction (view)
02:01:15.844064 [info ]: Started scheduling
02:01:15.844126 [info ]: Finished scheduling [  0.00s]
02:01:15.845892 [info ]: Cached model count updated: 2 models (accurate)
02:01:20.594281 [info ]: Started loading project
02:01:20.595201 [info ]: Loading ~/.dbt/profiles.yml
02:01:20.618262 [info ]: Cached model count updated: 2 models (estimate)
02:01:20.618292 [info ]: Cached model count updated: 2 models (accurate)
02:01:20.618821 [info ]: Started scheduling
02:01:20.620691 [info ]: Finished scheduling [  0.00s]
02:01:20.620717 [debug]: Compilation - 0 nodes selected: {}
02:01:20.620968 [warn ]: dbt1092: The selection criterion '+fqn:model.retail_ecommerce_dbt.int_constumer_metrics' does not match any enabled nodes
02:01:20.620989 [warn ]: dbt1601: Nothing to do. Try checking your model configs and model specification args
02:01:20.622004 [info ]: DOWNLOADING deferral manifest
02:01:20.622127 [info ]: Finished loading project [  0.03s]
02:01:21.029193 [warn ]: dbt1203: Failed to download deferral manifest from the dbt platform for project 70471823559476, continuing without deferral. 404 Not Found: No deferral environment defined for project with ID 70471823559476 To target a specific environment, set `defer-env-id` in your dbt_project.yml under the `dbt-cloud` block.
02:01:21.210517 [info ]: Started building task graph
02:01:21.210572 [info ]: Finished building task graph [  0.00s]
02:01:21.214478 [info ]: Started scheduling
02:01:21.214529 [info ]: Finished scheduling [  0.00s]
02:01:21.215140 [info ]: Cached model count updated: 2 models (accurate)
02:01:22.786849 [info ]: Started loading project
02:01:22.788707 [info ]: Loading ~/.dbt/profiles.yml
02:01:22.833301 [info ]: Cached model count updated: 2 models (estimate)
02:01:22.833328 [info ]: Cached model count updated: 2 models (accurate)
02:01:22.833633 [info ]: Started scheduling
02:01:22.833697 [info ]: Finished scheduling [  0.00s]
02:01:22.833716 [debug]: Compilation - 0 nodes selected: {}
02:01:22.833737 [warn ]: dbt1092: The selection criterion '+fqn:model.retail_ecommerce_dbt.int_constumer_metrics+' does not match any enabled nodes
02:01:22.833749 [warn ]: dbt1601: Nothing to do. Try checking your model configs and model specification args
02:01:22.834727 [info ]: DOWNLOADING deferral manifest
02:01:22.834809 [info ]: Finished loading project [  0.05s]
02:01:23.507792 [warn ]: dbt1203: Failed to download deferral manifest from the dbt platform for project 70471823559476, continuing without deferral. 404 Not Found: No deferral environment defined for project with ID 70471823559476 To target a specific environment, set `defer-env-id` in your dbt_project.yml under the `dbt-cloud` block.
02:01:23.691103 [info ]: Started building task graph
02:01:23.691191 [info ]: Finished building task graph [  0.00s]
02:01:23.699472 [info ]: Started scheduling
02:01:23.699533 [info ]: Finished scheduling [  0.00s]
02:01:23.700878 [info ]: Cached model count updated: 2 models (accurate)
02:01:25.272268 [info ]: Started loading project
02:01:25.273160 [info ]: Loading ~/.dbt/profiles.yml
02:01:25.313689 [info ]: Cached model count updated: 2 models (estimate)
02:01:25.313724 [info ]: Cached model count updated: 2 models (accurate)
02:01:25.313755 [info ]: Started scheduling
02:01:25.313812 [info ]: Finished scheduling [  0.00s]
02:01:25.313827 [debug]: Compilation - 1 nodes selected: {"model.retail_ecommerce_dbt.stg_retail_transaction"}
02:01:25.314857 [info ]: DOWNLOADING deferral manifest
02:01:25.314960 [info ]: Finished loading project [  0.04s]
02:01:25.721310 [warn ]: dbt1203: Failed to download deferral manifest from the dbt platform for project 70471823559476, continuing without deferral. 404 Not Found: No deferral environment defined for project with ID 70471823559476 To target a specific environment, set `defer-env-id` in your dbt_project.yml under the `dbt-cloud` block.
02:01:25.901171 [info ]: Started building task graph
02:01:25.901226 [info ]: Finished building task graph [  0.00s]
02:01:25.901350 [info ]: Started rendering (1 nodes)
02:01:25.901370 [info ]: Started model ga4_data_staging.stg_retail_transaction
02:01:25.901382 [debug]: Started rendering model ga4_data_staging.stg_retail_transaction
02:01:25.912209 [debug]: Compiled SQL for node model.retail_ecommerce_dbt.stg_retail_transaction at target\.lsp\compiled\retail_ecommerce_dbt\models\staging\stg_retail_transaction.sql
02:01:25.912321 [debug]: Finished rendering [  0.01s] model ga4_data_staging.stg_retail_transaction [success]
02:01:25.912347 [info ]: Finished rendering [  0.01s] (1 nodes, 0 skipped, 0 errors)
02:01:25.912372 [info ]: Started analyzing (1 nodes)
02:01:25.912381 [debug]: Started analyzing model ga4_data_staging.stg_retail_transaction
02:01:25.912643 [debug]: Finished analyzing [  0.00s] model ga4_data_staging.stg_retail_transaction [success]
02:01:25.912654 [info ]: Finished analyzing [  0.00s] (1 nodes, 0 skipped, 0 errors)
02:01:25.912661 [info ]:  Succeeded [  0.01s] model ga4_data_staging.stg_retail_transaction (view)
02:01:25.917048 [info ]: Started scheduling
02:01:25.917104 [info ]: Finished scheduling [  0.00s]
02:01:25.918399 [info ]: Cached model count updated: 2 models (accurate)
02:01:29.063545 [info ]: Started loading project
02:01:29.064449 [info ]: Loading ~/.dbt/profiles.yml
02:01:29.088000 [info ]: Cached model count updated: 2 models (estimate)
02:01:29.088028 [info ]: Cached model count updated: 2 models (accurate)
02:01:29.088060 [info ]: Started scheduling
02:01:29.088108 [info ]: Finished scheduling [  0.00s]
02:01:29.088122 [debug]: Compilation - 0 nodes selected: {}
02:01:29.088137 [warn ]: dbt1092: The selection criterion '+fqn:model.retail_ecommerce_dbt.int_constumer_metrics' does not match any enabled nodes
02:01:29.088146 [warn ]: dbt1601: Nothing to do. Try checking your model configs and model specification args
02:01:29.089222 [info ]: DOWNLOADING deferral manifest
02:01:29.089381 [info ]: Finished loading project [  0.03s]
02:01:29.463695 [warn ]: dbt1203: Failed to download deferral manifest from the dbt platform for project 70471823559476, continuing without deferral. 404 Not Found: No deferral environment defined for project with ID 70471823559476 To target a specific environment, set `defer-env-id` in your dbt_project.yml under the `dbt-cloud` block.
02:01:29.677160 [info ]: Started building task graph
02:01:29.677208 [info ]: Finished building task graph [  0.00s]
02:01:29.681303 [info ]: Started scheduling
02:01:29.681361 [info ]: Finished scheduling [  0.00s]
02:01:29.682227 [info ]: Cached model count updated: 2 models (accurate)
02:01:30.425100 [info ]: Started loading project
02:01:30.426396 [info ]: Loading ~/.dbt/profiles.yml
02:01:30.458394 [info ]: Cached model count updated: 2 models (estimate)
02:01:30.458425 [info ]: Cached model count updated: 2 models (accurate)
02:01:30.458461 [info ]: Started scheduling
02:01:30.458512 [info ]: Finished scheduling [  0.00s]
02:01:30.458537 [debug]: Compilation - 0 nodes selected: {}
02:01:30.458555 [warn ]: dbt1092: The selection criterion '+fqn:model.retail_ecommerce_dbt.int_constumer_metrics' does not match any enabled nodes
02:01:30.458565 [warn ]: dbt1601: Nothing to do. Try checking your model configs and model specification args
02:01:30.459648 [info ]: DOWNLOADING deferral manifest
02:01:30.459909 [info ]: Finished loading project [  0.03s]
02:01:30.842337 [warn ]: dbt1203: Failed to download deferral manifest from the dbt platform for project 70471823559476, continuing without deferral. 404 Not Found: No deferral environment defined for project with ID 70471823559476 To target a specific environment, set `defer-env-id` in your dbt_project.yml under the `dbt-cloud` block.
02:01:31.004672 [info ]: Started building task graph
02:01:31.004717 [info ]: Finished building task graph [  0.00s]
02:01:31.008542 [info ]: Started scheduling
02:01:31.008605 [info ]: Finished scheduling [  0.00s]
02:01:31.009224 [info ]: Cached model count updated: 2 models (accurate)
02:01:31.128725 [info ]: Waiting for lease on 'target' directory
02:01:31.471196 [info ]: Started loading project
02:01:31.471931 [info ]: Loading ~/.dbt/profiles.yml
02:01:31.495778 [info ]: Cached model count updated: 2 models (estimate)
02:01:31.495818 [info ]: Cached model count updated: 2 models (accurate)
02:01:31.495874 [info ]: Started scheduling
02:01:31.495952 [info ]: Finished scheduling [  0.00s]
02:01:31.495983 [debug]: Compilation - 0 nodes selected: {}
02:01:31.496009 [warn ]: dbt1092: The selection criterion '+fqn:model.retail_ecommerce_dbt.int_constumer_metrics' does not match any enabled nodes
02:01:31.496031 [warn ]: dbt1601: Nothing to do. Try checking your model configs and model specification args
02:01:31.497522 [info ]: DOWNLOADING deferral manifest
02:01:31.497604 [info ]: Finished loading project [  0.03s]
02:01:31.882683 [warn ]: dbt1203: Failed to download deferral manifest from the dbt platform for project 70471823559476, continuing without deferral. 404 Not Found: No deferral environment defined for project with ID 70471823559476 To target a specific environment, set `defer-env-id` in your dbt_project.yml under the `dbt-cloud` block.
02:01:32.132979 [info ]: Started building task graph
02:01:32.133039 [info ]: Finished building task graph [  0.00s]
02:01:32.138769 [info ]: Started scheduling
02:01:32.138855 [info ]: Finished scheduling [  0.00s]
02:01:32.139956 [info ]: Cached model count updated: 2 models (accurate)
02:01:33.714040 [info ]: Started loading project
02:01:33.715378 [info ]: Loading ~/.dbt/profiles.yml
02:01:33.758281 [info ]: Cached model count updated: 2 models (estimate)
02:01:33.758324 [info ]: Cached model count updated: 2 models (accurate)
02:01:33.758372 [info ]: Started scheduling
02:01:33.758448 [info ]: Finished scheduling [  0.00s]
02:01:33.758470 [debug]: Compilation - 0 nodes selected: {}
02:01:33.758494 [warn ]: dbt1092: The selection criterion '+fqn:model.retail_ecommerce_dbt.int_constumer_metrics+' does not match any enabled nodes
02:01:33.758515 [warn ]: dbt1601: Nothing to do. Try checking your model configs and model specification args
02:01:33.760228 [info ]: DOWNLOADING deferral manifest
02:01:33.760398 [info ]: Finished loading project [  0.05s]
02:01:34.152358 [warn ]: dbt1203: Failed to download deferral manifest from the dbt platform for project 70471823559476, continuing without deferral. 404 Not Found: No deferral environment defined for project with ID 70471823559476 To target a specific environment, set `defer-env-id` in your dbt_project.yml under the `dbt-cloud` block.
02:01:34.346271 [info ]: Started building task graph
02:01:34.346314 [info ]: Finished building task graph [  0.00s]
02:01:34.349728 [info ]: Started scheduling
02:01:34.349779 [info ]: Finished scheduling [  0.00s]
02:01:34.351279 [info ]: Cached model count updated: 2 models (accurate)
02:01:35.920864 [info ]: Started loading project
02:01:35.922024 [info ]: Loading ~/.dbt/profiles.yml
02:01:35.955720 [info ]: Cached model count updated: 2 models (estimate)
02:01:35.955763 [info ]: Cached model count updated: 2 models (accurate)
02:01:35.955796 [info ]: Started scheduling
02:01:35.955856 [info ]: Finished scheduling [  0.00s]
02:01:35.955875 [debug]: Compilation - 1 nodes selected: {"model.retail_ecommerce_dbt.stg_retail_transaction"}
02:01:35.957160 [info ]: DOWNLOADING deferral manifest
02:01:35.957325 [info ]: Finished loading project [  0.04s]
02:01:36.328593 [warn ]: dbt1203: Failed to download deferral manifest from the dbt platform for project 70471823559476, continuing without deferral. 404 Not Found: No deferral environment defined for project with ID 70471823559476 To target a specific environment, set `defer-env-id` in your dbt_project.yml under the `dbt-cloud` block.
02:01:36.519019 [info ]: Started building task graph
02:01:36.519081 [info ]: Finished building task graph [  0.00s]
02:01:36.519227 [info ]: Started rendering (1 nodes)
02:01:36.519252 [info ]: Started model ga4_data_staging.stg_retail_transaction
02:01:36.519265 [debug]: Started rendering model ga4_data_staging.stg_retail_transaction
02:01:36.519771 [debug]: Compiled SQL for node model.retail_ecommerce_dbt.stg_retail_transaction at target\.lsp\compiled\retail_ecommerce_dbt\models\staging\stg_retail_transaction.sql
02:01:36.519867 [debug]: Finished rendering [  0.00s] model ga4_data_staging.stg_retail_transaction [success]
02:01:36.519891 [info ]: Finished rendering [  0.00s] (1 nodes, 0 skipped, 0 errors)
02:01:36.519908 [info ]: Started analyzing (1 nodes)
02:01:36.519916 [debug]: Started analyzing model ga4_data_staging.stg_retail_transaction
02:01:36.520165 [debug]: Finished analyzing [  0.00s] model ga4_data_staging.stg_retail_transaction [success]
02:01:36.520175 [info ]: Finished analyzing [  0.00s] (1 nodes, 0 skipped, 0 errors)
02:01:36.520183 [info ]:  Succeeded [-------] model ga4_data_staging.stg_retail_transaction (view)
02:01:36.526709 [info ]: Started scheduling
02:01:36.526800 [info ]: Finished scheduling [  0.00s]
02:01:36.529143 [info ]: Cached model count updated: 2 models (accurate)
02:01:39.375183 [info ]: Started loading project
02:01:39.376001 [info ]: Loading ~/.dbt/profiles.yml
02:01:39.397772 [info ]: Cached model count updated: 2 models (estimate)
02:01:39.397799 [info ]: Cached model count updated: 2 models (accurate)
02:01:39.397832 [info ]: Started scheduling
02:01:39.397879 [info ]: Finished scheduling [  0.00s]
02:01:39.397892 [debug]: Compilation - 0 nodes selected: {}
02:01:39.397908 [warn ]: dbt1092: The selection criterion '+fqn:model.retail_ecommerce_dbt.int_constumer_metrics' does not match any enabled nodes
02:01:39.397918 [warn ]: dbt1601: Nothing to do. Try checking your model configs and model specification args
02:01:39.398950 [info ]: DOWNLOADING deferral manifest
02:01:39.399107 [info ]: Finished loading project [  0.02s]
02:01:39.788057 [warn ]: dbt1203: Failed to download deferral manifest from the dbt platform for project 70471823559476, continuing without deferral. 404 Not Found: No deferral environment defined for project with ID 70471823559476 To target a specific environment, set `defer-env-id` in your dbt_project.yml under the `dbt-cloud` block.
02:01:39.981282 [info ]: Started building task graph
02:01:39.981322 [info ]: Finished building task graph [  0.00s]
02:01:39.984870 [info ]: Started scheduling
02:01:39.984939 [info ]: Finished scheduling [  0.00s]
02:01:39.985657 [info ]: Cached model count updated: 2 models (accurate)
02:01:40.641964 [info ]: Started loading project
02:01:40.642864 [info ]: Loading ~/.dbt/profiles.yml
02:01:40.668287 [info ]: Cached model count updated: 2 models (estimate)
02:01:40.668315 [info ]: Cached model count updated: 2 models (accurate)
02:01:40.668350 [info ]: Started scheduling
02:01:40.668403 [info ]: Finished scheduling [  0.00s]
02:01:40.668421 [debug]: Compilation - 0 nodes selected: {}
02:01:40.668438 [warn ]: dbt1092: The selection criterion '+fqn:model.retail_ecommerce_dbt.int_constumer_metrics' does not match any enabled nodes
02:01:40.668451 [warn ]: dbt1601: Nothing to do. Try checking your model configs and model specification args
02:01:40.669495 [info ]: DOWNLOADING deferral manifest
02:01:40.669600 [info ]: Finished loading project [  0.03s]
02:01:41.053055 [warn ]: dbt1203: Failed to download deferral manifest from the dbt platform for project 70471823559476, continuing without deferral. 404 Not Found: No deferral environment defined for project with ID 70471823559476 To target a specific environment, set `defer-env-id` in your dbt_project.yml under the `dbt-cloud` block.
02:01:41.241807 [info ]: Started building task graph
02:01:41.241924 [info ]: Finished building task graph [  0.00s]
02:01:41.245397 [info ]: Started scheduling
02:01:41.245447 [info ]: Finished scheduling [  0.00s]
02:01:41.246307 [info ]: Cached model count updated: 2 models (accurate)
02:01:42.055034 [info ]: Started loading project
02:01:42.055821 [info ]: Loading ~/.dbt/profiles.yml
02:01:42.079140 [info ]: Cached model count updated: 2 models (estimate)
02:01:42.079185 [info ]: Cached model count updated: 2 models (accurate)
02:01:42.079237 [info ]: Started scheduling
02:01:42.079294 [info ]: Finished scheduling [  0.00s]
02:01:42.079316 [debug]: Compilation - 0 nodes selected: {}
02:01:42.079333 [warn ]: dbt1092: The selection criterion '+fqn:model.retail_ecommerce_dbt.int_constumer_metrics' does not match any enabled nodes
02:01:42.079343 [warn ]: dbt1601: Nothing to do. Try checking your model configs and model specification args
02:01:42.080481 [info ]: DOWNLOADING deferral manifest
02:01:42.080663 [info ]: Finished loading project [  0.03s]
02:01:42.457016 [warn ]: dbt1203: Failed to download deferral manifest from the dbt platform for project 70471823559476, continuing without deferral. 404 Not Found: No deferral environment defined for project with ID 70471823559476 To target a specific environment, set `defer-env-id` in your dbt_project.yml under the `dbt-cloud` block.
02:01:42.617633 [info ]: Started building task graph
02:01:42.617674 [info ]: Finished building task graph [  0.00s]
02:01:42.621123 [info ]: Started scheduling
02:01:42.621175 [info ]: Finished scheduling [  0.00s]
02:01:42.621781 [info ]: Cached model count updated: 2 models (accurate)
02:01:43.516985 [info ]: Started loading project
02:01:43.517711 [info ]: Loading ~/.dbt/profiles.yml
02:01:43.539193 [info ]: Cached model count updated: 2 models (estimate)
02:01:43.539220 [info ]: Cached model count updated: 2 models (accurate)
02:01:43.539251 [info ]: Started scheduling
02:01:43.539300 [info ]: Finished scheduling [  0.00s]
02:01:43.539313 [debug]: Compilation - 0 nodes selected: {}
02:01:43.539327 [warn ]: dbt1092: The selection criterion '+fqn:model.retail_ecommerce_dbt.int_constumer_metrics' does not match any enabled nodes
02:01:43.539336 [warn ]: dbt1601: Nothing to do. Try checking your model configs and model specification args
02:01:43.540305 [info ]: DOWNLOADING deferral manifest
02:01:43.540355 [info ]: Finished loading project [  0.02s]
02:01:44.173776 [warn ]: dbt1203: Failed to download deferral manifest from the dbt platform for project 70471823559476, continuing without deferral. 404 Not Found: No deferral environment defined for project with ID 70471823559476 To target a specific environment, set `defer-env-id` in your dbt_project.yml under the `dbt-cloud` block.
02:01:44.322284 [info ]: Started building task graph
02:01:44.322324 [info ]: Finished building task graph [  0.00s]
02:01:44.325928 [info ]: Started scheduling
02:01:44.325987 [info ]: Finished scheduling [  0.00s]
02:01:44.326592 [info ]: Cached model count updated: 2 models (accurate)
02:01:44.433302 [info ]: Waiting for lease on 'target' directory
02:01:44.606611 [info ]: Started loading project
02:01:44.607502 [info ]: Loading ~/.dbt/profiles.yml
02:01:44.632172 [info ]: Cached model count updated: 2 models (estimate)
02:01:44.632200 [info ]: Cached model count updated: 2 models (accurate)
02:01:44.632231 [info ]: Started scheduling
02:01:44.632277 [info ]: Finished scheduling [  0.00s]
02:01:44.632290 [debug]: Compilation - 0 nodes selected: {}
02:01:44.632304 [warn ]: dbt1092: The selection criterion '+fqn:model.retail_ecommerce_dbt.int_constumer_metrics' does not match any enabled nodes
02:01:44.632317 [warn ]: dbt1601: Nothing to do. Try checking your model configs and model specification args
02:01:44.633302 [info ]: DOWNLOADING deferral manifest
02:01:44.633477 [info ]: Finished loading project [  0.03s]
02:01:45.086503 [warn ]: dbt1203: Failed to download deferral manifest from the dbt platform for project 70471823559476, continuing without deferral. 404 Not Found: No deferral environment defined for project with ID 70471823559476 To target a specific environment, set `defer-env-id` in your dbt_project.yml under the `dbt-cloud` block.
02:01:45.246783 [info ]: Started building task graph
02:01:45.246823 [info ]: Finished building task graph [  0.00s]
02:01:45.250106 [info ]: Started scheduling
02:01:45.250155 [info ]: Finished scheduling [  0.00s]
02:01:45.250838 [info ]: Cached model count updated: 2 models (accurate)
02:01:46.818662 [info ]: Started loading project
02:01:46.821419 [info ]: Loading ~/.dbt/profiles.yml
02:01:46.863508 [info ]: Cached model count updated: 2 models (estimate)
02:01:46.863539 [info ]: Cached model count updated: 2 models (accurate)
02:01:46.863574 [info ]: Started scheduling
02:01:46.863629 [info ]: Finished scheduling [  0.00s]
02:01:46.863649 [debug]: Compilation - 0 nodes selected: {}
02:01:46.863668 [warn ]: dbt1092: The selection criterion '+fqn:model.retail_ecommerce_dbt.int_constumer_metrics+' does not match any enabled nodes
02:01:46.863681 [warn ]: dbt1601: Nothing to do. Try checking your model configs and model specification args
02:01:46.864767 [info ]: DOWNLOADING deferral manifest
02:01:46.864938 [info ]: Finished loading project [  0.05s]
02:01:47.822565 [warn ]: dbt1203: Failed to download deferral manifest from the dbt platform for project 70471823559476, continuing without deferral. 404 Not Found: No deferral environment defined for project with ID 70471823559476 To target a specific environment, set `defer-env-id` in your dbt_project.yml under the `dbt-cloud` block.
02:01:48.023773 [info ]: Started building task graph
02:01:48.023814 [info ]: Finished building task graph [  0.00s]
02:01:48.028942 [info ]: Started scheduling
02:01:48.029041 [info ]: Finished scheduling [  0.00s]
02:01:48.030384 [info ]: Cached model count updated: 2 models (accurate)
02:01:49.574993 [info ]: Started loading project
02:01:49.576289 [info ]: Loading ~/.dbt/profiles.yml
02:01:49.614870 [info ]: Cached model count updated: 2 models (estimate)
02:01:49.614900 [info ]: Cached model count updated: 2 models (accurate)
02:01:49.614929 [info ]: Started scheduling
02:01:49.614979 [info ]: Finished scheduling [  0.00s]
02:01:49.614994 [debug]: Compilation - 1 nodes selected: {"model.retail_ecommerce_dbt.stg_retail_transaction"}
02:01:49.616231 [info ]: DOWNLOADING deferral manifest
02:01:49.616292 [info ]: Finished loading project [  0.04s]
02:01:50.286059 [warn ]: dbt1203: Failed to download deferral manifest from the dbt platform for project 70471823559476, continuing without deferral. 404 Not Found: No deferral environment defined for project with ID 70471823559476 To target a specific environment, set `defer-env-id` in your dbt_project.yml under the `dbt-cloud` block.
02:01:50.464538 [info ]: Started building task graph
02:01:50.464595 [info ]: Finished building task graph [  0.00s]
02:01:50.464737 [info ]: Started rendering (1 nodes)
02:01:50.464759 [info ]: Started model ga4_data_staging.stg_retail_transaction
02:01:50.464771 [debug]: Started rendering model ga4_data_staging.stg_retail_transaction
02:01:50.465245 [debug]: Compiled SQL for node model.retail_ecommerce_dbt.stg_retail_transaction at target\.lsp\compiled\retail_ecommerce_dbt\models\staging\stg_retail_transaction.sql
02:01:50.465364 [debug]: Finished rendering [  0.00s] model ga4_data_staging.stg_retail_transaction [success]
02:01:50.465389 [info ]: Finished rendering [  0.00s] (1 nodes, 0 skipped, 0 errors)
02:01:50.465406 [info ]: Started analyzing (1 nodes)
02:01:50.465413 [debug]: Started analyzing model ga4_data_staging.stg_retail_transaction
02:01:50.465641 [debug]: Finished analyzing [  0.00s] model ga4_data_staging.stg_retail_transaction [success]
02:01:50.465653 [info ]: Finished analyzing [  0.00s] (1 nodes, 0 skipped, 0 errors)
02:01:50.465659 [info ]:  Succeeded [-------] model ga4_data_staging.stg_retail_transaction (view)
02:01:50.469587 [info ]: Started scheduling
02:01:50.469643 [info ]: Finished scheduling [  0.00s]
02:01:50.470907 [info ]: Cached model count updated: 2 models (accurate)
02:01:54.687501 [info ]: Started loading project
02:01:54.688278 [info ]: Loading ~/.dbt/profiles.yml
02:01:54.710286 [info ]: Cached model count updated: 2 models (estimate)
02:01:54.710315 [info ]: Cached model count updated: 2 models (accurate)
02:01:54.710346 [info ]: Started scheduling
02:01:54.710393 [info ]: Finished scheduling [  0.00s]
02:01:54.710407 [debug]: Compilation - 0 nodes selected: {}
02:01:54.710422 [warn ]: dbt1092: The selection criterion '+fqn:model.retail_ecommerce_dbt.int_constumer_metrics' does not match any enabled nodes
02:01:54.710432 [warn ]: dbt1601: Nothing to do. Try checking your model configs and model specification args
02:01:54.711317 [info ]: DOWNLOADING deferral manifest
02:01:54.711471 [info ]: Finished loading project [  0.02s]
02:01:55.136725 [warn ]: dbt1203: Failed to download deferral manifest from the dbt platform for project 70471823559476, continuing without deferral. 404 Not Found: No deferral environment defined for project with ID 70471823559476 To target a specific environment, set `defer-env-id` in your dbt_project.yml under the `dbt-cloud` block.
02:01:55.321381 [info ]: Started building task graph
02:01:55.321421 [info ]: Finished building task graph [  0.00s]
02:01:55.324944 [info ]: Started scheduling
02:01:55.324997 [info ]: Finished scheduling [  0.00s]
02:01:55.325784 [info ]: Cached model count updated: 2 models (accurate)
02:01:55.328387 [info ]: Waiting for lease on 'target' directory
02:01:55.799176 [info ]: Started loading project
02:01:55.800020 [info ]: Loading ~/.dbt/profiles.yml
02:01:55.827269 [info ]: Cached model count updated: 2 models (estimate)
02:01:55.827297 [info ]: Cached model count updated: 2 models (accurate)
02:01:55.827329 [info ]: Started scheduling
02:01:55.827379 [info ]: Finished scheduling [  0.00s]
02:01:55.827393 [debug]: Compilation - 0 nodes selected: {}
02:01:55.827408 [warn ]: dbt1092: The selection criterion '+fqn:model.retail_ecommerce_dbt.int_constumer_metrics' does not match any enabled nodes
02:01:55.827418 [warn ]: dbt1601: Nothing to do. Try checking your model configs and model specification args
02:01:55.828329 [info ]: DOWNLOADING deferral manifest
02:01:55.828476 [info ]: Finished loading project [  0.03s]
02:01:56.220881 [warn ]: dbt1203: Failed to download deferral manifest from the dbt platform for project 70471823559476, continuing without deferral. 404 Not Found: No deferral environment defined for project with ID 70471823559476 To target a specific environment, set `defer-env-id` in your dbt_project.yml under the `dbt-cloud` block.
02:01:56.411801 [info ]: Started building task graph
02:01:56.411854 [info ]: Finished building task graph [  0.00s]
02:01:56.415957 [info ]: Started scheduling
02:01:56.416071 [info ]: Finished scheduling [  0.00s]
02:01:56.417008 [info ]: Cached model count updated: 2 models (accurate)
02:01:56.615142 [info ]: Waiting for lease on 'target' directory
02:01:56.855976 [info ]: Started loading project
02:01:56.856832 [info ]: Loading ~/.dbt/profiles.yml
02:01:56.878559 [info ]: Cached model count updated: 2 models (estimate)
02:01:56.878591 [info ]: Cached model count updated: 2 models (accurate)
02:01:56.878625 [info ]: Started scheduling
02:01:56.878681 [info ]: Finished scheduling [  0.00s]
02:01:56.878704 [debug]: Compilation - 0 nodes selected: {}
02:01:56.878721 [warn ]: dbt1092: The selection criterion '+fqn:model.retail_ecommerce_dbt.int_constumer_metrics' does not match any enabled nodes
02:01:56.878730 [warn ]: dbt1601: Nothing to do. Try checking your model configs and model specification args
02:01:56.879690 [info ]: DOWNLOADING deferral manifest
02:01:56.879788 [info ]: Finished loading project [  0.02s]
02:01:57.289652 [warn ]: dbt1203: Failed to download deferral manifest from the dbt platform for project 70471823559476, continuing without deferral. 404 Not Found: No deferral environment defined for project with ID 70471823559476 To target a specific environment, set `defer-env-id` in your dbt_project.yml under the `dbt-cloud` block.
02:01:57.522055 [info ]: Started building task graph
02:01:57.522093 [info ]: Finished building task graph [  0.00s]
02:01:57.524857 [info ]: Started scheduling
02:01:57.524909 [info ]: Finished scheduling [  0.00s]
02:01:57.525519 [info ]: Cached model count updated: 2 models (accurate)
02:01:59.085358 [info ]: Started loading project
02:01:59.086720 [info ]: Loading ~/.dbt/profiles.yml
02:01:59.117875 [info ]: Cached model count updated: 2 models (estimate)
02:01:59.117926 [info ]: Cached model count updated: 2 models (accurate)
02:01:59.117999 [info ]: Started scheduling
02:01:59.118111 [info ]: Finished scheduling [  0.00s]
02:01:59.118143 [debug]: Compilation - 0 nodes selected: {}
02:01:59.118170 [warn ]: dbt1092: The selection criterion '+fqn:model.retail_ecommerce_dbt.int_constumer_metrics+' does not match any enabled nodes
02:01:59.118186 [warn ]: dbt1601: Nothing to do. Try checking your model configs and model specification args
02:01:59.119835 [info ]: DOWNLOADING deferral manifest
02:01:59.120045 [info ]: Finished loading project [  0.03s]
02:01:59.527612 [warn ]: dbt1203: Failed to download deferral manifest from the dbt platform for project 70471823559476, continuing without deferral. 404 Not Found: No deferral environment defined for project with ID 70471823559476 To target a specific environment, set `defer-env-id` in your dbt_project.yml under the `dbt-cloud` block.
02:01:59.545869 [info ]: Cached model count updated: 2 models (accurate)
02:01:59.546944 [info ]: Waiting for lease on 'target' directory
02:01:59.685688 [info ]: Started loading project
02:01:59.687216 [info ]: Loading ~/.dbt/profiles.yml
02:01:59.726839 [info ]: Cached model count updated: 2 models (estimate)
02:01:59.726872 [info ]: Cached model count updated: 2 models (accurate)
02:01:59.726907 [info ]: Started scheduling
02:01:59.726957 [info ]: Finished scheduling [  0.00s]
02:01:59.726971 [debug]: Compilation - 0 nodes selected: {}
02:01:59.726987 [warn ]: dbt1092: The selection criterion '+fqn:model.retail_ecommerce_dbt.int_constumer_metrics' does not match any enabled nodes
02:01:59.727001 [warn ]: dbt1601: Nothing to do. Try checking your model configs and model specification args
02:01:59.728087 [info ]: DOWNLOADING deferral manifest
02:01:59.728156 [info ]: Finished loading project [  0.04s]
02:02:00.132296 [warn ]: dbt1203: Failed to download deferral manifest from the dbt platform for project 70471823559476, continuing without deferral. 404 Not Found: No deferral environment defined for project with ID 70471823559476 To target a specific environment, set `defer-env-id` in your dbt_project.yml under the `dbt-cloud` block.
02:02:00.313088 [info ]: Started building task graph
02:02:00.313125 [info ]: Finished building task graph [  0.00s]
02:02:00.318404 [info ]: Started scheduling
02:02:00.318654 [info ]: Finished scheduling [  0.00s]
02:02:00.322257 [info ]: Cached model count updated: 2 models (accurate)
02:02:01.892538 [info ]: Started loading project
02:02:01.893923 [info ]: Loading ~/.dbt/profiles.yml
02:02:01.929483 [info ]: Cached model count updated: 2 models (estimate)
02:02:01.929516 [info ]: Cached model count updated: 2 models (accurate)
02:02:01.929549 [info ]: Started scheduling
02:02:01.929601 [info ]: Finished scheduling [  0.00s]
02:02:01.929619 [debug]: Compilation - 0 nodes selected: {}
02:02:01.929635 [warn ]: dbt1092: The selection criterion '+fqn:model.retail_ecommerce_dbt.int_constumer_metrics+' does not match any enabled nodes
02:02:01.929645 [warn ]: dbt1601: Nothing to do. Try checking your model configs and model specification args
02:02:01.930623 [info ]: DOWNLOADING deferral manifest
02:02:01.930707 [info ]: Finished loading project [  0.04s]
02:02:02.615427 [warn ]: dbt1203: Failed to download deferral manifest from the dbt platform for project 70471823559476, continuing without deferral. 404 Not Found: No deferral environment defined for project with ID 70471823559476 To target a specific environment, set `defer-env-id` in your dbt_project.yml under the `dbt-cloud` block.
02:02:02.795166 [info ]: Started building task graph
02:02:02.795221 [info ]: Finished building task graph [  0.00s]
02:02:02.799501 [info ]: Started scheduling
02:02:02.799572 [info ]: Finished scheduling [  0.00s]
02:02:02.804044 [info ]: Cached model count updated: 2 models (accurate)
02:02:04.040647 [info ]: Started loading project
02:02:04.041682 [info ]: Loading ~/.dbt/profiles.yml
02:02:04.065894 [info ]: Cached model count updated: 2 models (estimate)
02:02:04.065924 [info ]: Cached model count updated: 2 models (accurate)
02:02:04.065956 [info ]: Started scheduling
02:02:04.066005 [info ]: Finished scheduling [  0.00s]
02:02:04.066018 [debug]: Compilation - 0 nodes selected: {}
02:02:04.066034 [warn ]: dbt1092: The selection criterion '+fqn:model.retail_ecommerce_dbt.int_constumer_metrics' does not match any enabled nodes
02:02:04.066043 [warn ]: dbt1601: Nothing to do. Try checking your model configs and model specification args
02:02:04.067054 [info ]: DOWNLOADING deferral manifest
02:02:04.067239 [info ]: Finished loading project [  0.03s]
02:02:04.489295 [warn ]: dbt1203: Failed to download deferral manifest from the dbt platform for project 70471823559476, continuing without deferral. 404 Not Found: No deferral environment defined for project with ID 70471823559476 To target a specific environment, set `defer-env-id` in your dbt_project.yml under the `dbt-cloud` block.
02:02:04.665635 [info ]: Started building task graph
02:02:04.665676 [info ]: Finished building task graph [  0.00s]
02:02:04.669074 [info ]: Started scheduling
02:02:04.669136 [info ]: Finished scheduling [  0.00s]
02:02:04.669786 [info ]: Cached model count updated: 2 models (accurate)
02:02:04.876816 [info ]: Waiting for lease on 'target' directory
02:02:05.113593 [info ]: Started loading project
02:02:05.114376 [info ]: Loading ~/.dbt/profiles.yml
02:02:05.137524 [info ]: Cached model count updated: 2 models (estimate)
02:02:05.137557 [info ]: Cached model count updated: 2 models (accurate)
02:02:05.137594 [info ]: Started scheduling
02:02:05.137647 [info ]: Finished scheduling [  0.00s]
02:02:05.137663 [debug]: Compilation - 0 nodes selected: {}
02:02:05.137680 [warn ]: dbt1092: The selection criterion '+fqn:model.retail_ecommerce_dbt.int_constumer_metrics' does not match any enabled nodes
02:02:05.137690 [warn ]: dbt1601: Nothing to do. Try checking your model configs and model specification args
02:02:05.138726 [info ]: DOWNLOADING deferral manifest
02:02:05.138774 [info ]: Finished loading project [  0.03s]
02:02:05.565502 [warn ]: dbt1203: Failed to download deferral manifest from the dbt platform for project 70471823559476, continuing without deferral. 404 Not Found: No deferral environment defined for project with ID 70471823559476 To target a specific environment, set `defer-env-id` in your dbt_project.yml under the `dbt-cloud` block.
02:02:05.783270 [info ]: Started building task graph
02:02:05.783314 [info ]: Finished building task graph [  0.00s]
02:02:05.786927 [info ]: Started scheduling
02:02:05.786990 [info ]: Finished scheduling [  0.00s]
02:02:05.787599 [info ]: Cached model count updated: 2 models (accurate)
02:02:07.374695 [info ]: Started loading project
02:02:07.375766 [info ]: Loading ~/.dbt/profiles.yml
02:02:07.400679 [info ]: Cached model count updated: 2 models (estimate)
02:02:07.400712 [info ]: Cached model count updated: 2 models (accurate)
02:02:07.400748 [info ]: Started scheduling
02:02:07.400804 [info ]: Finished scheduling [  0.00s]
02:02:07.400821 [debug]: Compilation - 0 nodes selected: {}
02:02:07.400838 [warn ]: dbt1092: The selection criterion '+fqn:model.retail_ecommerce_dbt.int_constumer_metrics+' does not match any enabled nodes
02:02:07.400850 [warn ]: dbt1601: Nothing to do. Try checking your model configs and model specification args
02:02:07.401900 [info ]: DOWNLOADING deferral manifest
02:02:07.401997 [info ]: Finished loading project [  0.03s]
02:02:07.826950 [warn ]: dbt1203: Failed to download deferral manifest from the dbt platform for project 70471823559476, continuing without deferral. 404 Not Found: No deferral environment defined for project with ID 70471823559476 To target a specific environment, set `defer-env-id` in your dbt_project.yml under the `dbt-cloud` block.
02:02:08.009997 [info ]: Started building task graph
02:02:08.010039 [info ]: Finished building task graph [  0.00s]
02:02:08.013818 [info ]: Started scheduling
02:02:08.013878 [info ]: Finished scheduling [  0.00s]
02:02:08.015057 [info ]: Cached model count updated: 2 models (accurate)
02:02:09.537450 [info ]: Started loading project
02:02:09.538913 [info ]: Loading ~/.dbt/profiles.yml
02:02:09.585234 [info ]: Cached model count updated: 2 models (estimate)
02:02:09.585262 [info ]: Cached model count updated: 2 models (accurate)
02:02:09.585289 [info ]: Started scheduling
02:02:09.585341 [info ]: Finished scheduling [  0.00s]
02:02:09.585355 [debug]: Compilation - 1 nodes selected: {"model.retail_ecommerce_dbt.stg_retail_transaction"}
02:02:09.586345 [info ]: DOWNLOADING deferral manifest
02:02:09.586508 [info ]: Finished loading project [  0.05s]
02:02:10.658134 [warn ]: dbt1203: Failed to download deferral manifest from the dbt platform for project 70471823559476, continuing without deferral. 404 Not Found: No deferral environment defined for project with ID 70471823559476 To target a specific environment, set `defer-env-id` in your dbt_project.yml under the `dbt-cloud` block.
02:02:10.665355 [info ]: Cached model count updated: 2 models (accurate)
02:02:10.666509 [info ]: Waiting for lease on 'target' directory
02:02:11.150774 [info ]: Started loading project
02:02:11.152109 [info ]: Loading ~/.dbt/profiles.yml
02:02:11.200445 [info ]: Cached model count updated: 2 models (estimate)
02:02:11.200549 [info ]: Cached model count updated: 2 models (accurate)
02:02:11.200627 [info ]: Started scheduling
02:02:11.200724 [info ]: Finished scheduling [  0.00s]
02:02:11.200749 [debug]: Compilation - 0 nodes selected: {}
02:02:11.200773 [warn ]: dbt1092: The selection criterion '+fqn:model.retail_ecommerce_dbt.int_constumer_metrics' does not match any enabled nodes
02:02:11.200788 [warn ]: dbt1601: Nothing to do. Try checking your model configs and model specification args
02:02:11.202781 [info ]: DOWNLOADING deferral manifest
02:02:11.202851 [info ]: Finished loading project [  0.05s]
02:02:11.709316 [warn ]: dbt1203: Failed to download deferral manifest from the dbt platform for project 70471823559476, continuing without deferral. 404 Not Found: No deferral environment defined for project with ID 70471823559476 To target a specific environment, set `defer-env-id` in your dbt_project.yml under the `dbt-cloud` block.
02:02:11.885019 [info ]: Started building task graph
02:02:11.885058 [info ]: Finished building task graph [  0.00s]
02:02:11.888053 [info ]: Started scheduling
02:02:11.888115 [info ]: Finished scheduling [  0.00s]
02:02:11.888726 [info ]: Cached model count updated: 2 models (accurate)
02:02:13.446684 [info ]: Started loading project
02:02:13.448103 [info ]: Loading ~/.dbt/profiles.yml
02:02:13.485067 [info ]: Cached model count updated: 2 models (estimate)
02:02:13.485170 [info ]: Cached model count updated: 2 models (accurate)
02:02:13.485231 [info ]: Started scheduling
02:02:13.485313 [info ]: Finished scheduling [  0.00s]
02:02:13.485342 [debug]: Compilation - 0 nodes selected: {}
02:02:13.485368 [warn ]: dbt1092: The selection criterion '+fqn:model.retail_ecommerce_dbt.int_constumer_metrics+' does not match any enabled nodes
02:02:13.485383 [warn ]: dbt1601: Nothing to do. Try checking your model configs and model specification args
02:02:13.487310 [info ]: DOWNLOADING deferral manifest
02:02:13.487518 [info ]: Finished loading project [  0.04s]
02:02:13.959606 [warn ]: dbt1203: Failed to download deferral manifest from the dbt platform for project 70471823559476, continuing without deferral. 404 Not Found: No deferral environment defined for project with ID 70471823559476 To target a specific environment, set `defer-env-id` in your dbt_project.yml under the `dbt-cloud` block.
02:02:14.148102 [info ]: Started building task graph
02:02:14.148141 [info ]: Finished building task graph [  0.00s]
02:02:14.151490 [info ]: Started scheduling
02:02:14.151548 [info ]: Finished scheduling [  0.00s]
02:02:14.153122 [info ]: Cached model count updated: 2 models (accurate)
02:02:15.467302 [info ]: Started loading project
02:02:15.468152 [info ]: Loading ~/.dbt/profiles.yml
02:02:15.491017 [info ]: Cached model count updated: 2 models (estimate)
02:02:15.491046 [info ]: Cached model count updated: 2 models (accurate)
02:02:15.491078 [info ]: Started scheduling
02:02:15.491128 [info ]: Finished scheduling [  0.00s]
02:02:15.491142 [debug]: Compilation - 0 nodes selected: {}
02:02:15.491157 [warn ]: dbt1092: The selection criterion '+fqn:model.retail_ecommerce_dbt.int_constumer_metrics' does not match any enabled nodes
02:02:15.491166 [warn ]: dbt1601: Nothing to do. Try checking your model configs and model specification args
02:02:15.492141 [info ]: DOWNLOADING deferral manifest
02:02:15.492230 [info ]: Finished loading project [  0.02s]
02:02:15.881573 [warn ]: dbt1203: Failed to download deferral manifest from the dbt platform for project 70471823559476, continuing without deferral. 404 Not Found: No deferral environment defined for project with ID 70471823559476 To target a specific environment, set `defer-env-id` in your dbt_project.yml under the `dbt-cloud` block.
02:02:16.090978 [info ]: Started building task graph
02:02:16.091019 [info ]: Finished building task graph [  0.00s]
02:02:16.094517 [info ]: Started scheduling
02:02:16.094581 [info ]: Finished scheduling [  0.00s]
02:02:16.095210 [info ]: Cached model count updated: 2 models (accurate)
02:02:16.097372 [info ]: Waiting for lease on 'target' directory
02:02:16.566821 [info ]: Started loading project
02:02:16.567582 [info ]: Loading ~/.dbt/profiles.yml
02:02:16.592028 [info ]: Cached model count updated: 2 models (estimate)
02:02:16.592059 [info ]: Cached model count updated: 2 models (accurate)
02:02:16.592096 [info ]: Started scheduling
02:02:16.592149 [info ]: Finished scheduling [  0.00s]
02:02:16.592164 [debug]: Compilation - 0 nodes selected: {}
02:02:16.592191 [warn ]: dbt1092: The selection criterion '+fqn:model.retail_ecommerce_dbt.int_constumer_metrics' does not match any enabled nodes
02:02:16.592201 [warn ]: dbt1601: Nothing to do. Try checking your model configs and model specification args
02:02:16.593353 [info ]: DOWNLOADING deferral manifest
02:02:16.593497 [info ]: Finished loading project [  0.03s]
02:02:17.002510 [warn ]: dbt1203: Failed to download deferral manifest from the dbt platform for project 70471823559476, continuing without deferral. 404 Not Found: No deferral environment defined for project with ID 70471823559476 To target a specific environment, set `defer-env-id` in your dbt_project.yml under the `dbt-cloud` block.
02:02:17.189999 [info ]: Started building task graph
02:02:17.190043 [info ]: Finished building task graph [  0.00s]
02:02:17.193430 [info ]: Started scheduling
02:02:17.193483 [info ]: Finished scheduling [  0.00s]
02:02:17.194091 [info ]: Cached model count updated: 2 models (accurate)
02:02:17.334388 [info ]: Waiting for lease on 'target' directory
02:02:17.680122 [info ]: Started loading project
02:02:17.681471 [info ]: Loading ~/.dbt/profiles.yml
02:02:17.719152 [info ]: Cached model count updated: 2 models (estimate)
02:02:17.719204 [info ]: Cached model count updated: 2 models (accurate)
02:02:17.719262 [info ]: Started scheduling
02:02:17.719311 [info ]: Finished scheduling [  0.00s]
02:02:17.719329 [debug]: Compilation - 0 nodes selected: {}
02:02:17.719345 [warn ]: dbt1092: The selection criterion '+fqn:model.retail_ecommerce_dbt.int_constumer_metrics' does not match any enabled nodes
02:02:17.719357 [warn ]: dbt1601: Nothing to do. Try checking your model configs and model specification args
02:02:17.720349 [info ]: DOWNLOADING deferral manifest
02:02:17.720510 [info ]: Finished loading project [  0.04s]
02:02:18.119153 [warn ]: dbt1203: Failed to download deferral manifest from the dbt platform for project 70471823559476, continuing without deferral. 404 Not Found: No deferral environment defined for project with ID 70471823559476 To target a specific environment, set `defer-env-id` in your dbt_project.yml under the `dbt-cloud` block.
02:02:18.320697 [info ]: Started building task graph
02:02:18.320741 [info ]: Finished building task graph [  0.00s]
02:02:18.324074 [info ]: Started scheduling
02:02:18.324123 [info ]: Finished scheduling [  0.00s]
02:02:18.324743 [info ]: Cached model count updated: 2 models (accurate)
02:02:19.884782 [info ]: Started loading project
02:02:19.886759 [info ]: Loading ~/.dbt/profiles.yml
02:02:19.923607 [info ]: Cached model count updated: 2 models (estimate)
02:02:19.923635 [info ]: Cached model count updated: 2 models (accurate)
02:02:19.923669 [info ]: Started scheduling
02:02:19.923716 [info ]: Finished scheduling [  0.00s]
02:02:19.923730 [debug]: Compilation - 0 nodes selected: {}
02:02:19.923745 [warn ]: dbt1092: The selection criterion '+fqn:model.retail_ecommerce_dbt.int_constumer_metrics+' does not match any enabled nodes
02:02:19.923755 [warn ]: dbt1601: Nothing to do. Try checking your model configs and model specification args
02:02:19.924737 [info ]: DOWNLOADING deferral manifest
02:02:19.924894 [info ]: Finished loading project [  0.04s]
02:02:20.315417 [warn ]: dbt1203: Failed to download deferral manifest from the dbt platform for project 70471823559476, continuing without deferral. 404 Not Found: No deferral environment defined for project with ID 70471823559476 To target a specific environment, set `defer-env-id` in your dbt_project.yml under the `dbt-cloud` block.
02:02:20.542518 [info ]: Started building task graph
02:02:20.542555 [info ]: Finished building task graph [  0.00s]
02:02:20.545739 [info ]: Started scheduling
02:02:20.545812 [info ]: Finished scheduling [  0.00s]
02:02:20.547382 [info ]: Cached model count updated: 2 models (accurate)
02:02:22.127003 [info ]: Started loading project
02:02:22.129525 [info ]: Loading ~/.dbt/profiles.yml
02:02:22.174807 [info ]: Cached model count updated: 2 models (estimate)
02:02:22.174839 [info ]: Cached model count updated: 2 models (accurate)
02:02:22.174869 [info ]: Started scheduling
02:02:22.174925 [info ]: Finished scheduling [  0.00s]
02:02:22.174940 [debug]: Compilation - 1 nodes selected: {"model.retail_ecommerce_dbt.stg_retail_transaction"}
02:02:22.175951 [info ]: DOWNLOADING deferral manifest
02:02:22.176036 [info ]: Finished loading project [  0.05s]
02:02:22.580654 [warn ]: dbt1203: Failed to download deferral manifest from the dbt platform for project 70471823559476, continuing without deferral. 404 Not Found: No deferral environment defined for project with ID 70471823559476 To target a specific environment, set `defer-env-id` in your dbt_project.yml under the `dbt-cloud` block.
02:02:22.813282 [info ]: Started building task graph
02:02:22.813348 [info ]: Finished building task graph [  0.00s]
02:02:22.813498 [info ]: Started rendering (1 nodes)
02:02:22.813519 [info ]: Started model ga4_data_staging.stg_retail_transaction
02:02:22.813605 [debug]: Started rendering model ga4_data_staging.stg_retail_transaction
02:02:22.814138 [debug]: Compiled SQL for node model.retail_ecommerce_dbt.stg_retail_transaction at target\.lsp\compiled\retail_ecommerce_dbt\models\staging\stg_retail_transaction.sql
02:02:22.814212 [debug]: Finished rendering [  0.00s] model ga4_data_staging.stg_retail_transaction [success]
02:02:22.814233 [info ]: Finished rendering [  0.00s] (1 nodes, 0 skipped, 0 errors)
02:02:22.814250 [info ]: Started analyzing (1 nodes)
02:02:22.814261 [debug]: Started analyzing model ga4_data_staging.stg_retail_transaction
02:02:22.814514 [debug]: Finished analyzing [  0.00s] model ga4_data_staging.stg_retail_transaction [success]
02:02:22.814531 [info ]: Finished analyzing [  0.00s] (1 nodes, 0 skipped, 0 errors)
02:02:22.814541 [info ]:  Succeeded [-------] model ga4_data_staging.stg_retail_transaction (view)
02:02:22.818879 [info ]: Started scheduling
02:02:22.819014 [info ]: Finished scheduling [  0.00s]
02:02:22.821879 [info ]: Cached model count updated: 2 models (accurate)
02:02:45.200951 [info ]: Started loading project
02:02:45.201705 [info ]: Loading ~/.dbt/profiles.yml
02:02:45.217173 [info ]: Started parsing
02:02:45.237936 [info ]: Finished loading project [  0.04s]
02:02:45.257289 [debug]: Finished parsing models\intermediate\int_constumer_metrics.sql [  0.02s]
02:02:45.261273 [warn ]: dbt1097: Configuration paths exist in your dbt_project.yml file which do not apply to any resources.
There are 1 unused configuration paths:
- models.retail_ecommerce_dbt.marts
02:02:45.272106 [info ]: DOWNLOADING deferral manifest
02:02:45.272340 [info ]: Finished parsing [  0.06s]
02:02:45.669779 [warn ]: dbt1203: Failed to download deferral manifest from the dbt platform for project 70471823559476, continuing without deferral. 404 Not Found: No deferral environment defined for project with ID 70471823559476 To target a specific environment, set `defer-env-id` in your dbt_project.yml under the `dbt-cloud` block.
02:02:45.672979 [info ]: Cached model count updated: 2 models (estimate)
02:02:45.673046 [info ]: Cached model count updated: 2 models (accurate)
02:02:45.673125 [info ]: Started scheduling
02:02:45.674629 [info ]: Finished scheduling [  0.00s]
02:02:45.675331 [debug]: Compilation - 2 nodes selected: {"model.retail_ecommerce_dbt.int_constumer_metrics", "model.retail_ecommerce_dbt.stg_retail_transaction"}
02:02:45.683409 [info ]: DOWNLOADING deferral manifest
02:02:46.108222 [warn ]: dbt1203: Failed to download deferral manifest from the dbt platform for project 70471823559476, continuing without deferral. 404 Not Found: No deferral environment defined for project with ID 70471823559476 To target a specific environment, set `defer-env-id` in your dbt_project.yml under the `dbt-cloud` block.
02:02:46.564629 [info ]: Started building task graph
02:02:46.565190 [info ]: Finished building task graph [  0.00s]
02:02:46.565614 [info ]: Started rendering (2 nodes)
02:02:46.565713 [info ]: Started model ga4_data.int_constumer_metrics
02:02:46.565795 [debug]: Started rendering model ga4_data.int_constumer_metrics
02:02:46.565960 [info ]: Started model ga4_data_staging.stg_retail_transaction
02:02:46.566031 [debug]: Started rendering model ga4_data_staging.stg_retail_transaction
02:02:46.567250 [debug]: Compiled SQL for node model.retail_ecommerce_dbt.stg_retail_transaction at target\.lsp\compiled\retail_ecommerce_dbt\models\staging\stg_retail_transaction.sql
02:02:46.567426 [debug]: Finished rendering [  0.00s] model ga4_data_staging.stg_retail_transaction [success]
02:02:46.567494 [info ]: Started analyzing (2 nodes)
02:02:46.567517 [debug]: Started analyzing model ga4_data_staging.stg_retail_transaction
02:02:46.568050 [debug]: Finished analyzing [  0.00s] model ga4_data_staging.stg_retail_transaction [success]
02:02:46.568094 [info ]:  Succeeded [  0.00s] model ga4_data_staging.stg_retail_transaction (view)
02:02:46.586804 [debug]: Compiled SQL for node model.retail_ecommerce_dbt.int_constumer_metrics at target\.lsp\compiled\retail_ecommerce_dbt\models\intermediate\int_constumer_metrics.sql
02:02:46.587270 [debug]: Finished rendering [  0.02s] model ga4_data.int_constumer_metrics [success]
02:02:46.587337 [info ]: Finished rendering [  0.02s] (2 nodes, 0 skipped, 0 errors)
02:02:46.587389 [debug]: Started analyzing model ga4_data.int_constumer_metrics
02:02:46.610868 [warn ]: dbt0101: mismatched input '<EOF>' expecting one of 'SELECT', 'TABLE', 'VALUES', '('
  --> models\intermediate\int_constumer_metrics.sql:4:2 (target\.lsp\compiled\retail_ecommerce_dbt\models\intermediate\int_constumer_metrics.sql:4:2)
02:02:46.611407 [info ]:  Succeeded [  0.04s] model ga4_data.int_constumer_metrics (ephemeral)
02:02:46.611442 [debug]: Finished analyzing [  0.02s] model ga4_data.int_constumer_metrics [success]
02:02:46.611469 [info ]: Finished analyzing [  0.04s] (2 nodes, 0 skipped, 0 errors)
02:02:46.619331 [info ]: Started scheduling
02:02:46.619461 [info ]: Finished scheduling [  0.00s]
02:02:46.622901 [info ]: Cached model count updated: 2 models (accurate)
02:02:48.195696 [info ]: Started loading project
02:02:48.197352 [info ]: Loading ~/.dbt/profiles.yml
02:02:48.229437 [info ]: Cached model count updated: 2 models (estimate)
02:02:48.229468 [info ]: Cached model count updated: 2 models (accurate)
02:02:48.229501 [info ]: Started scheduling
02:02:48.229574 [info ]: Finished scheduling [  0.00s]
02:02:48.229589 [debug]: Compilation - 2 nodes selected: {"model.retail_ecommerce_dbt.int_constumer_metrics", "model.retail_ecommerce_dbt.stg_retail_transaction"}
02:02:48.230598 [info ]: DOWNLOADING deferral manifest
02:02:48.230707 [info ]: Finished loading project [  0.04s]
02:02:48.633584 [warn ]: dbt1203: Failed to download deferral manifest from the dbt platform for project 70471823559476, continuing without deferral. 404 Not Found: No deferral environment defined for project with ID 70471823559476 To target a specific environment, set `defer-env-id` in your dbt_project.yml under the `dbt-cloud` block.
02:02:48.815622 [info ]: Started building task graph
02:02:48.815685 [info ]: Finished building task graph [  0.00s]
02:02:48.815830 [info ]: Started rendering (2 nodes)
02:02:48.815850 [info ]: Started model ga4_data.int_constumer_metrics
02:02:48.815861 [debug]: Started rendering model ga4_data.int_constumer_metrics
02:02:48.815889 [info ]: Started model ga4_data_staging.stg_retail_transaction
02:02:48.815896 [debug]: Started rendering model ga4_data_staging.stg_retail_transaction
02:02:48.816592 [debug]: Compiled SQL for node model.retail_ecommerce_dbt.int_constumer_metrics at target\.lsp\compiled\retail_ecommerce_dbt\models\intermediate\int_constumer_metrics.sql
02:02:48.816773 [debug]: Finished rendering [  0.00s] model ga4_data.int_constumer_metrics [success]
02:02:48.816801 [debug]: Compiled SQL for node model.retail_ecommerce_dbt.stg_retail_transaction at target\.lsp\compiled\retail_ecommerce_dbt\models\staging\stg_retail_transaction.sql
02:02:48.816849 [info ]: Started analyzing (2 nodes)
02:02:48.816875 [debug]: Started analyzing model ga4_data.int_constumer_metrics
02:02:48.817063 [debug]: Finished rendering [  0.00s] model ga4_data_staging.stg_retail_transaction [success]
02:02:48.817108 [info ]: Finished rendering [  0.00s] (2 nodes, 0 skipped, 0 errors)
02:02:48.817141 [debug]: Started analyzing model ga4_data_staging.stg_retail_transaction
02:02:48.817561 [debug]: Finished analyzing [  0.00s] model ga4_data_staging.stg_retail_transaction [success]
02:02:48.817592 [info ]:  Succeeded [  0.00s] model ga4_data_staging.stg_retail_transaction (view)
02:02:48.818243 [warn ]: dbt0101: mismatched input '<EOF>' expecting one of 'SELECT', 'TABLE', 'VALUES', '('
  --> models\intermediate\int_constumer_metrics.sql:4:2 (target\.lsp\compiled\retail_ecommerce_dbt\models\intermediate\int_constumer_metrics.sql:4:2)
02:02:48.818320 [info ]:  Succeeded [  0.00s] model ga4_data.int_constumer_metrics (ephemeral)
02:02:48.818498 [debug]: Finished analyzing [  0.00s] model ga4_data.int_constumer_metrics [success]
02:02:48.818519 [info ]: Finished analyzing [  0.00s] (2 nodes, 0 skipped, 0 errors)
02:02:48.821861 [info ]: Started scheduling
02:02:48.821919 [info ]: Finished scheduling [  0.00s]
02:02:48.823872 [info ]: Cached model count updated: 2 models (accurate)
02:02:50.378643 [info ]: Started loading project
02:02:50.380039 [info ]: Loading ~/.dbt/profiles.yml
02:02:50.425375 [info ]: Cached model count updated: 2 models (estimate)
02:02:50.425408 [info ]: Cached model count updated: 2 models (accurate)
02:02:50.425440 [info ]: Started scheduling
02:02:50.425508 [info ]: Finished scheduling [  0.00s]
02:02:50.425531 [debug]: Compilation - 2 nodes selected: {"model.retail_ecommerce_dbt.int_constumer_metrics", "model.retail_ecommerce_dbt.stg_retail_transaction"}
02:02:50.426612 [info ]: DOWNLOADING deferral manifest
02:02:50.426771 [info ]: Finished loading project [  0.05s]
02:02:51.055988 [warn ]: dbt1203: Failed to download deferral manifest from the dbt platform for project 70471823559476, continuing without deferral. 404 Not Found: No deferral environment defined for project with ID 70471823559476 To target a specific environment, set `defer-env-id` in your dbt_project.yml under the `dbt-cloud` block.
02:02:51.237793 [info ]: Started building task graph
02:02:51.237866 [info ]: Finished building task graph [  0.00s]
02:02:51.238029 [info ]: Started rendering (2 nodes)
02:02:51.238051 [info ]: Started model ga4_data.int_constumer_metrics
02:02:51.238064 [debug]: Started rendering model ga4_data.int_constumer_metrics
02:02:51.238093 [info ]: Started model ga4_data_staging.stg_retail_transaction
02:02:51.238100 [debug]: Started rendering model ga4_data_staging.stg_retail_transaction
02:02:51.238670 [debug]: Compiled SQL for node model.retail_ecommerce_dbt.stg_retail_transaction at target\.lsp\compiled\retail_ecommerce_dbt\models\staging\stg_retail_transaction.sql
02:02:51.238670 [debug]: Compiled SQL for node model.retail_ecommerce_dbt.int_constumer_metrics at target\.lsp\compiled\retail_ecommerce_dbt\models\intermediate\int_constumer_metrics.sql
02:02:51.238783 [debug]: Finished rendering [  0.00s] model ga4_data_staging.stg_retail_transaction [success]
02:02:51.238839 [info ]: Started analyzing (2 nodes)
02:02:51.238858 [debug]: Started analyzing model ga4_data_staging.stg_retail_transaction
02:02:51.238899 [debug]: Finished rendering [  0.00s] model ga4_data.int_constumer_metrics [success]
02:02:51.238918 [info ]: Finished rendering [  0.00s] (2 nodes, 0 skipped, 0 errors)
02:02:51.238931 [debug]: Started analyzing model ga4_data.int_constumer_metrics
02:02:51.239171 [debug]: Finished analyzing [  0.00s] model ga4_data_staging.stg_retail_transaction [success]
02:02:51.239194 [info ]:  Succeeded [-------] model ga4_data_staging.stg_retail_transaction (view)
02:02:51.239892 [warn ]: dbt0101: mismatched input '<EOF>' expecting one of 'SELECT', 'TABLE', 'VALUES', '('
  --> models\intermediate\int_constumer_metrics.sql:4:2 (target\.lsp\compiled\retail_ecommerce_dbt\models\intermediate\int_constumer_metrics.sql:4:2)
02:02:51.239984 [info ]:  Succeeded [  0.00s] model ga4_data.int_constumer_metrics (ephemeral)
02:02:51.240002 [debug]: Finished analyzing [  0.00s] model ga4_data.int_constumer_metrics [success]
02:02:51.240017 [info ]: Finished analyzing [  0.00s] (2 nodes, 0 skipped, 0 errors)
02:02:51.243205 [info ]: Started scheduling
02:02:51.243253 [info ]: Finished scheduling [  0.00s]
02:02:51.244586 [info ]: Cached model count updated: 2 models (accurate)
02:02:56.757347 [info ]: Started loading project
02:02:56.758058 [info ]: Loading ~/.dbt/profiles.yml
02:02:56.762870 [info ]: Started parsing
02:02:56.782398 [info ]: Finished loading project [  0.03s]
02:02:56.797489 [debug]: Finished parsing models\intermediate\int_constumer_metrics.sql [  0.01s]
02:02:56.797988 [warn ]: dbt1097: Configuration paths exist in your dbt_project.yml file which do not apply to any resources.
There are 1 unused configuration paths:
- models.retail_ecommerce_dbt.marts
02:02:56.804215 [info ]: DOWNLOADING deferral manifest
02:02:56.804281 [info ]: Finished parsing [  0.04s]
02:02:57.224796 [warn ]: dbt1203: Failed to download deferral manifest from the dbt platform for project 70471823559476, continuing without deferral. 404 Not Found: No deferral environment defined for project with ID 70471823559476 To target a specific environment, set `defer-env-id` in your dbt_project.yml under the `dbt-cloud` block.
02:02:57.226240 [info ]: Cached model count updated: 2 models (estimate)
02:02:57.226286 [info ]: Cached model count updated: 2 models (accurate)
02:02:57.226348 [info ]: Started scheduling
02:02:57.226507 [info ]: Finished scheduling [  0.00s]
02:02:57.226545 [debug]: Compilation - 2 nodes selected: {"model.retail_ecommerce_dbt.int_constumer_metrics", "model.retail_ecommerce_dbt.stg_retail_transaction"}
02:02:57.228438 [info ]: DOWNLOADING deferral manifest
02:02:57.631940 [warn ]: dbt1203: Failed to download deferral manifest from the dbt platform for project 70471823559476, continuing without deferral. 404 Not Found: No deferral environment defined for project with ID 70471823559476 To target a specific environment, set `defer-env-id` in your dbt_project.yml under the `dbt-cloud` block.
02:02:57.807282 [info ]: Started building task graph
02:02:57.807383 [info ]: Finished building task graph [  0.00s]
02:02:57.807610 [info ]: Started rendering (2 nodes)
02:02:57.807646 [info ]: Started model ga4_data.int_constumer_metrics
02:02:57.807670 [debug]: Started rendering model ga4_data.int_constumer_metrics
02:02:57.807714 [info ]: Started model ga4_data_staging.stg_retail_transaction
02:02:57.807727 [debug]: Started rendering model ga4_data_staging.stg_retail_transaction
02:02:57.808987 [debug]: Compiled SQL for node model.retail_ecommerce_dbt.stg_retail_transaction at target\.lsp\compiled\retail_ecommerce_dbt\models\staging\stg_retail_transaction.sql
02:02:57.809128 [debug]: Finished rendering [  0.00s] model ga4_data_staging.stg_retail_transaction [success]
02:02:57.809237 [info ]: Started analyzing (2 nodes)
02:02:57.809282 [debug]: Started analyzing model ga4_data_staging.stg_retail_transaction
02:02:57.809998 [debug]: Finished analyzing [  0.00s] model ga4_data_staging.stg_retail_transaction [success]
02:02:57.810048 [info ]:  Succeeded [  0.00s] model ga4_data_staging.stg_retail_transaction (view)
02:02:57.811475 [debug]: Compiled SQL for node model.retail_ecommerce_dbt.int_constumer_metrics at target\.lsp\compiled\retail_ecommerce_dbt\models\intermediate\int_constumer_metrics.sql
02:02:57.811698 [debug]: Finished rendering [  0.00s] model ga4_data.int_constumer_metrics [success]
02:02:57.811731 [info ]: Finished rendering [  0.00s] (2 nodes, 0 skipped, 0 errors)
02:02:57.811757 [debug]: Started analyzing model ga4_data.int_constumer_metrics
02:02:57.813144 [warn ]: dbt0101: mismatched input '<EOF>' expecting one of 'ABORT', 'ABSENT', 'ADD', 'ADMIN', 'AFTER', 'ALTER', 'ANALYZE' ...
  --> models\intermediate\int_constumer_metrics.sql:4:3 (target\.lsp\compiled\retail_ecommerce_dbt\models\intermediate\int_constumer_metrics.sql:4:3)
02:02:57.813276 [info ]:  Succeeded [  0.01s] model ga4_data.int_constumer_metrics (ephemeral)
02:02:57.813325 [debug]: Finished analyzing [  0.00s] model ga4_data.int_constumer_metrics [success]
02:02:57.813349 [info ]: Finished analyzing [  0.00s] (2 nodes, 0 skipped, 0 errors)
02:02:57.819202 [info ]: Started scheduling
02:02:57.819460 [info ]: Finished scheduling [  0.00s]
02:02:57.821474 [info ]: Cached model count updated: 2 models (accurate)
02:02:59.433135 [info ]: Started loading project
02:02:59.434988 [info ]: Loading ~/.dbt/profiles.yml
02:02:59.496639 [info ]: Cached model count updated: 2 models (estimate)
02:02:59.496708 [info ]: Cached model count updated: 2 models (accurate)
02:02:59.496785 [info ]: Started scheduling
02:02:59.496947 [info ]: Finished scheduling [  0.00s]
02:02:59.496999 [debug]: Compilation - 2 nodes selected: {"model.retail_ecommerce_dbt.int_constumer_metrics", "model.retail_ecommerce_dbt.stg_retail_transaction"}
02:02:59.499763 [info ]: DOWNLOADING deferral manifest
02:02:59.499899 [info ]: Finished loading project [  0.07s]
02:03:00.074473 [warn ]: dbt1203: Failed to download deferral manifest from the dbt platform for project 70471823559476, continuing without deferral. 404 Not Found: No deferral environment defined for project with ID 70471823559476 To target a specific environment, set `defer-env-id` in your dbt_project.yml under the `dbt-cloud` block.
02:03:00.491498 [info ]: Started building task graph
02:03:00.491655 [info ]: Finished building task graph [  0.00s]
02:03:00.491866 [info ]: Started rendering (2 nodes)
02:03:00.491904 [info ]: Started model ga4_data.int_constumer_metrics
02:03:00.491919 [debug]: Started rendering model ga4_data.int_constumer_metrics
02:03:00.492033 [info ]: Started model ga4_data_staging.stg_retail_transaction
02:03:00.492096 [debug]: Started rendering model ga4_data_staging.stg_retail_transaction
02:03:00.492726 [debug]: Compiled SQL for node model.retail_ecommerce_dbt.int_constumer_metrics at target\.lsp\compiled\retail_ecommerce_dbt\models\intermediate\int_constumer_metrics.sql
02:03:00.492743 [debug]: Compiled SQL for node model.retail_ecommerce_dbt.stg_retail_transaction at target\.lsp\compiled\retail_ecommerce_dbt\models\staging\stg_retail_transaction.sql
02:03:00.492821 [debug]: Finished rendering [  0.00s] model ga4_data.int_constumer_metrics [success]
02:03:00.492882 [info ]: Started analyzing (2 nodes)
02:03:00.492899 [debug]: Started analyzing model ga4_data.int_constumer_metrics
02:03:00.492939 [debug]: Finished rendering [  0.00s] model ga4_data_staging.stg_retail_transaction [success]
02:03:00.492958 [info ]: Finished rendering [  0.00s] (2 nodes, 0 skipped, 0 errors)
02:03:00.492974 [debug]: Started analyzing model ga4_data_staging.stg_retail_transaction
02:03:00.493282 [debug]: Finished analyzing [  0.00s] model ga4_data_staging.stg_retail_transaction [success]
02:03:00.493315 [info ]:  Succeeded [-------] model ga4_data_staging.stg_retail_transaction (view)
02:03:00.494519 [warn ]: dbt0101: mismatched input '<EOF>' expecting one of 'ABORT', 'ABSENT', 'ADD', 'ADMIN', 'AFTER', 'ALTER', 'ANALYZE' ...
  --> models\intermediate\int_constumer_metrics.sql:4:3 (target\.lsp\compiled\retail_ecommerce_dbt\models\intermediate\int_constumer_metrics.sql:4:3)
02:03:00.494690 [info ]:  Succeeded [  0.00s] model ga4_data.int_constumer_metrics (ephemeral)
02:03:00.494727 [debug]: Finished analyzing [  0.00s] model ga4_data.int_constumer_metrics [success]
02:03:00.494745 [info ]: Finished analyzing [  0.00s] (2 nodes, 0 skipped, 0 errors)
02:03:00.499824 [info ]: Started scheduling
02:03:00.499914 [info ]: Finished scheduling [  0.00s]
02:03:00.502204 [info ]: Cached model count updated: 2 models (accurate)
02:03:02.108631 [info ]: Started loading project
02:03:02.110420 [info ]: Loading ~/.dbt/profiles.yml
02:03:02.164216 [info ]: Cached model count updated: 2 models (estimate)
02:03:02.164272 [info ]: Cached model count updated: 2 models (accurate)
02:03:02.164323 [info ]: Started scheduling
02:03:02.164433 [info ]: Finished scheduling [  0.00s]
02:03:02.164472 [debug]: Compilation - 2 nodes selected: {"model.retail_ecommerce_dbt.int_constumer_metrics", "model.retail_ecommerce_dbt.stg_retail_transaction"}
02:03:02.166881 [info ]: DOWNLOADING deferral manifest
02:03:02.167035 [info ]: Finished loading project [  0.06s]
02:03:02.809521 [warn ]: dbt1203: Failed to download deferral manifest from the dbt platform for project 70471823559476, continuing without deferral. 404 Not Found: No deferral environment defined for project with ID 70471823559476 To target a specific environment, set `defer-env-id` in your dbt_project.yml under the `dbt-cloud` block.
02:03:03.198219 [info ]: Started building task graph
02:03:03.198307 [info ]: Finished building task graph [  0.00s]
02:03:03.198489 [info ]: Started rendering (2 nodes)
02:03:03.198522 [info ]: Started model ga4_data.int_constumer_metrics
02:03:03.198540 [debug]: Started rendering model ga4_data.int_constumer_metrics
02:03:03.198621 [info ]: Started model ga4_data_staging.stg_retail_transaction
02:03:03.199366 [debug]: Compiled SQL for node model.retail_ecommerce_dbt.int_constumer_metrics at target\.lsp\compiled\retail_ecommerce_dbt\models\intermediate\int_constumer_metrics.sql
02:03:03.200508 [debug]: Started rendering model ga4_data_staging.stg_retail_transaction
02:03:03.201353 [debug]: Compiled SQL for node model.retail_ecommerce_dbt.stg_retail_transaction at target\.lsp\compiled\retail_ecommerce_dbt\models\staging\stg_retail_transaction.sql
02:03:03.201463 [debug]: Finished rendering [  0.00s] model ga4_data.int_constumer_metrics [success]
02:03:03.201518 [info ]: Started analyzing (2 nodes)
02:03:03.201579 [debug]: Started analyzing model ga4_data.int_constumer_metrics
02:03:03.201707 [debug]: Finished rendering [  0.00s] model ga4_data_staging.stg_retail_transaction [success]
02:03:03.201767 [info ]: Finished rendering [  0.00s] (2 nodes, 0 skipped, 0 errors)
02:03:03.201817 [debug]: Started analyzing model ga4_data_staging.stg_retail_transaction
02:03:03.202114 [debug]: Finished analyzing [  0.00s] model ga4_data_staging.stg_retail_transaction [success]
02:03:03.202177 [info ]:  Succeeded [  0.00s] model ga4_data_staging.stg_retail_transaction (view)
02:03:03.203112 [warn ]: dbt0101: mismatched input '<EOF>' expecting one of 'ABORT', 'ABSENT', 'ADD', 'ADMIN', 'AFTER', 'ALTER', 'ANALYZE' ...
  --> models\intermediate\int_constumer_metrics.sql:4:3 (target\.lsp\compiled\retail_ecommerce_dbt\models\intermediate\int_constumer_metrics.sql:4:3)
02:03:03.203229 [info ]:  Succeeded [  0.00s] model ga4_data.int_constumer_metrics (ephemeral)
02:03:03.205056 [debug]: Finished analyzing [  0.00s] model ga4_data.int_constumer_metrics [success]
02:03:03.205147 [info ]: Finished analyzing [  0.00s] (2 nodes, 0 skipped, 0 errors)
02:03:03.211347 [info ]: Started scheduling
02:03:03.211952 [info ]: Finished scheduling [  0.00s]
02:03:03.214712 [info ]: Cached model count updated: 2 models (accurate)
02:15:31.807989 [info ]: Started loading project
02:15:31.809063 [info ]: Loading ~/.dbt/profiles.yml
02:15:31.815466 [info ]: Started parsing
02:15:31.836199 [info ]: Finished loading project [  0.03s]
02:15:31.850752 [debug]: Finished parsing models\intermediate\int_constumer_metrics.sql [  0.01s]
02:15:31.851257 [warn ]: dbt1097: Configuration paths exist in your dbt_project.yml file which do not apply to any resources.
There are 1 unused configuration paths:
- models.retail_ecommerce_dbt.marts
02:15:31.859755 [info ]: DOWNLOADING deferral manifest
02:15:31.859835 [info ]: Finished parsing [  0.04s]
02:15:32.634552 [warn ]: dbt1203: Failed to download deferral manifest from the dbt platform for project 70471823559476, continuing without deferral. 404 Not Found: No deferral environment defined for project with ID 70471823559476 To target a specific environment, set `defer-env-id` in your dbt_project.yml under the `dbt-cloud` block.
02:15:32.636770 [info ]: Cached model count updated: 2 models (estimate)
02:15:32.637033 [info ]: Cached model count updated: 2 models (accurate)
02:15:32.637103 [info ]: Started scheduling
02:15:32.637442 [info ]: Finished scheduling [  0.00s]
02:15:32.637495 [debug]: Compilation - 2 nodes selected: {"model.retail_ecommerce_dbt.int_constumer_metrics", "model.retail_ecommerce_dbt.stg_retail_transaction"}
02:15:32.639303 [info ]: DOWNLOADING deferral manifest
02:15:33.169306 [warn ]: dbt1203: Failed to download deferral manifest from the dbt platform for project 70471823559476, continuing without deferral. 404 Not Found: No deferral environment defined for project with ID 70471823559476 To target a specific environment, set `defer-env-id` in your dbt_project.yml under the `dbt-cloud` block.
02:15:33.376974 [info ]: Started building task graph
02:15:33.377057 [info ]: Finished building task graph [  0.00s]
02:15:33.377217 [info ]: Started rendering (2 nodes)
02:15:33.377237 [info ]: Started model ga4_data.int_constumer_metrics
02:15:33.377253 [debug]: Started rendering model ga4_data.int_constumer_metrics
02:15:33.377285 [info ]: Started model ga4_data_staging.stg_retail_transaction
02:15:33.377292 [debug]: Started rendering model ga4_data_staging.stg_retail_transaction
02:15:33.378375 [debug]: Compiled SQL for node model.retail_ecommerce_dbt.stg_retail_transaction at target\.lsp\compiled\retail_ecommerce_dbt\models\staging\stg_retail_transaction.sql
02:15:33.378603 [debug]: Finished rendering [  0.00s] model ga4_data_staging.stg_retail_transaction [success]
02:15:33.378654 [info ]: Started analyzing (2 nodes)
02:15:33.378667 [debug]: Started analyzing model ga4_data_staging.stg_retail_transaction
02:15:33.379069 [debug]: Finished analyzing [  0.00s] model ga4_data_staging.stg_retail_transaction [success]
02:15:33.379105 [info ]:  Succeeded [  0.00s] model ga4_data_staging.stg_retail_transaction (view)
02:15:33.379847 [debug]: Compiled SQL for node model.retail_ecommerce_dbt.int_constumer_metrics at target\.lsp\compiled\retail_ecommerce_dbt\models\intermediate\int_constumer_metrics.sql
02:15:33.380083 [debug]: Finished rendering [  0.00s] model ga4_data.int_constumer_metrics [success]
02:15:33.380116 [info ]: Finished rendering [  0.00s] (2 nodes, 0 skipped, 0 errors)
02:15:33.380146 [debug]: Started analyzing model ga4_data.int_constumer_metrics
02:15:33.399524 [warn ]: dbt0101: extraneous input 'data_diff' expecting one of 'SELECT', 'TABLE', 'VALUES', 'WITH', '('
  --> models\intermediate\int_constumer_metrics.sql:7:5 (target\.lsp\compiled\retail_ecommerce_dbt\models\intermediate\int_constumer_metrics.sql:7:5)
02:15:33.399655 [info ]:  Succeeded [  0.02s] model ga4_data.int_constumer_metrics (ephemeral)
02:15:33.399793 [debug]: Finished analyzing [  0.02s] model ga4_data.int_constumer_metrics [success]
02:15:33.399823 [info ]: Finished analyzing [  0.02s] (2 nodes, 0 skipped, 0 errors)
02:15:33.403090 [info ]: Started scheduling
02:15:33.403174 [info ]: Finished scheduling [  0.00s]
02:15:33.404107 [info ]: Cached model count updated: 2 models (accurate)
02:15:34.981778 [info ]: Started loading project
02:15:34.986412 [info ]: Loading ~/.dbt/profiles.yml
02:15:35.042882 [info ]: Cached model count updated: 2 models (estimate)
02:15:35.042921 [info ]: Cached model count updated: 2 models (accurate)
02:15:35.042969 [info ]: Started scheduling
02:15:35.043094 [info ]: Finished scheduling [  0.00s]
02:15:35.043135 [debug]: Compilation - 2 nodes selected: {"model.retail_ecommerce_dbt.int_constumer_metrics", "model.retail_ecommerce_dbt.stg_retail_transaction"}
02:15:35.046367 [info ]: DOWNLOADING deferral manifest
02:15:35.046440 [info ]: Finished loading project [  0.06s]
02:15:36.448662 [warn ]: dbt1203: Failed to download deferral manifest from the dbt platform for project 70471823559476, continuing without deferral. 404 Not Found: No deferral environment defined for project with ID 70471823559476 To target a specific environment, set `defer-env-id` in your dbt_project.yml under the `dbt-cloud` block.
02:15:36.633204 [info ]: Started building task graph
02:15:36.633460 [info ]: Finished building task graph [  0.00s]
02:15:36.633989 [info ]: Started rendering (2 nodes)
02:15:36.634047 [info ]: Started model ga4_data.int_constumer_metrics
02:15:36.634071 [debug]: Started rendering model ga4_data.int_constumer_metrics
02:15:36.634151 [info ]: Started model ga4_data_staging.stg_retail_transaction
02:15:36.634173 [debug]: Started rendering model ga4_data_staging.stg_retail_transaction
02:15:36.635008 [debug]: Compiled SQL for node model.retail_ecommerce_dbt.int_constumer_metrics at target\.lsp\compiled\retail_ecommerce_dbt\models\intermediate\int_constumer_metrics.sql
02:15:36.635139 [debug]: Finished rendering [  0.00s] model ga4_data.int_constumer_metrics [success]
02:15:36.635203 [info ]: Started analyzing (2 nodes)
02:15:36.635222 [debug]: Started analyzing model ga4_data.int_constumer_metrics
02:15:36.635293 [debug]: Compiled SQL for node model.retail_ecommerce_dbt.stg_retail_transaction at target\.lsp\compiled\retail_ecommerce_dbt\models\staging\stg_retail_transaction.sql
02:15:36.635432 [debug]: Finished rendering [  0.00s] model ga4_data_staging.stg_retail_transaction [success]
02:15:36.635462 [info ]: Finished rendering [  0.00s] (2 nodes, 0 skipped, 0 errors)
02:15:36.635486 [debug]: Started analyzing model ga4_data_staging.stg_retail_transaction
02:15:36.635780 [debug]: Finished analyzing [  0.00s] model ga4_data_staging.stg_retail_transaction [success]
02:15:36.635814 [info ]:  Succeeded [  0.00s] model ga4_data_staging.stg_retail_transaction (view)
02:15:36.636228 [warn ]: dbt0101: extraneous input 'data_diff' expecting one of 'SELECT', 'TABLE', 'VALUES', 'WITH', '('
  --> models\intermediate\int_constumer_metrics.sql:7:5 (target\.lsp\compiled\retail_ecommerce_dbt\models\intermediate\int_constumer_metrics.sql:7:5)
02:15:36.636488 [info ]:  Succeeded [  0.00s] model ga4_data.int_constumer_metrics (ephemeral)
02:15:36.636529 [debug]: Finished analyzing [  0.00s] model ga4_data.int_constumer_metrics [success]
02:15:36.636554 [info ]: Finished analyzing [  0.00s] (2 nodes, 0 skipped, 0 errors)
02:15:36.641058 [info ]: Started scheduling
02:15:36.641133 [info ]: Finished scheduling [  0.00s]
02:15:36.642524 [info ]: Cached model count updated: 2 models (accurate)
02:15:38.208154 [info ]: Started loading project
02:15:38.209518 [info ]: Loading ~/.dbt/profiles.yml
02:15:38.243536 [info ]: Cached model count updated: 2 models (estimate)
02:15:38.243565 [info ]: Cached model count updated: 2 models (accurate)
02:15:38.243592 [info ]: Started scheduling
02:15:38.243647 [info ]: Finished scheduling [  0.00s]
02:15:38.243661 [debug]: Compilation - 2 nodes selected: {"model.retail_ecommerce_dbt.int_constumer_metrics", "model.retail_ecommerce_dbt.stg_retail_transaction"}
02:15:38.244616 [info ]: DOWNLOADING deferral manifest
02:15:38.244783 [info ]: Finished loading project [  0.04s]
02:15:38.615630 [warn ]: dbt1203: Failed to download deferral manifest from the dbt platform for project 70471823559476, continuing without deferral. 404 Not Found: No deferral environment defined for project with ID 70471823559476 To target a specific environment, set `defer-env-id` in your dbt_project.yml under the `dbt-cloud` block.
02:15:38.833872 [info ]: Started building task graph
02:15:38.833938 [info ]: Finished building task graph [  0.00s]
02:15:38.834080 [info ]: Started rendering (2 nodes)
02:15:38.834102 [info ]: Started model ga4_data.int_constumer_metrics
02:15:38.834114 [debug]: Started rendering model ga4_data.int_constumer_metrics
02:15:38.834142 [info ]: Started model ga4_data_staging.stg_retail_transaction
02:15:38.834155 [debug]: Started rendering model ga4_data_staging.stg_retail_transaction
02:15:38.834638 [debug]: Compiled SQL for node model.retail_ecommerce_dbt.int_constumer_metrics at target\.lsp\compiled\retail_ecommerce_dbt\models\intermediate\int_constumer_metrics.sql
02:15:38.834638 [debug]: Compiled SQL for node model.retail_ecommerce_dbt.stg_retail_transaction at target\.lsp\compiled\retail_ecommerce_dbt\models\staging\stg_retail_transaction.sql
02:15:38.834754 [debug]: Finished rendering [  0.00s] model ga4_data.int_constumer_metrics [success]
02:15:38.834801 [info ]: Started analyzing (2 nodes)
02:15:38.834812 [debug]: Started analyzing model ga4_data.int_constumer_metrics
02:15:38.834841 [debug]: Finished rendering [  0.00s] model ga4_data_staging.stg_retail_transaction [success]
02:15:38.834848 [info ]: Finished rendering [  0.00s] (2 nodes, 0 skipped, 0 errors)
02:15:38.834855 [debug]: Started analyzing model ga4_data_staging.stg_retail_transaction
02:15:38.835066 [debug]: Finished analyzing [  0.00s] model ga4_data_staging.stg_retail_transaction [success]
02:15:38.835079 [info ]:  Succeeded [-------] model ga4_data_staging.stg_retail_transaction (view)
02:15:38.835486 [warn ]: dbt0101: extraneous input 'data_diff' expecting one of 'SELECT', 'TABLE', 'VALUES', 'WITH', '('
  --> models\intermediate\int_constumer_metrics.sql:7:5 (target\.lsp\compiled\retail_ecommerce_dbt\models\intermediate\int_constumer_metrics.sql:7:5)
02:15:38.835566 [info ]:  Succeeded [-------] model ga4_data.int_constumer_metrics (ephemeral)
02:15:38.835698 [debug]: Finished analyzing [  0.00s] model ga4_data.int_constumer_metrics [success]
02:15:38.835731 [info ]: Finished analyzing [  0.00s] (2 nodes, 0 skipped, 0 errors)
02:15:38.838945 [info ]: Started scheduling
02:15:38.839001 [info ]: Finished scheduling [  0.00s]
02:15:38.840830 [info ]: Cached model count updated: 2 models (accurate)
02:16:03.711681 [info ]: Started loading project
02:16:03.712443 [info ]: Loading ~/.dbt/profiles.yml
02:16:03.718850 [info ]: Started parsing
02:16:03.741270 [info ]: Finished loading project [  0.03s]
02:16:03.760737 [debug]: Finished parsing models\intermediate\int_constumer_metrics.sql [  0.02s]
02:16:03.761294 [warn ]: dbt1097: Configuration paths exist in your dbt_project.yml file which do not apply to any resources.
There are 1 unused configuration paths:
- models.retail_ecommerce_dbt.marts
02:16:03.769334 [info ]: DOWNLOADING deferral manifest
02:16:03.769433 [info ]: Finished parsing [  0.05s]
02:16:04.153858 [warn ]: dbt1203: Failed to download deferral manifest from the dbt platform for project 70471823559476, continuing without deferral. 404 Not Found: No deferral environment defined for project with ID 70471823559476 To target a specific environment, set `defer-env-id` in your dbt_project.yml under the `dbt-cloud` block.
02:16:04.155744 [info ]: Cached model count updated: 2 models (estimate)
02:16:04.155858 [info ]: Cached model count updated: 2 models (accurate)
02:16:04.155935 [info ]: Started scheduling
02:16:04.156064 [info ]: Finished scheduling [  0.00s]
02:16:04.156093 [debug]: Compilation - 2 nodes selected: {"model.retail_ecommerce_dbt.int_constumer_metrics", "model.retail_ecommerce_dbt.stg_retail_transaction"}
02:16:04.158210 [info ]: DOWNLOADING deferral manifest
02:16:04.568394 [warn ]: dbt1203: Failed to download deferral manifest from the dbt platform for project 70471823559476, continuing without deferral. 404 Not Found: No deferral environment defined for project with ID 70471823559476 To target a specific environment, set `defer-env-id` in your dbt_project.yml under the `dbt-cloud` block.
02:16:04.736137 [info ]: Started building task graph
02:16:04.736260 [info ]: Finished building task graph [  0.00s]
02:16:04.736451 [info ]: Started rendering (2 nodes)
02:16:04.736474 [info ]: Started model ga4_data.int_constumer_metrics
02:16:04.736487 [debug]: Started rendering model ga4_data.int_constumer_metrics
02:16:04.736516 [info ]: Started model ga4_data_staging.stg_retail_transaction
02:16:04.736523 [debug]: Started rendering model ga4_data_staging.stg_retail_transaction
02:16:04.737112 [debug]: Compiled SQL for node model.retail_ecommerce_dbt.stg_retail_transaction at target\.lsp\compiled\retail_ecommerce_dbt\models\staging\stg_retail_transaction.sql
02:16:04.737397 [debug]: Finished rendering [  0.00s] model ga4_data_staging.stg_retail_transaction [success]
02:16:04.737490 [info ]: Started analyzing (2 nodes)
02:16:04.737509 [debug]: Started analyzing model ga4_data_staging.stg_retail_transaction
02:16:04.738210 [debug]: Finished analyzing [  0.00s] model ga4_data_staging.stg_retail_transaction [success]
02:16:04.738281 [info ]:  Succeeded [-------] model ga4_data_staging.stg_retail_transaction (view)
02:16:04.740253 [debug]: Compiled SQL for node model.retail_ecommerce_dbt.int_constumer_metrics at target\.lsp\compiled\retail_ecommerce_dbt\models\intermediate\int_constumer_metrics.sql
02:16:04.740407 [debug]: Finished rendering [  0.00s] model ga4_data.int_constumer_metrics [success]
02:16:04.740441 [info ]: Finished rendering [  0.00s] (2 nodes, 0 skipped, 0 errors)
02:16:04.740475 [debug]: Started analyzing model ga4_data.int_constumer_metrics
02:16:04.741642 [warn ]: dbt0101: extraneous input 'data_diff' expecting one of 'SELECT', 'TABLE', 'VALUES', 'WITH', '('
  --> models\intermediate\int_constumer_metrics.sql:7:5 (target\.lsp\compiled\retail_ecommerce_dbt\models\intermediate\int_constumer_metrics.sql:7:5)
02:16:04.741789 [info ]:  Succeeded [  0.00s] model ga4_data.int_constumer_metrics (ephemeral)
02:16:04.741917 [debug]: Finished analyzing [  0.00s] model ga4_data.int_constumer_metrics [success]
02:16:04.741943 [info ]: Finished analyzing [  0.00s] (2 nodes, 0 skipped, 0 errors)
02:16:04.747179 [info ]: Started scheduling
02:16:04.747310 [info ]: Finished scheduling [  0.00s]
02:16:04.748649 [info ]: Cached model count updated: 2 models (accurate)
02:16:06.337056 [info ]: Started loading project
02:16:06.339576 [info ]: Loading ~/.dbt/profiles.yml
02:16:06.397290 [info ]: Cached model count updated: 2 models (estimate)
02:16:06.397341 [info ]: Cached model count updated: 2 models (accurate)
02:16:06.397396 [info ]: Started scheduling
02:16:06.397543 [info ]: Finished scheduling [  0.00s]
02:16:06.397583 [debug]: Compilation - 2 nodes selected: {"model.retail_ecommerce_dbt.int_constumer_metrics", "model.retail_ecommerce_dbt.stg_retail_transaction"}
02:16:06.399777 [info ]: DOWNLOADING deferral manifest
02:16:06.399936 [info ]: Finished loading project [  0.06s]
02:16:06.822215 [warn ]: dbt1203: Failed to download deferral manifest from the dbt platform for project 70471823559476, continuing without deferral. 404 Not Found: No deferral environment defined for project with ID 70471823559476 To target a specific environment, set `defer-env-id` in your dbt_project.yml under the `dbt-cloud` block.
02:16:07.037384 [info ]: Started building task graph
02:16:07.037453 [info ]: Finished building task graph [  0.00s]
02:16:07.037584 [info ]: Started rendering (2 nodes)
02:16:07.037607 [info ]: Started model ga4_data.int_constumer_metrics
02:16:07.037623 [debug]: Started rendering model ga4_data.int_constumer_metrics
02:16:07.037648 [info ]: Started model ga4_data_staging.stg_retail_transaction
02:16:07.037657 [debug]: Started rendering model ga4_data_staging.stg_retail_transaction
02:16:07.038226 [debug]: Compiled SQL for node model.retail_ecommerce_dbt.stg_retail_transaction at target\.lsp\compiled\retail_ecommerce_dbt\models\staging\stg_retail_transaction.sql
02:16:07.038229 [debug]: Compiled SQL for node model.retail_ecommerce_dbt.int_constumer_metrics at target\.lsp\compiled\retail_ecommerce_dbt\models\intermediate\int_constumer_metrics.sql
02:16:07.038315 [debug]: Finished rendering [  0.00s] model ga4_data_staging.stg_retail_transaction [success]
02:16:07.038348 [info ]: Started analyzing (2 nodes)
02:16:07.038357 [debug]: Started analyzing model ga4_data_staging.stg_retail_transaction
02:16:07.038378 [debug]: Finished rendering [  0.00s] model ga4_data.int_constumer_metrics [success]
02:16:07.038388 [info ]: Finished rendering [  0.00s] (2 nodes, 0 skipped, 0 errors)
02:16:07.038396 [debug]: Started analyzing model ga4_data.int_constumer_metrics
02:16:07.038906 [debug]: Finished analyzing [  0.00s] model ga4_data_staging.stg_retail_transaction [success]
02:16:07.038951 [info ]:  Succeeded [-------] model ga4_data_staging.stg_retail_transaction (view)
02:16:07.039594 [warn ]: dbt0101: extraneous input 'data_diff' expecting one of 'SELECT', 'TABLE', 'VALUES', 'WITH', '('
  --> models\intermediate\int_constumer_metrics.sql:7:5 (target\.lsp\compiled\retail_ecommerce_dbt\models\intermediate\int_constumer_metrics.sql:7:5)
02:16:07.039740 [info ]:  Succeeded [  0.00s] model ga4_data.int_constumer_metrics (ephemeral)
02:16:07.039778 [debug]: Finished analyzing [  0.00s] model ga4_data.int_constumer_metrics [success]
02:16:07.039808 [info ]: Finished analyzing [  0.00s] (2 nodes, 0 skipped, 0 errors)
02:16:07.044553 [info ]: Started scheduling
02:16:07.044650 [info ]: Finished scheduling [  0.00s]
02:16:07.047056 [info ]: Cached model count updated: 2 models (accurate)
02:16:08.616683 [info ]: Started loading project
02:16:08.618065 [info ]: Loading ~/.dbt/profiles.yml
02:16:08.647995 [info ]: Cached model count updated: 2 models (estimate)
02:16:08.648028 [info ]: Cached model count updated: 2 models (accurate)
02:16:08.648059 [info ]: Started scheduling
02:16:08.648160 [info ]: Finished scheduling [  0.00s]
02:16:08.648212 [debug]: Compilation - 2 nodes selected: {"model.retail_ecommerce_dbt.int_constumer_metrics", "model.retail_ecommerce_dbt.stg_retail_transaction"}
02:16:08.649322 [info ]: DOWNLOADING deferral manifest
02:16:08.649439 [info ]: Finished loading project [  0.03s]
02:16:09.028965 [warn ]: dbt1203: Failed to download deferral manifest from the dbt platform for project 70471823559476, continuing without deferral. 404 Not Found: No deferral environment defined for project with ID 70471823559476 To target a specific environment, set `defer-env-id` in your dbt_project.yml under the `dbt-cloud` block.
02:16:09.194875 [info ]: Started building task graph
02:16:09.194941 [info ]: Finished building task graph [  0.00s]
02:16:09.195084 [info ]: Started rendering (2 nodes)
02:16:09.195105 [info ]: Started model ga4_data.int_constumer_metrics
02:16:09.195117 [debug]: Started rendering model ga4_data.int_constumer_metrics
02:16:09.195143 [info ]: Started model ga4_data_staging.stg_retail_transaction
02:16:09.195151 [debug]: Started rendering model ga4_data_staging.stg_retail_transaction
02:16:09.195625 [debug]: Compiled SQL for node model.retail_ecommerce_dbt.int_constumer_metrics at target\.lsp\compiled\retail_ecommerce_dbt\models\intermediate\int_constumer_metrics.sql
02:16:09.195622 [debug]: Compiled SQL for node model.retail_ecommerce_dbt.stg_retail_transaction at target\.lsp\compiled\retail_ecommerce_dbt\models\staging\stg_retail_transaction.sql
02:16:09.195701 [debug]: Finished rendering [  0.00s] model ga4_data.int_constumer_metrics [success]
02:16:09.195732 [info ]: Started analyzing (2 nodes)
02:16:09.195742 [debug]: Started analyzing model ga4_data.int_constumer_metrics
02:16:09.195759 [debug]: Finished rendering [  0.00s] model ga4_data_staging.stg_retail_transaction [success]
02:16:09.195765 [info ]: Finished rendering [  0.00s] (2 nodes, 0 skipped, 0 errors)
02:16:09.195772 [debug]: Started analyzing model ga4_data_staging.stg_retail_transaction
02:16:09.195980 [debug]: Finished analyzing [  0.00s] model ga4_data_staging.stg_retail_transaction [success]
02:16:09.195995 [info ]:  Succeeded [-------] model ga4_data_staging.stg_retail_transaction (view)
02:16:09.196744 [warn ]: dbt0101: extraneous input 'data_diff' expecting one of 'SELECT', 'TABLE', 'VALUES', 'WITH', '('
  --> models\intermediate\int_constumer_metrics.sql:7:5 (target\.lsp\compiled\retail_ecommerce_dbt\models\intermediate\int_constumer_metrics.sql:7:5)
02:16:09.196903 [info ]:  Succeeded [  0.00s] model ga4_data.int_constumer_metrics (ephemeral)
02:16:09.196914 [debug]: Finished analyzing [  0.00s] model ga4_data.int_constumer_metrics [success]
02:16:09.196930 [info ]: Finished analyzing [  0.00s] (2 nodes, 0 skipped, 0 errors)
02:16:09.200728 [info ]: Started scheduling
02:16:09.200789 [info ]: Finished scheduling [  0.00s]
02:16:09.202005 [info ]: Cached model count updated: 2 models (accurate)
02:16:20.134561 [info ]: Started loading project
02:16:20.135290 [info ]: Loading ~/.dbt/profiles.yml
02:16:20.141113 [info ]: Started parsing
02:16:20.169346 [info ]: Finished loading project [  0.03s]
02:16:20.187466 [debug]: Finished parsing models\intermediate\int_constumer_metrics.sql [  0.02s]
02:16:20.188090 [warn ]: dbt1097: Configuration paths exist in your dbt_project.yml file which do not apply to any resources.
There are 1 unused configuration paths:
- models.retail_ecommerce_dbt.marts
02:16:20.193551 [info ]: DOWNLOADING deferral manifest
02:16:20.193645 [info ]: Finished parsing [  0.05s]
02:16:20.675294 [warn ]: dbt1203: Failed to download deferral manifest from the dbt platform for project 70471823559476, continuing without deferral. 404 Not Found: No deferral environment defined for project with ID 70471823559476 To target a specific environment, set `defer-env-id` in your dbt_project.yml under the `dbt-cloud` block.
02:16:20.676591 [info ]: Cached model count updated: 2 models (estimate)
02:16:20.676628 [info ]: Cached model count updated: 2 models (accurate)
02:16:20.676684 [info ]: Started scheduling
02:16:20.676828 [info ]: Finished scheduling [  0.00s]
02:16:20.676869 [debug]: Compilation - 2 nodes selected: {"model.retail_ecommerce_dbt.int_constumer_metrics", "model.retail_ecommerce_dbt.stg_retail_transaction"}
02:16:20.678530 [info ]: DOWNLOADING deferral manifest
02:16:21.137965 [warn ]: dbt1203: Failed to download deferral manifest from the dbt platform for project 70471823559476, continuing without deferral. 404 Not Found: No deferral environment defined for project with ID 70471823559476 To target a specific environment, set `defer-env-id` in your dbt_project.yml under the `dbt-cloud` block.
02:16:21.283516 [info ]: Started building task graph
02:16:21.283710 [info ]: Finished building task graph [  0.00s]
02:16:21.284196 [info ]: Started rendering (2 nodes)
02:16:21.284238 [info ]: Started model ga4_data.int_constumer_metrics
02:16:21.284259 [debug]: Started rendering model ga4_data.int_constumer_metrics
02:16:21.284343 [info ]: Started model ga4_data_staging.stg_retail_transaction
02:16:21.284412 [debug]: Started rendering model ga4_data_staging.stg_retail_transaction
02:16:21.285078 [debug]: Compiled SQL for node model.retail_ecommerce_dbt.stg_retail_transaction at target\.lsp\compiled\retail_ecommerce_dbt\models\staging\stg_retail_transaction.sql
02:16:21.285250 [debug]: Finished rendering [  0.00s] model ga4_data_staging.stg_retail_transaction [success]
02:16:21.285327 [info ]: Started analyzing (2 nodes)
02:16:21.285359 [debug]: Started analyzing model ga4_data_staging.stg_retail_transaction
02:16:21.285755 [debug]: Finished analyzing [  0.00s] model ga4_data_staging.stg_retail_transaction [success]
02:16:21.285800 [info ]:  Succeeded [-------] model ga4_data_staging.stg_retail_transaction (view)
02:16:21.287534 [debug]: Compiled SQL for node model.retail_ecommerce_dbt.int_constumer_metrics at target\.lsp\compiled\retail_ecommerce_dbt\models\intermediate\int_constumer_metrics.sql
02:16:21.287818 [debug]: Finished rendering [  0.00s] model ga4_data.int_constumer_metrics [success]
02:16:21.287944 [info ]: Finished rendering [  0.00s] (2 nodes, 0 skipped, 0 errors)
02:16:21.287993 [debug]: Started analyzing model ga4_data.int_constumer_metrics
02:16:21.300615 [warn ]: dbt0101: mismatched input 'as' expecting one of 'SELECT', 'TABLE', 'VALUES', '('
  --> models\intermediate\int_constumer_metrics.sql:8:103 (target\.lsp\compiled\retail_ecommerce_dbt\models\intermediate\int_constumer_metrics.sql:8:103)
02:16:21.300881 [info ]:  Succeeded [  0.01s] model ga4_data.int_constumer_metrics (ephemeral)
02:16:21.301138 [debug]: Finished analyzing [  0.01s] model ga4_data.int_constumer_metrics [success]
02:16:21.301183 [info ]: Finished analyzing [  0.02s] (2 nodes, 0 skipped, 0 errors)
02:16:21.308996 [info ]: Started scheduling
02:16:21.309181 [info ]: Finished scheduling [  0.00s]
02:16:21.311768 [info ]: Cached model count updated: 2 models (accurate)
02:16:22.904955 [info ]: Started loading project
02:16:22.907346 [info ]: Loading ~/.dbt/profiles.yml
02:16:22.939569 [info ]: Cached model count updated: 2 models (estimate)
02:16:22.939601 [info ]: Cached model count updated: 2 models (accurate)
02:16:22.939636 [info ]: Started scheduling
02:16:22.939715 [info ]: Finished scheduling [  0.00s]
02:16:22.939737 [debug]: Compilation - 2 nodes selected: {"model.retail_ecommerce_dbt.int_constumer_metrics", "model.retail_ecommerce_dbt.stg_retail_transaction"}
02:16:22.940745 [info ]: DOWNLOADING deferral manifest
02:16:22.940822 [info ]: Finished loading project [  0.04s]
02:16:25.092134 [warn ]: dbt1203: Failed to download deferral manifest from the dbt platform for project 70471823559476, continuing without deferral. 404 Not Found: No deferral environment defined for project with ID 70471823559476 To target a specific environment, set `defer-env-id` in your dbt_project.yml under the `dbt-cloud` block.
02:16:25.303039 [info ]: Started building task graph
02:16:25.303108 [info ]: Finished building task graph [  0.00s]
02:16:25.303252 [info ]: Started rendering (2 nodes)
02:16:25.303274 [info ]: Started model ga4_data.int_constumer_metrics
02:16:25.303284 [debug]: Started rendering model ga4_data.int_constumer_metrics
02:16:25.303310 [info ]: Started model ga4_data_staging.stg_retail_transaction
02:16:25.303316 [debug]: Started rendering model ga4_data_staging.stg_retail_transaction
02:16:25.303816 [debug]: Compiled SQL for node model.retail_ecommerce_dbt.int_constumer_metrics at target\.lsp\compiled\retail_ecommerce_dbt\models\intermediate\int_constumer_metrics.sql
02:16:25.303816 [debug]: Compiled SQL for node model.retail_ecommerce_dbt.stg_retail_transaction at target\.lsp\compiled\retail_ecommerce_dbt\models\staging\stg_retail_transaction.sql
02:16:25.303915 [debug]: Finished rendering [  0.00s] model ga4_data.int_constumer_metrics [success]
02:16:25.303940 [info ]: Started analyzing (2 nodes)
02:16:25.303947 [debug]: Started analyzing model ga4_data.int_constumer_metrics
02:16:25.303963 [debug]: Finished rendering [  0.00s] model ga4_data_staging.stg_retail_transaction [success]
02:16:25.303973 [info ]: Finished rendering [  0.00s] (2 nodes, 0 skipped, 0 errors)
02:16:25.303980 [debug]: Started analyzing model ga4_data_staging.stg_retail_transaction
02:16:25.304185 [debug]: Finished analyzing [  0.00s] model ga4_data_staging.stg_retail_transaction [success]
02:16:25.304201 [info ]:  Succeeded [-------] model ga4_data_staging.stg_retail_transaction (view)
02:16:25.305380 [warn ]: dbt0101: mismatched input 'as' expecting one of 'SELECT', 'TABLE', 'VALUES', '('
  --> models\intermediate\int_constumer_metrics.sql:8:103 (target\.lsp\compiled\retail_ecommerce_dbt\models\intermediate\int_constumer_metrics.sql:8:103)
02:16:25.305502 [info ]:  Succeeded [  0.00s] model ga4_data.int_constumer_metrics (ephemeral)
02:16:25.305554 [debug]: Finished analyzing [  0.00s] model ga4_data.int_constumer_metrics [success]
02:16:25.305624 [info ]: Finished analyzing [  0.00s] (2 nodes, 0 skipped, 0 errors)
02:16:25.310178 [info ]: Started scheduling
02:16:25.310248 [info ]: Finished scheduling [  0.00s]
02:16:25.312940 [info ]: Cached model count updated: 2 models (accurate)
02:16:26.871454 [info ]: Started loading project
02:16:26.874041 [info ]: Loading ~/.dbt/profiles.yml
02:16:26.910801 [info ]: Cached model count updated: 2 models (estimate)
02:16:26.910835 [info ]: Cached model count updated: 2 models (accurate)
02:16:26.910864 [info ]: Started scheduling
02:16:26.910925 [info ]: Finished scheduling [  0.00s]
02:16:26.910939 [debug]: Compilation - 2 nodes selected: {"model.retail_ecommerce_dbt.int_constumer_metrics", "model.retail_ecommerce_dbt.stg_retail_transaction"}
02:16:26.911936 [info ]: DOWNLOADING deferral manifest
02:16:26.912096 [info ]: Finished loading project [  0.04s]
02:16:27.315972 [warn ]: dbt1203: Failed to download deferral manifest from the dbt platform for project 70471823559476, continuing without deferral. 404 Not Found: No deferral environment defined for project with ID 70471823559476 To target a specific environment, set `defer-env-id` in your dbt_project.yml under the `dbt-cloud` block.
02:16:27.543625 [info ]: Started building task graph
02:16:27.543710 [info ]: Finished building task graph [  0.00s]
02:16:27.543874 [info ]: Started rendering (2 nodes)
02:16:27.543897 [info ]: Started model ga4_data.int_constumer_metrics
02:16:27.543913 [debug]: Started rendering model ga4_data.int_constumer_metrics
02:16:27.543945 [info ]: Started model ga4_data_staging.stg_retail_transaction
02:16:27.543956 [debug]: Started rendering model ga4_data_staging.stg_retail_transaction
02:16:27.544612 [debug]: Compiled SQL for node model.retail_ecommerce_dbt.int_constumer_metrics at target\.lsp\compiled\retail_ecommerce_dbt\models\intermediate\int_constumer_metrics.sql
02:16:27.544612 [debug]: Compiled SQL for node model.retail_ecommerce_dbt.stg_retail_transaction at target\.lsp\compiled\retail_ecommerce_dbt\models\staging\stg_retail_transaction.sql
02:16:27.544724 [debug]: Finished rendering [  0.00s] model ga4_data_staging.stg_retail_transaction [success]
02:16:27.544781 [info ]: Started analyzing (2 nodes)
02:16:27.544802 [debug]: Started analyzing model ga4_data_staging.stg_retail_transaction
02:16:27.544840 [debug]: Finished rendering [  0.00s] model ga4_data.int_constumer_metrics [success]
02:16:27.544856 [info ]: Finished rendering [  0.00s] (2 nodes, 0 skipped, 0 errors)
02:16:27.544869 [debug]: Started analyzing model ga4_data.int_constumer_metrics
02:16:27.545265 [debug]: Finished analyzing [  0.00s] model ga4_data_staging.stg_retail_transaction [success]
02:16:27.545301 [info ]:  Succeeded [-------] model ga4_data_staging.stg_retail_transaction (view)
02:16:27.546084 [warn ]: dbt0101: mismatched input 'as' expecting one of 'SELECT', 'TABLE', 'VALUES', '('
  --> models\intermediate\int_constumer_metrics.sql:8:103 (target\.lsp\compiled\retail_ecommerce_dbt\models\intermediate\int_constumer_metrics.sql:8:103)
02:16:27.546239 [info ]:  Succeeded [  0.00s] model ga4_data.int_constumer_metrics (ephemeral)
02:16:27.546500 [debug]: Finished analyzing [  0.00s] model ga4_data.int_constumer_metrics [success]
02:16:27.546530 [info ]: Finished analyzing [  0.00s] (2 nodes, 0 skipped, 0 errors)
02:16:27.552384 [info ]: Started scheduling
02:16:27.552464 [info ]: Finished scheduling [  0.00s]
02:16:27.554387 [info ]: Cached model count updated: 2 models (accurate)
02:16:30.461009 [info ]: Started loading project
02:16:30.461741 [info ]: Loading ~/.dbt/profiles.yml
02:16:30.467487 [info ]: Started parsing
02:16:30.488669 [info ]: Finished loading project [  0.03s]
02:16:30.507739 [debug]: Finished parsing models\intermediate\int_constumer_metrics.sql [  0.02s]
02:16:30.508641 [warn ]: dbt1097: Configuration paths exist in your dbt_project.yml file which do not apply to any resources.
There are 1 unused configuration paths:
- models.retail_ecommerce_dbt.marts
02:16:30.520384 [info ]: DOWNLOADING deferral manifest
02:16:30.520574 [info ]: Finished parsing [  0.05s]
02:16:30.892809 [warn ]: dbt1203: Failed to download deferral manifest from the dbt platform for project 70471823559476, continuing without deferral. 404 Not Found: No deferral environment defined for project with ID 70471823559476 To target a specific environment, set `defer-env-id` in your dbt_project.yml under the `dbt-cloud` block.
02:16:30.896450 [info ]: Cached model count updated: 2 models (estimate)
02:16:30.896507 [info ]: Cached model count updated: 2 models (accurate)
02:16:30.896665 [info ]: Started scheduling
02:16:30.896840 [info ]: Finished scheduling [  0.00s]
02:16:30.896900 [debug]: Compilation - 2 nodes selected: {"model.retail_ecommerce_dbt.int_constumer_metrics", "model.retail_ecommerce_dbt.stg_retail_transaction"}
02:16:30.900179 [info ]: DOWNLOADING deferral manifest
02:16:31.301624 [warn ]: dbt1203: Failed to download deferral manifest from the dbt platform for project 70471823559476, continuing without deferral. 404 Not Found: No deferral environment defined for project with ID 70471823559476 To target a specific environment, set `defer-env-id` in your dbt_project.yml under the `dbt-cloud` block.
02:16:31.796830 [info ]: Started building task graph
02:16:31.796961 [info ]: Finished building task graph [  0.00s]
02:16:31.797231 [info ]: Started rendering (2 nodes)
02:16:31.797284 [info ]: Started model ga4_data.int_constumer_metrics
02:16:31.797313 [debug]: Started rendering model ga4_data.int_constumer_metrics
02:16:31.797375 [info ]: Started model ga4_data_staging.stg_retail_transaction
02:16:31.797406 [debug]: Started rendering model ga4_data_staging.stg_retail_transaction
02:16:31.798809 [debug]: Compiled SQL for node model.retail_ecommerce_dbt.stg_retail_transaction at target\.lsp\compiled\retail_ecommerce_dbt\models\staging\stg_retail_transaction.sql
02:16:31.799019 [debug]: Finished rendering [  0.00s] model ga4_data_staging.stg_retail_transaction [success]
02:16:31.799088 [info ]: Started analyzing (2 nodes)
02:16:31.799112 [debug]: Started analyzing model ga4_data_staging.stg_retail_transaction
02:16:31.799935 [debug]: Finished analyzing [  0.00s] model ga4_data_staging.stg_retail_transaction [success]
02:16:31.800169 [info ]:  Succeeded [  0.00s] model ga4_data_staging.stg_retail_transaction (view)
02:16:31.803755 [debug]: Compiled SQL for node model.retail_ecommerce_dbt.int_constumer_metrics at target\.lsp\compiled\retail_ecommerce_dbt\models\intermediate\int_constumer_metrics.sql
02:16:31.804027 [debug]: Finished rendering [  0.01s] model ga4_data.int_constumer_metrics [success]
02:16:31.804088 [info ]: Finished rendering [  0.01s] (2 nodes, 0 skipped, 0 errors)
02:16:31.804133 [debug]: Started analyzing model ga4_data.int_constumer_metrics
02:16:31.806112 [warn ]: dbt0101: mismatched input 'as' expecting one of 'SELECT', 'TABLE', 'VALUES', '('
  --> models\intermediate\int_constumer_metrics.sql:8:107 (target\.lsp\compiled\retail_ecommerce_dbt\models\intermediate\int_constumer_metrics.sql:8:107)
02:16:31.806635 [info ]:  Succeeded [  0.01s] model ga4_data.int_constumer_metrics (ephemeral)
02:16:31.806709 [debug]: Finished analyzing [  0.00s] model ga4_data.int_constumer_metrics [success]
02:16:31.807122 [info ]: Finished analyzing [  0.01s] (2 nodes, 0 skipped, 0 errors)
02:16:31.821315 [info ]: Started scheduling
02:16:31.821639 [info ]: Finished scheduling [  0.00s]
02:16:31.824354 [info ]: Cached model count updated: 2 models (accurate)
02:16:33.410271 [info ]: Started loading project
02:16:33.411694 [info ]: Loading ~/.dbt/profiles.yml
02:16:33.435518 [info ]: Cached model count updated: 2 models (estimate)
02:16:33.435548 [info ]: Cached model count updated: 2 models (accurate)
02:16:33.435581 [info ]: Started scheduling
02:16:33.435658 [info ]: Finished scheduling [  0.00s]
02:16:33.435673 [debug]: Compilation - 2 nodes selected: {"model.retail_ecommerce_dbt.int_constumer_metrics", "model.retail_ecommerce_dbt.stg_retail_transaction"}
02:16:33.436714 [info ]: DOWNLOADING deferral manifest
02:16:33.436876 [info ]: Finished loading project [  0.03s]
02:16:34.053029 [warn ]: dbt1203: Failed to download deferral manifest from the dbt platform for project 70471823559476, continuing without deferral. 404 Not Found: No deferral environment defined for project with ID 70471823559476 To target a specific environment, set `defer-env-id` in your dbt_project.yml under the `dbt-cloud` block.
02:16:34.252520 [info ]: Started building task graph
02:16:34.252585 [info ]: Finished building task graph [  0.00s]
02:16:34.252709 [info ]: Started rendering (2 nodes)
02:16:34.252730 [info ]: Started model ga4_data.int_constumer_metrics
02:16:34.252743 [debug]: Started rendering model ga4_data.int_constumer_metrics
02:16:34.252770 [info ]: Started model ga4_data_staging.stg_retail_transaction
02:16:34.252778 [debug]: Started rendering model ga4_data_staging.stg_retail_transaction
02:16:34.253262 [debug]: Compiled SQL for node model.retail_ecommerce_dbt.int_constumer_metrics at target\.lsp\compiled\retail_ecommerce_dbt\models\intermediate\int_constumer_metrics.sql
02:16:34.253280 [debug]: Compiled SQL for node model.retail_ecommerce_dbt.stg_retail_transaction at target\.lsp\compiled\retail_ecommerce_dbt\models\staging\stg_retail_transaction.sql
02:16:34.253348 [debug]: Finished rendering [  0.00s] model ga4_data.int_constumer_metrics [success]
02:16:34.253598 [info ]: Started analyzing (2 nodes)
02:16:34.253639 [debug]: Started analyzing model ga4_data.int_constumer_metrics
02:16:34.253685 [debug]: Finished rendering [  0.00s] model ga4_data_staging.stg_retail_transaction [success]
02:16:34.253709 [info ]: Finished rendering [  0.00s] (2 nodes, 0 skipped, 0 errors)
02:16:34.253723 [debug]: Started analyzing model ga4_data_staging.stg_retail_transaction
02:16:34.254054 [debug]: Finished analyzing [  0.00s] model ga4_data_staging.stg_retail_transaction [success]
02:16:34.254081 [info ]:  Succeeded [-------] model ga4_data_staging.stg_retail_transaction (view)
02:16:34.254347 [warn ]: dbt0101: mismatched input 'as' expecting one of 'SELECT', 'TABLE', 'VALUES', '('
  --> models\intermediate\int_constumer_metrics.sql:8:107 (target\.lsp\compiled\retail_ecommerce_dbt\models\intermediate\int_constumer_metrics.sql:8:107)
02:16:34.254433 [info ]:  Succeeded [-------] model ga4_data.int_constumer_metrics (ephemeral)
02:16:34.254938 [debug]: Finished analyzing [  0.00s] model ga4_data.int_constumer_metrics [success]
02:16:34.254958 [info ]: Finished analyzing [  0.00s] (2 nodes, 0 skipped, 0 errors)
02:16:34.258954 [info ]: Started scheduling
02:16:34.259015 [info ]: Finished scheduling [  0.00s]
02:16:34.260304 [info ]: Cached model count updated: 2 models (accurate)
02:16:35.841024 [info ]: Started loading project
02:16:35.844050 [info ]: Loading ~/.dbt/profiles.yml
02:16:35.928554 [info ]: Cached model count updated: 2 models (estimate)
02:16:35.928620 [info ]: Cached model count updated: 2 models (accurate)
02:16:35.928699 [info ]: Started scheduling
02:16:35.928838 [info ]: Finished scheduling [  0.00s]
02:16:35.928872 [debug]: Compilation - 2 nodes selected: {"model.retail_ecommerce_dbt.int_constumer_metrics", "model.retail_ecommerce_dbt.stg_retail_transaction"}
02:16:35.930770 [info ]: DOWNLOADING deferral manifest
02:16:35.930876 [info ]: Finished loading project [  0.09s]
02:16:36.346529 [warn ]: dbt1203: Failed to download deferral manifest from the dbt platform for project 70471823559476, continuing without deferral. 404 Not Found: No deferral environment defined for project with ID 70471823559476 To target a specific environment, set `defer-env-id` in your dbt_project.yml under the `dbt-cloud` block.
02:16:36.790710 [info ]: Started building task graph
02:16:36.790798 [info ]: Finished building task graph [  0.00s]
02:16:36.790944 [info ]: Started rendering (2 nodes)
02:16:36.790967 [info ]: Started model ga4_data.int_constumer_metrics
02:16:36.790981 [debug]: Started rendering model ga4_data.int_constumer_metrics
02:16:36.791007 [info ]: Started model ga4_data_staging.stg_retail_transaction
02:16:36.791020 [debug]: Started rendering model ga4_data_staging.stg_retail_transaction
02:16:36.791625 [debug]: Compiled SQL for node model.retail_ecommerce_dbt.int_constumer_metrics at target\.lsp\compiled\retail_ecommerce_dbt\models\intermediate\int_constumer_metrics.sql
02:16:36.791626 [debug]: Compiled SQL for node model.retail_ecommerce_dbt.stg_retail_transaction at target\.lsp\compiled\retail_ecommerce_dbt\models\staging\stg_retail_transaction.sql
02:16:36.791720 [debug]: Finished rendering [  0.00s] model ga4_data.int_constumer_metrics [success]
02:16:36.791778 [info ]: Started analyzing (2 nodes)
02:16:36.791818 [debug]: Started analyzing model ga4_data.int_constumer_metrics
02:16:36.791871 [debug]: Finished rendering [  0.00s] model ga4_data_staging.stg_retail_transaction [success]
02:16:36.791892 [info ]: Finished rendering [  0.00s] (2 nodes, 0 skipped, 0 errors)
02:16:36.791908 [debug]: Started analyzing model ga4_data_staging.stg_retail_transaction
02:16:36.792201 [debug]: Finished analyzing [  0.00s] model ga4_data_staging.stg_retail_transaction [success]
02:16:36.792233 [info ]:  Succeeded [-------] model ga4_data_staging.stg_retail_transaction (view)
02:16:36.793104 [warn ]: dbt0101: mismatched input 'as' expecting one of 'SELECT', 'TABLE', 'VALUES', '('
  --> models\intermediate\int_constumer_metrics.sql:8:107 (target\.lsp\compiled\retail_ecommerce_dbt\models\intermediate\int_constumer_metrics.sql:8:107)
02:16:36.793403 [debug]: Finished analyzing [  0.00s] model ga4_data.int_constumer_metrics [success]
02:16:36.793334 [info ]:  Succeeded [  0.00s] model ga4_data.int_constumer_metrics (ephemeral)
02:16:36.793436 [info ]: Finished analyzing [  0.00s] (2 nodes, 0 skipped, 0 errors)
02:16:36.800567 [info ]: Started scheduling
02:16:36.800710 [info ]: Finished scheduling [  0.00s]
02:16:36.802966 [info ]: Cached model count updated: 2 models (accurate)
02:17:27.589095 [info ]: Started loading project
02:17:27.589906 [info ]: Loading ~/.dbt/profiles.yml
02:17:27.594501 [info ]: Started parsing
02:17:27.616792 [info ]: Finished loading project [  0.03s]
02:17:27.640479 [debug]: Finished parsing models\intermediate\int_constumer_metrics.sql [  0.02s]
02:17:27.641406 [warn ]: dbt1097: Configuration paths exist in your dbt_project.yml file which do not apply to any resources.
There are 1 unused configuration paths:
- models.retail_ecommerce_dbt.marts
02:17:27.654875 [info ]: DOWNLOADING deferral manifest
02:17:27.655070 [info ]: Finished parsing [  0.06s]
02:17:28.147234 [warn ]: dbt1203: Failed to download deferral manifest from the dbt platform for project 70471823559476, continuing without deferral. 404 Not Found: No deferral environment defined for project with ID 70471823559476 To target a specific environment, set `defer-env-id` in your dbt_project.yml under the `dbt-cloud` block.
02:17:28.150846 [info ]: Cached model count updated: 2 models (estimate)
02:17:28.150987 [info ]: Cached model count updated: 2 models (accurate)
02:17:28.151088 [info ]: Started scheduling
02:17:28.151281 [info ]: Finished scheduling [  0.00s]
02:17:28.151341 [debug]: Compilation - 2 nodes selected: {"model.retail_ecommerce_dbt.int_constumer_metrics", "model.retail_ecommerce_dbt.stg_retail_transaction"}
02:17:28.155894 [info ]: DOWNLOADING deferral manifest
02:17:28.575682 [warn ]: dbt1203: Failed to download deferral manifest from the dbt platform for project 70471823559476, continuing without deferral. 404 Not Found: No deferral environment defined for project with ID 70471823559476 To target a specific environment, set `defer-env-id` in your dbt_project.yml under the `dbt-cloud` block.
02:17:29.002571 [info ]: Started building task graph
02:17:29.002700 [info ]: Finished building task graph [  0.00s]
02:17:29.003001 [info ]: Started rendering (2 nodes)
02:17:29.003057 [info ]: Started model ga4_data.int_constumer_metrics
02:17:29.003087 [debug]: Started rendering model ga4_data.int_constumer_metrics
02:17:29.003138 [info ]: Started model ga4_data_staging.stg_retail_transaction
02:17:29.003168 [debug]: Started rendering model ga4_data_staging.stg_retail_transaction
02:17:29.004256 [debug]: Compiled SQL for node model.retail_ecommerce_dbt.stg_retail_transaction at target\.lsp\compiled\retail_ecommerce_dbt\models\staging\stg_retail_transaction.sql
02:17:29.004424 [debug]: Finished rendering [  0.00s] model ga4_data_staging.stg_retail_transaction [success]
02:17:29.004503 [info ]: Started analyzing (2 nodes)
02:17:29.004532 [debug]: Started analyzing model ga4_data_staging.stg_retail_transaction
02:17:29.005306 [debug]: Finished analyzing [  0.00s] model ga4_data_staging.stg_retail_transaction [success]
02:17:29.005382 [info ]:  Succeeded [  0.00s] model ga4_data_staging.stg_retail_transaction (view)
02:17:29.009638 [debug]: Compiled SQL for node model.retail_ecommerce_dbt.int_constumer_metrics at target\.lsp\compiled\retail_ecommerce_dbt\models\intermediate\int_constumer_metrics.sql
02:17:29.010130 [debug]: Finished rendering [  0.01s] model ga4_data.int_constumer_metrics [success]
02:17:29.010189 [info ]: Finished rendering [  0.01s] (2 nodes, 0 skipped, 0 errors)
02:17:29.010241 [debug]: Started analyzing model ga4_data.int_constumer_metrics
02:17:29.015498 [warn ]: dbt0101: mismatched input 'as' expecting one of 'SELECT', 'TABLE', 'VALUES', '('
  --> models\intermediate\int_constumer_metrics.sql:8:107 (target\.lsp\compiled\retail_ecommerce_dbt\models\intermediate\int_constumer_metrics.sql:8:107)
02:17:29.021691 [debug]: Finished analyzing [  0.01s] model ga4_data.int_constumer_metrics [success]
02:17:29.021905 [info ]: Finished analyzing [  0.02s] (2 nodes, 0 skipped, 0 errors)
02:17:29.022286 [info ]:  Succeeded [  0.02s] model ga4_data.int_constumer_metrics (ephemeral)
02:17:29.036111 [info ]: Started scheduling
02:17:29.036829 [info ]: Finished scheduling [  0.00s]
02:17:29.040028 [info ]: Cached model count updated: 2 models (accurate)
02:17:30.634429 [info ]: Started loading project
02:17:30.636747 [info ]: Loading ~/.dbt/profiles.yml
02:17:30.669205 [info ]: Cached model count updated: 2 models (estimate)
02:17:30.669240 [info ]: Cached model count updated: 2 models (accurate)
02:17:30.669276 [info ]: Started scheduling
02:17:30.669385 [info ]: Finished scheduling [  0.00s]
02:17:30.669406 [debug]: Compilation - 2 nodes selected: {"model.retail_ecommerce_dbt.int_constumer_metrics", "model.retail_ecommerce_dbt.stg_retail_transaction"}
02:17:30.670651 [info ]: DOWNLOADING deferral manifest
02:17:30.670738 [info ]: Finished loading project [  0.04s]
02:17:31.068457 [warn ]: dbt1203: Failed to download deferral manifest from the dbt platform for project 70471823559476, continuing without deferral. 404 Not Found: No deferral environment defined for project with ID 70471823559476 To target a specific environment, set `defer-env-id` in your dbt_project.yml under the `dbt-cloud` block.
02:17:31.275213 [info ]: Started building task graph
02:17:31.275276 [info ]: Finished building task graph [  0.00s]
02:17:31.275424 [info ]: Started rendering (2 nodes)
02:17:31.275445 [info ]: Started model ga4_data.int_constumer_metrics
02:17:31.275458 [debug]: Started rendering model ga4_data.int_constumer_metrics
02:17:31.275487 [info ]: Started model ga4_data_staging.stg_retail_transaction
02:17:31.275498 [debug]: Started rendering model ga4_data_staging.stg_retail_transaction
02:17:31.276025 [debug]: Compiled SQL for node model.retail_ecommerce_dbt.stg_retail_transaction at target\.lsp\compiled\retail_ecommerce_dbt\models\staging\stg_retail_transaction.sql
02:17:31.276028 [debug]: Compiled SQL for node model.retail_ecommerce_dbt.int_constumer_metrics at target\.lsp\compiled\retail_ecommerce_dbt\models\intermediate\int_constumer_metrics.sql
02:17:31.276159 [debug]: Finished rendering [  0.00s] model ga4_data_staging.stg_retail_transaction [success]
02:17:31.276187 [info ]: Started analyzing (2 nodes)
02:17:31.276200 [debug]: Started analyzing model ga4_data_staging.stg_retail_transaction
02:17:31.276220 [debug]: Finished rendering [  0.00s] model ga4_data.int_constumer_metrics [success]
02:17:31.276230 [info ]: Finished rendering [  0.00s] (2 nodes, 0 skipped, 0 errors)
02:17:31.276237 [debug]: Started analyzing model ga4_data.int_constumer_metrics
02:17:31.276450 [debug]: Finished analyzing [  0.00s] model ga4_data_staging.stg_retail_transaction [success]
02:17:31.276469 [info ]:  Succeeded [-------] model ga4_data_staging.stg_retail_transaction (view)
02:17:31.276860 [warn ]: dbt0101: mismatched input 'as' expecting one of 'SELECT', 'TABLE', 'VALUES', '('
  --> models\intermediate\int_constumer_metrics.sql:8:107 (target\.lsp\compiled\retail_ecommerce_dbt\models\intermediate\int_constumer_metrics.sql:8:107)
02:17:31.276926 [info ]:  Succeeded [-------] model ga4_data.int_constumer_metrics (ephemeral)
02:17:31.276944 [debug]: Finished analyzing [  0.00s] model ga4_data.int_constumer_metrics [success]
02:17:31.276956 [info ]: Finished analyzing [  0.00s] (2 nodes, 0 skipped, 0 errors)
02:17:31.280449 [info ]: Started scheduling
02:17:31.280562 [info ]: Finished scheduling [  0.00s]
02:17:31.282110 [info ]: Cached model count updated: 2 models (accurate)
02:17:32.238132 [info ]: Started loading project
02:17:32.239070 [info ]: Loading ~/.dbt/profiles.yml
02:17:32.245732 [info ]: Started parsing
02:17:32.265797 [info ]: Finished loading project [  0.03s]
02:17:32.271232 [debug]: Finished parsing models\intermediate\int_constumer_metrics.sql [  0.00s]
02:17:32.271886 [warn ]: dbt1097: Configuration paths exist in your dbt_project.yml file which do not apply to any resources.
There are 1 unused configuration paths:
- models.retail_ecommerce_dbt.marts
02:17:32.277457 [info ]: DOWNLOADING deferral manifest
02:17:32.277531 [info ]: Finished parsing [  0.03s]
02:17:32.690702 [warn ]: dbt1203: Failed to download deferral manifest from the dbt platform for project 70471823559476, continuing without deferral. 404 Not Found: No deferral environment defined for project with ID 70471823559476 To target a specific environment, set `defer-env-id` in your dbt_project.yml under the `dbt-cloud` block.
02:17:32.692719 [info ]: Cached model count updated: 2 models (estimate)
02:17:32.692757 [info ]: Cached model count updated: 2 models (accurate)
02:17:32.692825 [info ]: Started scheduling
02:17:32.693096 [info ]: Finished scheduling [  0.00s]
02:17:32.693187 [debug]: Compilation - 2 nodes selected: {"model.retail_ecommerce_dbt.int_constumer_metrics", "model.retail_ecommerce_dbt.stg_retail_transaction"}
02:17:32.696870 [info ]: DOWNLOADING deferral manifest
02:17:33.100066 [warn ]: dbt1203: Failed to download deferral manifest from the dbt platform for project 70471823559476, continuing without deferral. 404 Not Found: No deferral environment defined for project with ID 70471823559476 To target a specific environment, set `defer-env-id` in your dbt_project.yml under the `dbt-cloud` block.
02:17:33.273325 [info ]: Started building task graph
02:17:33.273415 [info ]: Finished building task graph [  0.00s]
02:17:33.273617 [info ]: Started rendering (2 nodes)
02:17:33.273649 [info ]: Started model ga4_data.int_constumer_metrics
02:17:33.273669 [debug]: Started rendering model ga4_data.int_constumer_metrics
02:17:33.273709 [info ]: Started model ga4_data_staging.stg_retail_transaction
02:17:33.273721 [debug]: Started rendering model ga4_data_staging.stg_retail_transaction
02:17:33.274473 [debug]: Compiled SQL for node model.retail_ecommerce_dbt.stg_retail_transaction at target\.lsp\compiled\retail_ecommerce_dbt\models\staging\stg_retail_transaction.sql
02:17:33.274643 [debug]: Finished rendering [  0.00s] model ga4_data_staging.stg_retail_transaction [success]
02:17:33.274716 [info ]: Started analyzing (2 nodes)
02:17:33.274734 [debug]: Started analyzing model ga4_data_staging.stg_retail_transaction
02:17:33.275338 [debug]: Finished analyzing [  0.00s] model ga4_data_staging.stg_retail_transaction [success]
02:17:33.275386 [info ]:  Succeeded [-------] model ga4_data_staging.stg_retail_transaction (view)
02:17:33.278343 [debug]: Compiled SQL for node model.retail_ecommerce_dbt.int_constumer_metrics at target\.lsp\compiled\retail_ecommerce_dbt\models\intermediate\int_constumer_metrics.sql
02:17:33.278642 [debug]: Finished rendering [  0.00s] model ga4_data.int_constumer_metrics [success]
02:17:33.278721 [info ]: Finished rendering [  0.01s] (2 nodes, 0 skipped, 0 errors)
02:17:33.278782 [debug]: Started analyzing model ga4_data.int_constumer_metrics
02:17:33.280124 [warn ]: dbt0101: mismatched input 'as' expecting one of 'SELECT', 'TABLE', 'VALUES', '('
  --> models\intermediate\int_constumer_metrics.sql:8:107 (target\.lsp\compiled\retail_ecommerce_dbt\models\intermediate\int_constumer_metrics.sql:8:107)
02:17:33.280330 [info ]:  Succeeded [  0.01s] model ga4_data.int_constumer_metrics (ephemeral)
02:17:33.280476 [debug]: Finished analyzing [  0.00s] model ga4_data.int_constumer_metrics [success]
02:17:33.280519 [info ]: Finished analyzing [  0.01s] (2 nodes, 0 skipped, 0 errors)
02:17:33.287521 [info ]: Started scheduling
02:17:33.287622 [info ]: Finished scheduling [  0.00s]
02:17:33.288733 [info ]: Cached model count updated: 2 models (accurate)
02:17:34.874687 [info ]: Started loading project
02:17:34.876181 [info ]: Loading ~/.dbt/profiles.yml
02:17:34.902427 [info ]: Cached model count updated: 2 models (estimate)
02:17:34.902453 [info ]: Cached model count updated: 2 models (accurate)
02:17:34.902496 [info ]: Started scheduling
02:17:34.902568 [info ]: Finished scheduling [  0.00s]
02:17:34.902587 [debug]: Compilation - 2 nodes selected: {"model.retail_ecommerce_dbt.int_constumer_metrics", "model.retail_ecommerce_dbt.stg_retail_transaction"}
02:17:34.903469 [info ]: DOWNLOADING deferral manifest
02:17:34.903524 [info ]: Finished loading project [  0.03s]
02:17:35.700935 [warn ]: dbt1203: Failed to download deferral manifest from the dbt platform for project 70471823559476, continuing without deferral. 404 Not Found: No deferral environment defined for project with ID 70471823559476 To target a specific environment, set `defer-env-id` in your dbt_project.yml under the `dbt-cloud` block.
02:17:35.908289 [info ]: Started building task graph
02:17:35.908360 [info ]: Finished building task graph [  0.00s]
02:17:35.908508 [info ]: Started rendering (2 nodes)
02:17:35.908533 [info ]: Started model ga4_data.int_constumer_metrics
02:17:35.908546 [debug]: Started rendering model ga4_data.int_constumer_metrics
02:17:35.908575 [info ]: Started model ga4_data_staging.stg_retail_transaction
02:17:35.908583 [debug]: Started rendering model ga4_data_staging.stg_retail_transaction
02:17:35.909081 [debug]: Compiled SQL for node model.retail_ecommerce_dbt.stg_retail_transaction at target\.lsp\compiled\retail_ecommerce_dbt\models\staging\stg_retail_transaction.sql
02:17:35.909085 [debug]: Compiled SQL for node model.retail_ecommerce_dbt.int_constumer_metrics at target\.lsp\compiled\retail_ecommerce_dbt\models\intermediate\int_constumer_metrics.sql
02:17:35.909176 [debug]: Finished rendering [  0.00s] model ga4_data.int_constumer_metrics [success]
02:17:35.909208 [info ]: Started analyzing (2 nodes)
02:17:35.909220 [debug]: Started analyzing model ga4_data.int_constumer_metrics
02:17:35.909242 [debug]: Finished rendering [  0.00s] model ga4_data_staging.stg_retail_transaction [success]
02:17:35.909255 [info ]: Finished rendering [  0.00s] (2 nodes, 0 skipped, 0 errors)
02:17:35.909263 [debug]: Started analyzing model ga4_data_staging.stg_retail_transaction
02:17:35.909531 [debug]: Finished analyzing [  0.00s] model ga4_data_staging.stg_retail_transaction [success]
02:17:35.909560 [info ]:  Succeeded [-------] model ga4_data_staging.stg_retail_transaction (view)
02:17:35.909943 [warn ]: dbt0101: mismatched input 'as' expecting one of 'SELECT', 'TABLE', 'VALUES', '('
  --> models\intermediate\int_constumer_metrics.sql:8:107 (target\.lsp\compiled\retail_ecommerce_dbt\models\intermediate\int_constumer_metrics.sql:8:107)
02:17:35.910051 [info ]:  Succeeded [-------] model ga4_data.int_constumer_metrics (ephemeral)
02:17:35.910127 [debug]: Finished analyzing [  0.00s] model ga4_data.int_constumer_metrics [success]
02:17:35.910220 [info ]: Finished analyzing [  0.00s] (2 nodes, 0 skipped, 0 errors)
02:17:35.913392 [info ]: Started scheduling
02:17:35.913472 [info ]: Finished scheduling [  0.00s]
02:17:35.914836 [info ]: Cached model count updated: 2 models (accurate)
02:17:37.503066 [info ]: Started loading project
02:17:37.505561 [info ]: Loading ~/.dbt/profiles.yml
02:17:37.561594 [info ]: Cached model count updated: 2 models (estimate)
02:17:37.561636 [info ]: Cached model count updated: 2 models (accurate)
02:17:37.561676 [info ]: Started scheduling
02:17:37.561756 [info ]: Finished scheduling [  0.00s]
02:17:37.561786 [debug]: Compilation - 2 nodes selected: {"model.retail_ecommerce_dbt.int_constumer_metrics", "model.retail_ecommerce_dbt.stg_retail_transaction"}
02:17:37.563446 [info ]: DOWNLOADING deferral manifest
02:17:37.563648 [info ]: Finished loading project [  0.06s]
02:17:38.121298 [warn ]: dbt1203: Failed to download deferral manifest from the dbt platform for project 70471823559476, continuing without deferral. 404 Not Found: No deferral environment defined for project with ID 70471823559476 To target a specific environment, set `defer-env-id` in your dbt_project.yml under the `dbt-cloud` block.
02:17:38.485340 [info ]: Started building task graph
02:17:38.485404 [info ]: Finished building task graph [  0.00s]
02:17:38.485572 [info ]: Started rendering (2 nodes)
02:17:38.485608 [info ]: Started model ga4_data.int_constumer_metrics
02:17:38.485696 [debug]: Started rendering model ga4_data.int_constumer_metrics
02:17:38.485798 [info ]: Started model ga4_data_staging.stg_retail_transaction
02:17:38.485863 [debug]: Started rendering model ga4_data_staging.stg_retail_transaction
02:17:38.486568 [debug]: Compiled SQL for node model.retail_ecommerce_dbt.stg_retail_transaction at target\.lsp\compiled\retail_ecommerce_dbt\models\staging\stg_retail_transaction.sql
02:17:38.486573 [debug]: Compiled SQL for node model.retail_ecommerce_dbt.int_constumer_metrics at target\.lsp\compiled\retail_ecommerce_dbt\models\intermediate\int_constumer_metrics.sql
02:17:38.486694 [debug]: Finished rendering [  0.00s] model ga4_data.int_constumer_metrics [success]
02:17:38.486754 [info ]: Started analyzing (2 nodes)
02:17:38.486776 [debug]: Started analyzing model ga4_data.int_constumer_metrics
02:17:38.486810 [debug]: Finished rendering [  0.00s] model ga4_data_staging.stg_retail_transaction [success]
02:17:38.486823 [info ]: Finished rendering [  0.00s] (2 nodes, 0 skipped, 0 errors)
02:17:38.486836 [debug]: Started analyzing model ga4_data_staging.stg_retail_transaction
02:17:38.487144 [debug]: Finished analyzing [  0.00s] model ga4_data_staging.stg_retail_transaction [success]
02:17:38.487171 [info ]:  Succeeded [-------] model ga4_data_staging.stg_retail_transaction (view)
02:17:38.487678 [warn ]: dbt0101: mismatched input 'as' expecting one of 'SELECT', 'TABLE', 'VALUES', '('
  --> models\intermediate\int_constumer_metrics.sql:8:107 (target\.lsp\compiled\retail_ecommerce_dbt\models\intermediate\int_constumer_metrics.sql:8:107)
02:17:38.487799 [info ]:  Succeeded [  0.00s] model ga4_data.int_constumer_metrics (ephemeral)
02:17:38.487827 [debug]: Finished analyzing [  0.00s] model ga4_data.int_constumer_metrics [success]
02:17:38.487847 [info ]: Finished analyzing [  0.00s] (2 nodes, 0 skipped, 0 errors)
02:17:38.491113 [info ]: Started scheduling
02:17:38.491169 [info ]: Finished scheduling [  0.00s]
02:17:38.492262 [info ]: Cached model count updated: 2 models (accurate)
02:18:18.577268 [info ]: Started loading project
02:18:18.578438 [info ]: Loading ~/.dbt/profiles.yml
02:18:18.584378 [info ]: Started parsing
02:18:18.606788 [info ]: Finished loading project [  0.03s]
02:18:18.623630 [debug]: Finished parsing models\intermediate\int_constumer_metrics.sql [  0.01s]
02:18:18.624194 [warn ]: dbt1097: Configuration paths exist in your dbt_project.yml file which do not apply to any resources.
There are 1 unused configuration paths:
- models.retail_ecommerce_dbt.marts
02:18:18.634038 [info ]: DOWNLOADING deferral manifest
02:18:18.634175 [info ]: Finished parsing [  0.05s]
02:18:19.031964 [warn ]: dbt1203: Failed to download deferral manifest from the dbt platform for project 70471823559476, continuing without deferral. 404 Not Found: No deferral environment defined for project with ID 70471823559476 To target a specific environment, set `defer-env-id` in your dbt_project.yml under the `dbt-cloud` block.
02:18:19.033587 [info ]: Cached model count updated: 2 models (estimate)
02:18:19.033629 [info ]: Cached model count updated: 2 models (accurate)
02:18:19.033687 [info ]: Started scheduling
02:18:19.033868 [info ]: Finished scheduling [  0.00s]
02:18:19.033991 [debug]: Compilation - 2 nodes selected: {"model.retail_ecommerce_dbt.int_constumer_metrics", "model.retail_ecommerce_dbt.stg_retail_transaction"}
02:18:19.036106 [info ]: DOWNLOADING deferral manifest
02:18:19.460456 [warn ]: dbt1203: Failed to download deferral manifest from the dbt platform for project 70471823559476, continuing without deferral. 404 Not Found: No deferral environment defined for project with ID 70471823559476 To target a specific environment, set `defer-env-id` in your dbt_project.yml under the `dbt-cloud` block.
02:18:19.640360 [info ]: Started building task graph
02:18:19.640451 [info ]: Finished building task graph [  0.00s]
02:18:19.640647 [info ]: Started rendering (2 nodes)
02:18:19.640681 [info ]: Started model ga4_data.int_constumer_metrics
02:18:19.640698 [debug]: Started rendering model ga4_data.int_constumer_metrics
02:18:19.640739 [info ]: Started model ga4_data_staging.stg_retail_transaction
02:18:19.640751 [debug]: Started rendering model ga4_data_staging.stg_retail_transaction
02:18:19.641783 [debug]: Compiled SQL for node model.retail_ecommerce_dbt.stg_retail_transaction at target\.lsp\compiled\retail_ecommerce_dbt\models\staging\stg_retail_transaction.sql
02:18:19.642112 [debug]: Finished rendering [  0.00s] model ga4_data_staging.stg_retail_transaction [success]
02:18:19.642177 [info ]: Started analyzing (2 nodes)
02:18:19.642195 [debug]: Started analyzing model ga4_data_staging.stg_retail_transaction
02:18:19.642620 [debug]: Finished analyzing [  0.00s] model ga4_data_staging.stg_retail_transaction [success]
02:18:19.642647 [info ]:  Succeeded [  0.00s] model ga4_data_staging.stg_retail_transaction (view)
02:18:19.644295 [debug]: Compiled SQL for node model.retail_ecommerce_dbt.int_constumer_metrics at target\.lsp\compiled\retail_ecommerce_dbt\models\intermediate\int_constumer_metrics.sql
02:18:19.644576 [debug]: Finished rendering [  0.00s] model ga4_data.int_constumer_metrics [success]
02:18:19.644610 [info ]: Finished rendering [  0.00s] (2 nodes, 0 skipped, 0 errors)
02:18:19.644692 [debug]: Started analyzing model ga4_data.int_constumer_metrics
02:18:19.647295 [warn ]: dbt0101: mismatched input 'as' expecting one of 'SELECT', 'TABLE', 'VALUES', '('
  --> models\intermediate\int_constumer_metrics.sql:9:107 (target\.lsp\compiled\retail_ecommerce_dbt\models\intermediate\int_constumer_metrics.sql:9:107)
02:18:19.647517 [info ]:  Succeeded [  0.01s] model ga4_data.int_constumer_metrics (ephemeral)
02:18:19.647610 [debug]: Finished analyzing [  0.00s] model ga4_data.int_constumer_metrics [success]
02:18:19.647665 [info ]: Finished analyzing [  0.01s] (2 nodes, 0 skipped, 0 errors)
02:18:19.654987 [info ]: Started scheduling
02:18:19.655148 [info ]: Finished scheduling [  0.00s]
02:18:19.657626 [info ]: Cached model count updated: 2 models (accurate)
02:18:21.262380 [info ]: Started loading project
02:18:21.263241 [info ]: Loading ~/.dbt/profiles.yml
02:18:21.288800 [info ]: Cached model count updated: 2 models (estimate)
02:18:21.288830 [info ]: Cached model count updated: 2 models (accurate)
02:18:21.288916 [info ]: Started scheduling
02:18:21.289021 [info ]: Finished scheduling [  0.00s]
02:18:21.289043 [debug]: Compilation - 2 nodes selected: {"model.retail_ecommerce_dbt.int_constumer_metrics", "model.retail_ecommerce_dbt.stg_retail_transaction"}
02:18:21.290651 [info ]: DOWNLOADING deferral manifest
02:18:21.290820 [info ]: Finished loading project [  0.03s]
02:18:21.698977 [warn ]: dbt1203: Failed to download deferral manifest from the dbt platform for project 70471823559476, continuing without deferral. 404 Not Found: No deferral environment defined for project with ID 70471823559476 To target a specific environment, set `defer-env-id` in your dbt_project.yml under the `dbt-cloud` block.
02:18:21.887829 [info ]: Started building task graph
02:18:21.887902 [info ]: Finished building task graph [  0.00s]
02:18:21.888072 [info ]: Started rendering (2 nodes)
02:18:21.888093 [info ]: Started model ga4_data.int_constumer_metrics
02:18:21.888106 [debug]: Started rendering model ga4_data.int_constumer_metrics
02:18:21.888139 [info ]: Started model ga4_data_staging.stg_retail_transaction
02:18:21.888150 [debug]: Started rendering model ga4_data_staging.stg_retail_transaction
02:18:21.888902 [debug]: Compiled SQL for node model.retail_ecommerce_dbt.stg_retail_transaction at target\.lsp\compiled\retail_ecommerce_dbt\models\staging\stg_retail_transaction.sql
02:18:21.888920 [debug]: Compiled SQL for node model.retail_ecommerce_dbt.int_constumer_metrics at target\.lsp\compiled\retail_ecommerce_dbt\models\intermediate\int_constumer_metrics.sql
02:18:21.889011 [debug]: Finished rendering [  0.00s] model ga4_data_staging.stg_retail_transaction [success]
02:18:21.889073 [info ]: Started analyzing (2 nodes)
02:18:21.889098 [debug]: Started analyzing model ga4_data_staging.stg_retail_transaction
02:18:21.889142 [debug]: Finished rendering [  0.00s] model ga4_data.int_constumer_metrics [success]
02:18:21.889166 [info ]: Finished rendering [  0.00s] (2 nodes, 0 skipped, 0 errors)
02:18:21.889183 [debug]: Started analyzing model ga4_data.int_constumer_metrics
02:18:21.889413 [debug]: Finished analyzing [  0.00s] model ga4_data_staging.stg_retail_transaction [success]
02:18:21.889442 [info ]:  Succeeded [-------] model ga4_data_staging.stg_retail_transaction (view)
02:18:21.890147 [warn ]: dbt0101: mismatched input 'as' expecting one of 'SELECT', 'TABLE', 'VALUES', '('
  --> models\intermediate\int_constumer_metrics.sql:9:107 (target\.lsp\compiled\retail_ecommerce_dbt\models\intermediate\int_constumer_metrics.sql:9:107)
02:18:21.890257 [info ]:  Succeeded [  0.00s] model ga4_data.int_constumer_metrics (ephemeral)
02:18:21.890313 [debug]: Finished analyzing [  0.00s] model ga4_data.int_constumer_metrics [success]
02:18:21.890335 [info ]: Finished analyzing [  0.00s] (2 nodes, 0 skipped, 0 errors)
02:18:21.893168 [info ]: Started scheduling
02:18:21.893237 [info ]: Finished scheduling [  0.00s]
02:18:21.894510 [info ]: Cached model count updated: 2 models (accurate)
02:18:23.486638 [info ]: Started loading project
02:18:23.488407 [info ]: Loading ~/.dbt/profiles.yml
02:18:23.538785 [info ]: Cached model count updated: 2 models (estimate)
02:18:23.538821 [info ]: Cached model count updated: 2 models (accurate)
02:18:23.538859 [info ]: Started scheduling
02:18:23.538933 [info ]: Finished scheduling [  0.00s]
02:18:23.538960 [debug]: Compilation - 2 nodes selected: {"model.retail_ecommerce_dbt.int_constumer_metrics", "model.retail_ecommerce_dbt.stg_retail_transaction"}
02:18:23.540098 [info ]: DOWNLOADING deferral manifest
02:18:23.540173 [info ]: Finished loading project [  0.05s]
02:18:23.992458 [warn ]: dbt1203: Failed to download deferral manifest from the dbt platform for project 70471823559476, continuing without deferral. 404 Not Found: No deferral environment defined for project with ID 70471823559476 To target a specific environment, set `defer-env-id` in your dbt_project.yml under the `dbt-cloud` block.
02:18:24.192209 [info ]: Started building task graph
02:18:24.192281 [info ]: Finished building task graph [  0.00s]
02:18:24.192420 [info ]: Started rendering (2 nodes)
02:18:24.192441 [info ]: Started model ga4_data.int_constumer_metrics
02:18:24.192456 [debug]: Started rendering model ga4_data.int_constumer_metrics
02:18:24.192483 [info ]: Started model ga4_data_staging.stg_retail_transaction
02:18:24.192493 [debug]: Started rendering model ga4_data_staging.stg_retail_transaction
02:18:24.193057 [debug]: Compiled SQL for node model.retail_ecommerce_dbt.stg_retail_transaction at target\.lsp\compiled\retail_ecommerce_dbt\models\staging\stg_retail_transaction.sql
02:18:24.193065 [debug]: Compiled SQL for node model.retail_ecommerce_dbt.int_constumer_metrics at target\.lsp\compiled\retail_ecommerce_dbt\models\intermediate\int_constumer_metrics.sql
02:18:24.193167 [debug]: Finished rendering [  0.00s] model ga4_data_staging.stg_retail_transaction [success]
02:18:24.193222 [info ]: Started analyzing (2 nodes)
02:18:24.193236 [debug]: Started analyzing model ga4_data_staging.stg_retail_transaction
02:18:24.193272 [debug]: Finished rendering [  0.00s] model ga4_data.int_constumer_metrics [success]
02:18:24.193286 [info ]: Finished rendering [  0.00s] (2 nodes, 0 skipped, 0 errors)
02:18:24.193305 [debug]: Started analyzing model ga4_data.int_constumer_metrics
02:18:24.193534 [debug]: Finished analyzing [  0.00s] model ga4_data_staging.stg_retail_transaction [success]
02:18:24.193558 [info ]:  Succeeded [-------] model ga4_data_staging.stg_retail_transaction (view)
02:18:24.194279 [warn ]: dbt0101: mismatched input 'as' expecting one of 'SELECT', 'TABLE', 'VALUES', '('
  --> models\intermediate\int_constumer_metrics.sql:9:107 (target\.lsp\compiled\retail_ecommerce_dbt\models\intermediate\int_constumer_metrics.sql:9:107)
02:18:24.194403 [info ]:  Succeeded [  0.00s] model ga4_data.int_constumer_metrics (ephemeral)
02:18:24.194428 [debug]: Finished analyzing [  0.00s] model ga4_data.int_constumer_metrics [success]
02:18:24.194447 [info ]: Finished analyzing [  0.00s] (2 nodes, 0 skipped, 0 errors)
02:18:24.199309 [info ]: Started scheduling
02:18:24.199370 [info ]: Finished scheduling [  0.00s]
02:18:24.201060 [info ]: Cached model count updated: 2 models (accurate)
02:18:44.109663 [info ]: Started loading project
02:18:44.110410 [info ]: Loading ~/.dbt/profiles.yml
02:18:44.114898 [info ]: Started parsing
02:18:44.133827 [info ]: Finished loading project [  0.02s]
02:18:44.156517 [debug]: Finished parsing models\intermediate\int_constumer_metrics.sql [  0.02s]
02:18:44.157522 [warn ]: dbt1097: Configuration paths exist in your dbt_project.yml file which do not apply to any resources.
There are 1 unused configuration paths:
- models.retail_ecommerce_dbt.marts
02:18:44.167328 [info ]: DOWNLOADING deferral manifest
02:18:44.167511 [info ]: Finished parsing [  0.05s]
02:18:44.771237 [warn ]: dbt1203: Failed to download deferral manifest from the dbt platform for project 70471823559476, continuing without deferral. 404 Not Found: No deferral environment defined for project with ID 70471823559476 To target a specific environment, set `defer-env-id` in your dbt_project.yml under the `dbt-cloud` block.
02:18:44.773025 [info ]: Cached model count updated: 2 models (estimate)
02:18:44.773069 [info ]: Cached model count updated: 2 models (accurate)
02:18:44.773130 [info ]: Started scheduling
02:18:44.773262 [info ]: Finished scheduling [  0.00s]
02:18:44.773300 [debug]: Compilation - 2 nodes selected: {"model.retail_ecommerce_dbt.int_constumer_metrics", "model.retail_ecommerce_dbt.stg_retail_transaction"}
02:18:44.775249 [info ]: DOWNLOADING deferral manifest
02:18:45.182020 [warn ]: dbt1203: Failed to download deferral manifest from the dbt platform for project 70471823559476, continuing without deferral. 404 Not Found: No deferral environment defined for project with ID 70471823559476 To target a specific environment, set `defer-env-id` in your dbt_project.yml under the `dbt-cloud` block.
02:18:45.433954 [info ]: Started building task graph
02:18:45.434046 [info ]: Finished building task graph [  0.00s]
02:18:45.434243 [info ]: Started rendering (2 nodes)
02:18:45.434277 [info ]: Started model ga4_data.int_constumer_metrics
02:18:45.434297 [debug]: Started rendering model ga4_data.int_constumer_metrics
02:18:45.434339 [info ]: Started model ga4_data_staging.stg_retail_transaction
02:18:45.434355 [debug]: Started rendering model ga4_data_staging.stg_retail_transaction
02:18:45.434865 [debug]: Compiled SQL for node model.retail_ecommerce_dbt.stg_retail_transaction at target\.lsp\compiled\retail_ecommerce_dbt\models\staging\stg_retail_transaction.sql
02:18:45.434951 [debug]: Finished rendering [  0.00s] model ga4_data_staging.stg_retail_transaction [success]
02:18:45.434991 [info ]: Started analyzing (2 nodes)
02:18:45.435002 [debug]: Started analyzing model ga4_data_staging.stg_retail_transaction
02:18:45.435301 [debug]: Finished analyzing [  0.00s] model ga4_data_staging.stg_retail_transaction [success]
02:18:45.435324 [info ]:  Succeeded [-------] model ga4_data_staging.stg_retail_transaction (view)
02:18:45.438624 [debug]: Compiled SQL for node model.retail_ecommerce_dbt.int_constumer_metrics at target\.lsp\compiled\retail_ecommerce_dbt\models\intermediate\int_constumer_metrics.sql
02:18:45.438990 [debug]: Finished rendering [  0.00s] model ga4_data.int_constumer_metrics [success]
02:18:45.439078 [info ]: Finished rendering [  0.00s] (2 nodes, 0 skipped, 0 errors)
02:18:45.439135 [debug]: Started analyzing model ga4_data.int_constumer_metrics
02:18:45.440870 [warn ]: dbt0101: mismatched input 'as' expecting one of 'SELECT', 'TABLE', 'VALUES', '('
  --> models\intermediate\int_constumer_metrics.sql:9:106 (target\.lsp\compiled\retail_ecommerce_dbt\models\intermediate\int_constumer_metrics.sql:9:106)
02:18:45.441078 [info ]:  Succeeded [  0.01s] model ga4_data.int_constumer_metrics (ephemeral)
02:18:45.441181 [debug]: Finished analyzing [  0.00s] model ga4_data.int_constumer_metrics [success]
02:18:45.441218 [info ]: Finished analyzing [  0.01s] (2 nodes, 0 skipped, 0 errors)
02:18:45.446779 [info ]: Started scheduling
02:18:45.446930 [info ]: Finished scheduling [  0.00s]
02:18:45.448700 [info ]: Cached model count updated: 2 models (accurate)
02:18:47.035420 [info ]: Started loading project
02:18:47.038969 [info ]: Loading ~/.dbt/profiles.yml
02:18:47.089391 [info ]: Cached model count updated: 2 models (estimate)
02:18:47.089429 [info ]: Cached model count updated: 2 models (accurate)
02:18:47.089471 [info ]: Started scheduling
02:18:47.089568 [info ]: Finished scheduling [  0.00s]
02:18:47.089596 [debug]: Compilation - 2 nodes selected: {"model.retail_ecommerce_dbt.int_constumer_metrics", "model.retail_ecommerce_dbt.stg_retail_transaction"}
02:18:47.091311 [info ]: DOWNLOADING deferral manifest
02:18:47.091425 [info ]: Finished loading project [  0.06s]
02:18:47.499440 [warn ]: dbt1203: Failed to download deferral manifest from the dbt platform for project 70471823559476, continuing without deferral. 404 Not Found: No deferral environment defined for project with ID 70471823559476 To target a specific environment, set `defer-env-id` in your dbt_project.yml under the `dbt-cloud` block.
02:18:47.683631 [info ]: Started building task graph
02:18:47.683841 [info ]: Finished building task graph [  0.00s]
02:18:47.684057 [info ]: Started rendering (2 nodes)
02:18:47.684081 [info ]: Started model ga4_data.int_constumer_metrics
02:18:47.684093 [debug]: Started rendering model ga4_data.int_constumer_metrics
02:18:47.684120 [info ]: Started model ga4_data_staging.stg_retail_transaction
02:18:47.684129 [debug]: Started rendering model ga4_data_staging.stg_retail_transaction
02:18:47.684995 [debug]: Compiled SQL for node model.retail_ecommerce_dbt.stg_retail_transaction at target\.lsp\compiled\retail_ecommerce_dbt\models\staging\stg_retail_transaction.sql
02:18:47.685021 [debug]: Compiled SQL for node model.retail_ecommerce_dbt.int_constumer_metrics at target\.lsp\compiled\retail_ecommerce_dbt\models\intermediate\int_constumer_metrics.sql
02:18:47.685193 [debug]: Finished rendering [  0.00s] model ga4_data.int_constumer_metrics [success]
02:18:47.685273 [info ]: Started analyzing (2 nodes)
02:18:47.685299 [debug]: Started analyzing model ga4_data.int_constumer_metrics
02:18:47.685348 [debug]: Finished rendering [  0.00s] model ga4_data_staging.stg_retail_transaction [success]
02:18:47.685371 [info ]: Finished rendering [  0.00s] (2 nodes, 0 skipped, 0 errors)
02:18:47.685393 [debug]: Started analyzing model ga4_data_staging.stg_retail_transaction
02:18:47.685916 [debug]: Finished analyzing [  0.00s] model ga4_data_staging.stg_retail_transaction [success]
02:18:47.685966 [info ]:  Succeeded [  0.00s] model ga4_data_staging.stg_retail_transaction (view)
02:18:47.686927 [warn ]: dbt0101: mismatched input 'as' expecting one of 'SELECT', 'TABLE', 'VALUES', '('
  --> models\intermediate\int_constumer_metrics.sql:9:106 (target\.lsp\compiled\retail_ecommerce_dbt\models\intermediate\int_constumer_metrics.sql:9:106)
02:18:47.687103 [info ]:  Succeeded [  0.00s] model ga4_data.int_constumer_metrics (ephemeral)
02:18:47.687261 [debug]: Finished analyzing [  0.00s] model ga4_data.int_constumer_metrics [success]
02:18:47.687305 [info ]: Finished analyzing [  0.00s] (2 nodes, 0 skipped, 0 errors)
02:18:47.691414 [info ]: Started scheduling
02:18:47.691475 [info ]: Finished scheduling [  0.00s]
02:18:47.694181 [info ]: Cached model count updated: 2 models (accurate)
02:18:49.269773 [info ]: Started loading project
02:18:49.271719 [info ]: Loading ~/.dbt/profiles.yml
02:18:49.326286 [info ]: Cached model count updated: 2 models (estimate)
02:18:49.326328 [info ]: Cached model count updated: 2 models (accurate)
02:18:49.326369 [info ]: Started scheduling
02:18:49.326452 [info ]: Finished scheduling [  0.00s]
02:18:49.326482 [debug]: Compilation - 2 nodes selected: {"model.retail_ecommerce_dbt.int_constumer_metrics", "model.retail_ecommerce_dbt.stg_retail_transaction"}
02:18:49.328577 [info ]: DOWNLOADING deferral manifest
02:18:49.328628 [info ]: Finished loading project [  0.06s]
02:18:49.751821 [warn ]: dbt1203: Failed to download deferral manifest from the dbt platform for project 70471823559476, continuing without deferral. 404 Not Found: No deferral environment defined for project with ID 70471823559476 To target a specific environment, set `defer-env-id` in your dbt_project.yml under the `dbt-cloud` block.
02:18:50.142435 [info ]: Started building task graph
02:18:50.142525 [info ]: Finished building task graph [  0.00s]
02:18:50.142728 [info ]: Started rendering (2 nodes)
02:18:50.142761 [info ]: Started model ga4_data.int_constumer_metrics
02:18:50.142786 [debug]: Started rendering model ga4_data.int_constumer_metrics
02:18:50.142825 [info ]: Started model ga4_data_staging.stg_retail_transaction
02:18:50.142842 [debug]: Started rendering model ga4_data_staging.stg_retail_transaction
02:18:50.143672 [debug]: Compiled SQL for node model.retail_ecommerce_dbt.stg_retail_transaction at target\.lsp\compiled\retail_ecommerce_dbt\models\staging\stg_retail_transaction.sql
02:18:50.143672 [debug]: Compiled SQL for node model.retail_ecommerce_dbt.int_constumer_metrics at target\.lsp\compiled\retail_ecommerce_dbt\models\intermediate\int_constumer_metrics.sql
02:18:50.143785 [debug]: Finished rendering [  0.00s] model ga4_data_staging.stg_retail_transaction [success]
02:18:50.143838 [info ]: Started analyzing (2 nodes)
02:18:50.143861 [debug]: Started analyzing model ga4_data_staging.stg_retail_transaction
02:18:50.143897 [debug]: Finished rendering [  0.00s] model ga4_data.int_constumer_metrics [success]
02:18:50.143913 [info ]: Finished rendering [  0.00s] (2 nodes, 0 skipped, 0 errors)
02:18:50.143928 [debug]: Started analyzing model ga4_data.int_constumer_metrics
02:18:50.144270 [debug]: Finished analyzing [  0.00s] model ga4_data_staging.stg_retail_transaction [success]
02:18:50.144296 [info ]:  Succeeded [-------] model ga4_data_staging.stg_retail_transaction (view)
02:18:50.145199 [warn ]: dbt0101: mismatched input 'as' expecting one of 'SELECT', 'TABLE', 'VALUES', '('
  --> models\intermediate\int_constumer_metrics.sql:9:106 (target\.lsp\compiled\retail_ecommerce_dbt\models\intermediate\int_constumer_metrics.sql:9:106)
02:18:50.145473 [info ]:  Succeeded [  0.00s] model ga4_data.int_constumer_metrics (ephemeral)
02:18:50.145503 [debug]: Finished analyzing [  0.00s] model ga4_data.int_constumer_metrics [success]
02:18:50.145528 [info ]: Finished analyzing [  0.00s] (2 nodes, 0 skipped, 0 errors)
02:18:50.150990 [info ]: Started scheduling
02:18:50.151070 [info ]: Finished scheduling [  0.00s]
02:18:50.152978 [info ]: Cached model count updated: 2 models (accurate)
02:18:54.695967 [info ]: Started loading project
02:18:54.696719 [info ]: Loading ~/.dbt/profiles.yml
02:18:54.701208 [info ]: Started parsing
02:18:54.718447 [info ]: Finished loading project [  0.02s]
02:18:54.735734 [debug]: Finished parsing models\intermediate\int_constumer_metrics.sql [  0.02s]
02:18:54.736297 [warn ]: dbt1097: Configuration paths exist in your dbt_project.yml file which do not apply to any resources.
There are 1 unused configuration paths:
- models.retail_ecommerce_dbt.marts
02:18:54.742078 [info ]: DOWNLOADING deferral manifest
02:18:54.742244 [info ]: Finished parsing [  0.04s]
02:18:55.152879 [warn ]: dbt1203: Failed to download deferral manifest from the dbt platform for project 70471823559476, continuing without deferral. 404 Not Found: No deferral environment defined for project with ID 70471823559476 To target a specific environment, set `defer-env-id` in your dbt_project.yml under the `dbt-cloud` block.
02:18:55.158053 [info ]: Cached model count updated: 2 models (estimate)
02:18:55.158142 [info ]: Cached model count updated: 2 models (accurate)
02:18:55.158256 [info ]: Started scheduling
02:18:55.158508 [info ]: Finished scheduling [  0.00s]
02:18:55.158582 [debug]: Compilation - 2 nodes selected: {"model.retail_ecommerce_dbt.int_constumer_metrics", "model.retail_ecommerce_dbt.stg_retail_transaction"}
02:18:55.160540 [info ]: DOWNLOADING deferral manifest
02:18:55.549632 [warn ]: dbt1203: Failed to download deferral manifest from the dbt platform for project 70471823559476, continuing without deferral. 404 Not Found: No deferral environment defined for project with ID 70471823559476 To target a specific environment, set `defer-env-id` in your dbt_project.yml under the `dbt-cloud` block.
02:18:55.765188 [info ]: Started building task graph
02:18:55.765254 [info ]: Finished building task graph [  0.00s]
02:18:55.765397 [info ]: Started rendering (2 nodes)
02:18:55.765417 [info ]: Started model ga4_data.int_constumer_metrics
02:18:55.765430 [debug]: Started rendering model ga4_data.int_constumer_metrics
02:18:55.765455 [info ]: Started model ga4_data_staging.stg_retail_transaction
02:18:55.765462 [debug]: Started rendering model ga4_data_staging.stg_retail_transaction
02:18:55.765995 [debug]: Compiled SQL for node model.retail_ecommerce_dbt.stg_retail_transaction at target\.lsp\compiled\retail_ecommerce_dbt\models\staging\stg_retail_transaction.sql
02:18:55.766154 [debug]: Finished rendering [  0.00s] model ga4_data_staging.stg_retail_transaction [success]
02:18:55.766217 [info ]: Started analyzing (2 nodes)
02:18:55.766232 [debug]: Started analyzing model ga4_data_staging.stg_retail_transaction
02:18:55.766484 [debug]: Finished analyzing [  0.00s] model ga4_data_staging.stg_retail_transaction [success]
02:18:55.766503 [info ]:  Succeeded [-------] model ga4_data_staging.stg_retail_transaction (view)
02:18:55.767471 [debug]: Compiled SQL for node model.retail_ecommerce_dbt.int_constumer_metrics at target\.lsp\compiled\retail_ecommerce_dbt\models\intermediate\int_constumer_metrics.sql
02:18:55.767612 [debug]: Finished rendering [  0.00s] model ga4_data.int_constumer_metrics [success]
02:18:55.767633 [info ]: Finished rendering [  0.00s] (2 nodes, 0 skipped, 0 errors)
02:18:55.767654 [debug]: Started analyzing model ga4_data.int_constumer_metrics
02:18:55.768613 [warn ]: dbt0101: mismatched input 'as' expecting one of 'SELECT', 'TABLE', 'VALUES', '('
  --> models\intermediate\int_constumer_metrics.sql:9:105 (target\.lsp\compiled\retail_ecommerce_dbt\models\intermediate\int_constumer_metrics.sql:9:105)
02:18:55.768742 [info ]:  Succeeded [  0.00s] model ga4_data.int_constumer_metrics (ephemeral)
02:18:55.768935 [debug]: Finished analyzing [  0.00s] model ga4_data.int_constumer_metrics [success]
02:18:55.768962 [info ]: Finished analyzing [  0.00s] (2 nodes, 0 skipped, 0 errors)
02:18:55.773164 [info ]: Started scheduling
02:18:55.773269 [info ]: Finished scheduling [  0.00s]
02:18:55.775476 [info ]: Cached model count updated: 2 models (accurate)
02:18:57.381602 [info ]: Started loading project
02:18:57.384903 [info ]: Loading ~/.dbt/profiles.yml
02:18:57.453908 [info ]: Cached model count updated: 2 models (estimate)
02:18:57.453955 [info ]: Cached model count updated: 2 models (accurate)
02:18:57.454007 [info ]: Started scheduling
02:18:57.454129 [info ]: Finished scheduling [  0.00s]
02:18:57.454166 [debug]: Compilation - 2 nodes selected: {"model.retail_ecommerce_dbt.int_constumer_metrics", "model.retail_ecommerce_dbt.stg_retail_transaction"}
02:18:57.455895 [info ]: DOWNLOADING deferral manifest
02:18:57.456032 [info ]: Finished loading project [  0.07s]
02:18:57.849826 [warn ]: dbt1203: Failed to download deferral manifest from the dbt platform for project 70471823559476, continuing without deferral. 404 Not Found: No deferral environment defined for project with ID 70471823559476 To target a specific environment, set `defer-env-id` in your dbt_project.yml under the `dbt-cloud` block.
02:18:58.042237 [info ]: Started building task graph
02:18:58.042307 [info ]: Finished building task graph [  0.00s]
02:18:58.042556 [info ]: Started rendering (2 nodes)
02:18:58.042598 [info ]: Started model ga4_data.int_constumer_metrics
02:18:58.042629 [debug]: Started rendering model ga4_data.int_constumer_metrics
02:18:58.042700 [info ]: Started model ga4_data_staging.stg_retail_transaction
02:18:58.042712 [debug]: Started rendering model ga4_data_staging.stg_retail_transaction
02:18:58.043705 [debug]: Compiled SQL for node model.retail_ecommerce_dbt.stg_retail_transaction at target\.lsp\compiled\retail_ecommerce_dbt\models\staging\stg_retail_transaction.sql
02:18:58.043704 [debug]: Compiled SQL for node model.retail_ecommerce_dbt.int_constumer_metrics at target\.lsp\compiled\retail_ecommerce_dbt\models\intermediate\int_constumer_metrics.sql
02:18:58.043813 [debug]: Finished rendering [  0.00s] model ga4_data.int_constumer_metrics [success]
02:18:58.043857 [info ]: Started analyzing (2 nodes)
02:18:58.043871 [debug]: Started analyzing model ga4_data.int_constumer_metrics
02:18:58.043899 [debug]: Finished rendering [  0.00s] model ga4_data_staging.stg_retail_transaction [success]
02:18:58.043908 [info ]: Finished rendering [  0.00s] (2 nodes, 0 skipped, 0 errors)
02:18:58.043916 [debug]: Started analyzing model ga4_data_staging.stg_retail_transaction
02:18:58.044177 [debug]: Finished analyzing [  0.00s] model ga4_data_staging.stg_retail_transaction [success]
02:18:58.044201 [info ]:  Succeeded [  0.00s] model ga4_data_staging.stg_retail_transaction (view)
02:18:58.044575 [warn ]: dbt0101: mismatched input 'as' expecting one of 'SELECT', 'TABLE', 'VALUES', '('
  --> models\intermediate\int_constumer_metrics.sql:9:105 (target\.lsp\compiled\retail_ecommerce_dbt\models\intermediate\int_constumer_metrics.sql:9:105)
02:18:58.044685 [info ]:  Succeeded [  0.00s] model ga4_data.int_constumer_metrics (ephemeral)
02:18:58.044738 [debug]: Finished analyzing [  0.00s] model ga4_data.int_constumer_metrics [success]
02:18:58.044763 [info ]: Finished analyzing [  0.00s] (2 nodes, 0 skipped, 0 errors)
02:18:58.047763 [info ]: Started scheduling
02:18:58.047821 [info ]: Finished scheduling [  0.00s]
02:18:58.049219 [info ]: Cached model count updated: 2 models (accurate)
02:18:59.615328 [info ]: Started loading project
02:18:59.618346 [info ]: Loading ~/.dbt/profiles.yml
02:18:59.645215 [info ]: Cached model count updated: 2 models (estimate)
02:18:59.645246 [info ]: Cached model count updated: 2 models (accurate)
02:18:59.645276 [info ]: Started scheduling
02:18:59.645337 [info ]: Finished scheduling [  0.00s]
02:18:59.645358 [debug]: Compilation - 2 nodes selected: {"model.retail_ecommerce_dbt.int_constumer_metrics", "model.retail_ecommerce_dbt.stg_retail_transaction"}
02:18:59.646417 [info ]: DOWNLOADING deferral manifest
02:18:59.646500 [info ]: Finished loading project [  0.03s]
02:19:00.064584 [warn ]: dbt1203: Failed to download deferral manifest from the dbt platform for project 70471823559476, continuing without deferral. 404 Not Found: No deferral environment defined for project with ID 70471823559476 To target a specific environment, set `defer-env-id` in your dbt_project.yml under the `dbt-cloud` block.
02:19:00.261821 [info ]: Started building task graph
02:19:00.261887 [info ]: Finished building task graph [  0.00s]
02:19:00.262036 [info ]: Started rendering (2 nodes)
02:19:00.262058 [info ]: Started model ga4_data.int_constumer_metrics
02:19:00.262070 [debug]: Started rendering model ga4_data.int_constumer_metrics
02:19:00.262102 [info ]: Started model ga4_data_staging.stg_retail_transaction
02:19:00.262108 [debug]: Started rendering model ga4_data_staging.stg_retail_transaction
02:19:00.262775 [debug]: Compiled SQL for node model.retail_ecommerce_dbt.int_constumer_metrics at target\.lsp\compiled\retail_ecommerce_dbt\models\intermediate\int_constumer_metrics.sql
02:19:00.262775 [debug]: Compiled SQL for node model.retail_ecommerce_dbt.stg_retail_transaction at target\.lsp\compiled\retail_ecommerce_dbt\models\staging\stg_retail_transaction.sql
02:19:00.262896 [debug]: Finished rendering [  0.00s] model ga4_data.int_constumer_metrics [success]
02:19:00.262940 [info ]: Started analyzing (2 nodes)
02:19:00.262953 [debug]: Started analyzing model ga4_data.int_constumer_metrics
02:19:00.262976 [debug]: Finished rendering [  0.00s] model ga4_data_staging.stg_retail_transaction [success]
02:19:00.262988 [info ]: Finished rendering [  0.00s] (2 nodes, 0 skipped, 0 errors)
02:19:00.262997 [debug]: Started analyzing model ga4_data_staging.stg_retail_transaction
02:19:00.263237 [debug]: Finished analyzing [  0.00s] model ga4_data_staging.stg_retail_transaction [success]
02:19:00.263254 [info ]:  Succeeded [-------] model ga4_data_staging.stg_retail_transaction (view)
02:19:00.263726 [warn ]: dbt0101: mismatched input 'as' expecting one of 'SELECT', 'TABLE', 'VALUES', '('
  --> models\intermediate\int_constumer_metrics.sql:9:105 (target\.lsp\compiled\retail_ecommerce_dbt\models\intermediate\int_constumer_metrics.sql:9:105)
02:19:00.263825 [info ]:  Succeeded [-------] model ga4_data.int_constumer_metrics (ephemeral)
02:19:00.263836 [debug]: Finished analyzing [  0.00s] model ga4_data.int_constumer_metrics [success]
02:19:00.263846 [info ]: Finished analyzing [  0.00s] (2 nodes, 0 skipped, 0 errors)
02:19:00.267014 [info ]: Started scheduling
02:19:00.267072 [info ]: Finished scheduling [  0.00s]
02:19:00.268214 [info ]: Cached model count updated: 2 models (accurate)
02:19:00.980915 [info ]: Started loading project
02:19:00.982086 [info ]: Loading ~/.dbt/profiles.yml
02:19:00.987231 [info ]: Started parsing
02:19:01.005992 [info ]: Finished loading project [  0.03s]
02:19:01.011338 [debug]: Finished parsing models\intermediate\int_constumer_metrics.sql [  0.00s]
02:19:01.011877 [warn ]: dbt1097: Configuration paths exist in your dbt_project.yml file which do not apply to any resources.
There are 1 unused configuration paths:
- models.retail_ecommerce_dbt.marts
02:19:01.017956 [info ]: DOWNLOADING deferral manifest
02:19:01.018059 [info ]: Finished parsing [  0.03s]
02:19:01.409315 [warn ]: dbt1203: Failed to download deferral manifest from the dbt platform for project 70471823559476, continuing without deferral. 404 Not Found: No deferral environment defined for project with ID 70471823559476 To target a specific environment, set `defer-env-id` in your dbt_project.yml under the `dbt-cloud` block.
02:19:01.410655 [info ]: Cached model count updated: 2 models (estimate)
02:19:01.410691 [info ]: Cached model count updated: 2 models (accurate)
02:19:01.410747 [info ]: Started scheduling
02:19:01.410957 [info ]: Finished scheduling [  0.00s]
02:19:01.410994 [debug]: Compilation - 2 nodes selected: {"model.retail_ecommerce_dbt.int_constumer_metrics", "model.retail_ecommerce_dbt.stg_retail_transaction"}
02:19:01.413040 [info ]: DOWNLOADING deferral manifest
02:19:01.861390 [warn ]: dbt1203: Failed to download deferral manifest from the dbt platform for project 70471823559476, continuing without deferral. 404 Not Found: No deferral environment defined for project with ID 70471823559476 To target a specific environment, set `defer-env-id` in your dbt_project.yml under the `dbt-cloud` block.
02:19:01.869414 [info ]: Cached model count updated: 2 models (accurate)
02:19:01.870829 [info ]: Waiting for lease on 'target' directory
02:19:02.017806 [info ]: Cached model count updated: 2 models (accurate)
02:19:02.018680 [info ]: Waiting for lease on 'target' directory
02:19:02.586655 [info ]: Cached model count updated: 2 models (accurate)
02:19:02.587824 [info ]: Waiting for lease on 'target' directory
02:19:03.173364 [info ]: Started loading project
02:19:03.174201 [info ]: Loading ~/.dbt/profiles.yml
02:19:03.179736 [info ]: Started parsing
02:19:03.202822 [info ]: Finished loading project [  0.03s]
02:19:03.209047 [debug]: Finished parsing models\intermediate\int_constumer_metrics.sql [  0.00s]
02:19:03.209867 [warn ]: dbt1097: Configuration paths exist in your dbt_project.yml file which do not apply to any resources.
There are 1 unused configuration paths:
- models.retail_ecommerce_dbt.marts
02:19:03.216524 [info ]: DOWNLOADING deferral manifest
02:19:03.216733 [info ]: Finished parsing [  0.04s]
02:19:03.739048 [warn ]: dbt1203: Failed to download deferral manifest from the dbt platform for project 70471823559476, continuing without deferral. 404 Not Found: No deferral environment defined for project with ID 70471823559476 To target a specific environment, set `defer-env-id` in your dbt_project.yml under the `dbt-cloud` block.
02:19:03.740643 [info ]: Cached model count updated: 2 models (estimate)
02:19:03.740687 [info ]: Cached model count updated: 2 models (accurate)
02:19:03.740756 [info ]: Started scheduling
02:19:03.740903 [info ]: Finished scheduling [  0.00s]
02:19:03.740940 [debug]: Compilation - 2 nodes selected: {"model.retail_ecommerce_dbt.int_constumer_metrics", "model.retail_ecommerce_dbt.stg_retail_transaction"}
02:19:03.742735 [info ]: DOWNLOADING deferral manifest
02:19:04.189834 [warn ]: dbt1203: Failed to download deferral manifest from the dbt platform for project 70471823559476, continuing without deferral. 404 Not Found: No deferral environment defined for project with ID 70471823559476 To target a specific environment, set `defer-env-id` in your dbt_project.yml under the `dbt-cloud` block.
02:19:04.374388 [info ]: Started building task graph
02:19:04.374464 [info ]: Finished building task graph [  0.00s]
02:19:04.374627 [info ]: Started rendering (2 nodes)
02:19:04.374647 [info ]: Started model ga4_data.int_constumer_metrics
02:19:04.374659 [debug]: Started rendering model ga4_data.int_constumer_metrics
02:19:04.374689 [info ]: Started model ga4_data_staging.stg_retail_transaction
02:19:04.374750 [debug]: Started rendering model ga4_data_staging.stg_retail_transaction
02:19:04.375314 [debug]: Compiled SQL for node model.retail_ecommerce_dbt.stg_retail_transaction at target\.lsp\compiled\retail_ecommerce_dbt\models\staging\stg_retail_transaction.sql
02:19:04.375461 [debug]: Finished rendering [  0.00s] model ga4_data_staging.stg_retail_transaction [success]
02:19:04.375506 [info ]: Started analyzing (2 nodes)
02:19:04.375519 [debug]: Started analyzing model ga4_data_staging.stg_retail_transaction
02:19:04.376051 [debug]: Finished analyzing [  0.00s] model ga4_data_staging.stg_retail_transaction [success]
02:19:04.376087 [info ]:  Succeeded [-------] model ga4_data_staging.stg_retail_transaction (view)
02:19:04.378592 [debug]: Compiled SQL for node model.retail_ecommerce_dbt.int_constumer_metrics at target\.lsp\compiled\retail_ecommerce_dbt\models\intermediate\int_constumer_metrics.sql
02:19:04.379162 [debug]: Finished rendering [  0.00s] model ga4_data.int_constumer_metrics [success]
02:19:04.379213 [info ]: Finished rendering [  0.00s] (2 nodes, 0 skipped, 0 errors)
02:19:04.379350 [debug]: Started analyzing model ga4_data.int_constumer_metrics
02:19:04.380305 [warn ]: dbt0101: mismatched input 'as' expecting one of 'SELECT', 'TABLE', 'VALUES', '('
  --> models\intermediate\int_constumer_metrics.sql:9:105 (target\.lsp\compiled\retail_ecommerce_dbt\models\intermediate\int_constumer_metrics.sql:9:105)
02:19:04.380431 [info ]:  Succeeded [  0.01s] model ga4_data.int_constumer_metrics (ephemeral)
02:19:04.380537 [debug]: Finished analyzing [  0.00s] model ga4_data.int_constumer_metrics [success]
02:19:04.380558 [info ]: Finished analyzing [  0.01s] (2 nodes, 0 skipped, 0 errors)
02:19:04.385042 [info ]: Started scheduling
02:19:04.385142 [info ]: Finished scheduling [  0.00s]
02:19:04.386459 [info ]: Cached model count updated: 2 models (accurate)
02:19:05.964231 [info ]: Started loading project
02:19:05.965612 [info ]: Loading ~/.dbt/profiles.yml
02:19:06.021179 [info ]: Cached model count updated: 2 models (estimate)
02:19:06.021237 [info ]: Cached model count updated: 2 models (accurate)
02:19:06.021297 [info ]: Started scheduling
02:19:06.021435 [info ]: Finished scheduling [  0.00s]
02:19:06.021475 [debug]: Compilation - 2 nodes selected: {"model.retail_ecommerce_dbt.int_constumer_metrics", "model.retail_ecommerce_dbt.stg_retail_transaction"}
02:19:06.023669 [info ]: DOWNLOADING deferral manifest
02:19:06.023818 [info ]: Finished loading project [  0.06s]
02:19:06.519645 [warn ]: dbt1203: Failed to download deferral manifest from the dbt platform for project 70471823559476, continuing without deferral. 404 Not Found: No deferral environment defined for project with ID 70471823559476 To target a specific environment, set `defer-env-id` in your dbt_project.yml under the `dbt-cloud` block.
02:19:06.961849 [info ]: Started building task graph
02:19:06.962016 [info ]: Finished building task graph [  0.00s]
02:19:06.962232 [info ]: Started rendering (2 nodes)
02:19:06.962291 [info ]: Started model ga4_data.int_constumer_metrics
02:19:06.962360 [debug]: Started rendering model ga4_data.int_constumer_metrics
02:19:06.962471 [info ]: Started model ga4_data_staging.stg_retail_transaction
02:19:06.962548 [debug]: Started rendering model ga4_data_staging.stg_retail_transaction
02:19:06.963325 [debug]: Compiled SQL for node model.retail_ecommerce_dbt.int_constumer_metrics at target\.lsp\compiled\retail_ecommerce_dbt\models\intermediate\int_constumer_metrics.sql
02:19:06.964832 [debug]: Finished rendering [  0.00s] model ga4_data.int_constumer_metrics [success]
02:19:06.964890 [info ]: Started analyzing (2 nodes)
02:19:06.964907 [debug]: Started analyzing model ga4_data.int_constumer_metrics
02:19:06.965637 [debug]: Compiled SQL for node model.retail_ecommerce_dbt.stg_retail_transaction at target\.lsp\compiled\retail_ecommerce_dbt\models\staging\stg_retail_transaction.sql
02:19:06.965781 [debug]: Finished rendering [  0.00s] model ga4_data_staging.stg_retail_transaction [success]
02:19:06.965820 [info ]: Finished rendering [  0.00s] (2 nodes, 0 skipped, 0 errors)
02:19:06.965849 [debug]: Started analyzing model ga4_data_staging.stg_retail_transaction
02:19:06.966062 [warn ]: dbt0101: mismatched input 'as' expecting one of 'SELECT', 'TABLE', 'VALUES', '('
  --> models\intermediate\int_constumer_metrics.sql:9:105 (target\.lsp\compiled\retail_ecommerce_dbt\models\intermediate\int_constumer_metrics.sql:9:105)
02:19:06.966166 [debug]: Finished analyzing [  0.00s] model ga4_data_staging.stg_retail_transaction [success]
02:19:06.966197 [info ]:  Succeeded [  0.00s] model ga4_data_staging.stg_retail_transaction (view)
02:19:06.966231 [debug]: Finished analyzing [  0.00s] model ga4_data.int_constumer_metrics [success]
02:19:06.966250 [info ]: Finished analyzing [  0.00s] (2 nodes, 0 skipped, 0 errors)
02:19:06.966263 [info ]:  Succeeded [  0.00s] model ga4_data.int_constumer_metrics (ephemeral)
02:19:06.972697 [info ]: Started scheduling
02:19:06.972869 [info ]: Finished scheduling [  0.00s]
02:19:06.974908 [info ]: Cached model count updated: 2 models (accurate)
02:19:08.579943 [info ]: Started loading project
02:19:08.582761 [info ]: Loading ~/.dbt/profiles.yml
02:19:08.627149 [info ]: Cached model count updated: 2 models (estimate)
02:19:08.627181 [info ]: Cached model count updated: 2 models (accurate)
02:19:08.627214 [info ]: Started scheduling
02:19:08.627274 [info ]: Finished scheduling [  0.00s]
02:19:08.627290 [debug]: Compilation - 2 nodes selected: {"model.retail_ecommerce_dbt.int_constumer_metrics", "model.retail_ecommerce_dbt.stg_retail_transaction"}
02:19:08.628509 [info ]: DOWNLOADING deferral manifest
02:19:08.628594 [info ]: Finished loading project [  0.05s]
02:19:09.059419 [warn ]: dbt1203: Failed to download deferral manifest from the dbt platform for project 70471823559476, continuing without deferral. 404 Not Found: No deferral environment defined for project with ID 70471823559476 To target a specific environment, set `defer-env-id` in your dbt_project.yml under the `dbt-cloud` block.
02:19:09.531652 [info ]: Started building task graph
02:19:09.531752 [info ]: Finished building task graph [  0.00s]
02:19:09.531991 [info ]: Started rendering (2 nodes)
02:19:09.532039 [info ]: Started model ga4_data.int_constumer_metrics
02:19:09.532057 [debug]: Started rendering model ga4_data.int_constumer_metrics
02:19:09.532117 [info ]: Started model ga4_data_staging.stg_retail_transaction
02:19:09.532789 [debug]: Compiled SQL for node model.retail_ecommerce_dbt.int_constumer_metrics at target\.lsp\compiled\retail_ecommerce_dbt\models\intermediate\int_constumer_metrics.sql
02:19:09.533834 [debug]: Started rendering model ga4_data_staging.stg_retail_transaction
02:19:09.534579 [debug]: Compiled SQL for node model.retail_ecommerce_dbt.stg_retail_transaction at target\.lsp\compiled\retail_ecommerce_dbt\models\staging\stg_retail_transaction.sql
02:19:09.534786 [debug]: Finished rendering [  0.00s] model ga4_data.int_constumer_metrics [success]
02:19:09.534847 [info ]: Started analyzing (2 nodes)
02:19:09.534892 [debug]: Started analyzing model ga4_data.int_constumer_metrics
02:19:09.535002 [debug]: Finished rendering [  0.00s] model ga4_data_staging.stg_retail_transaction [success]
02:19:09.535042 [info ]: Finished rendering [  0.00s] (2 nodes, 0 skipped, 0 errors)
02:19:09.535081 [debug]: Started analyzing model ga4_data_staging.stg_retail_transaction
02:19:09.535626 [debug]: Finished analyzing [  0.00s] model ga4_data_staging.stg_retail_transaction [success]
02:19:09.535682 [info ]:  Succeeded [  0.00s] model ga4_data_staging.stg_retail_transaction (view)
02:19:09.536857 [warn ]: dbt0101: mismatched input 'as' expecting one of 'SELECT', 'TABLE', 'VALUES', '('
  --> models\intermediate\int_constumer_metrics.sql:9:105 (target\.lsp\compiled\retail_ecommerce_dbt\models\intermediate\int_constumer_metrics.sql:9:105)
02:19:09.537062 [info ]:  Succeeded [  0.00s] model ga4_data.int_constumer_metrics (ephemeral)
02:19:09.537107 [debug]: Finished analyzing [  0.00s] model ga4_data.int_constumer_metrics [success]
02:19:09.537165 [info ]: Finished analyzing [  0.00s] (2 nodes, 0 skipped, 0 errors)
02:19:09.543695 [info ]: Started scheduling
02:19:09.543920 [info ]: Finished scheduling [  0.00s]
02:19:09.550555 [info ]: Cached model count updated: 2 models (accurate)
02:19:38.089699 [info ]: Started loading project
02:19:38.090412 [info ]: Loading ~/.dbt/profiles.yml
02:19:38.095290 [info ]: Started parsing
02:19:38.113404 [info ]: Finished loading project [  0.02s]
02:19:38.119592 [debug]: Finished parsing models\intermediate\int_constumer_metrics.sql [  0.00s]
02:19:38.120259 [warn ]: dbt1097: Configuration paths exist in your dbt_project.yml file which do not apply to any resources.
There are 1 unused configuration paths:
- models.retail_ecommerce_dbt.marts
02:19:38.129612 [info ]: DOWNLOADING deferral manifest
02:19:38.129736 [info ]: Finished parsing [  0.03s]
02:19:38.526533 [warn ]: dbt1203: Failed to download deferral manifest from the dbt platform for project 70471823559476, continuing without deferral. 404 Not Found: No deferral environment defined for project with ID 70471823559476 To target a specific environment, set `defer-env-id` in your dbt_project.yml under the `dbt-cloud` block.
02:19:38.527334 [info ]: Cached model count updated: 2 models (estimate)
02:19:38.527355 [info ]: Cached model count updated: 2 models (accurate)
02:19:38.527393 [info ]: Started scheduling
02:19:38.527484 [info ]: Finished scheduling [  0.00s]
02:19:38.527507 [debug]: Compilation - 2 nodes selected: {"model.retail_ecommerce_dbt.int_constumer_metrics", "model.retail_ecommerce_dbt.stg_retail_transaction"}
02:19:38.528793 [info ]: DOWNLOADING deferral manifest
02:19:38.932190 [warn ]: dbt1203: Failed to download deferral manifest from the dbt platform for project 70471823559476, continuing without deferral. 404 Not Found: No deferral environment defined for project with ID 70471823559476 To target a specific environment, set `defer-env-id` in your dbt_project.yml under the `dbt-cloud` block.
02:19:39.113722 [info ]: Started building task graph
02:19:39.113790 [info ]: Finished building task graph [  0.00s]
02:19:39.113989 [info ]: Started rendering (2 nodes)
02:19:39.114011 [info ]: Started model ga4_data.int_constumer_metrics
02:19:39.114028 [debug]: Started rendering model ga4_data.int_constumer_metrics
02:19:39.114059 [info ]: Started model ga4_data_staging.stg_retail_transaction
02:19:39.114071 [debug]: Started rendering model ga4_data_staging.stg_retail_transaction
02:19:39.114578 [debug]: Compiled SQL for node model.retail_ecommerce_dbt.stg_retail_transaction at target\.lsp\compiled\retail_ecommerce_dbt\models\staging\stg_retail_transaction.sql
02:19:39.114714 [debug]: Finished rendering [  0.00s] model ga4_data_staging.stg_retail_transaction [success]
02:19:39.114786 [info ]: Started analyzing (2 nodes)
02:19:39.114813 [debug]: Started analyzing model ga4_data_staging.stg_retail_transaction
02:19:39.115229 [debug]: Finished analyzing [  0.00s] model ga4_data_staging.stg_retail_transaction [success]
02:19:39.115270 [info ]:  Succeeded [-------] model ga4_data_staging.stg_retail_transaction (view)
02:19:39.117175 [debug]: Compiled SQL for node model.retail_ecommerce_dbt.int_constumer_metrics at target\.lsp\compiled\retail_ecommerce_dbt\models\intermediate\int_constumer_metrics.sql
02:19:39.117340 [debug]: Finished rendering [  0.00s] model ga4_data.int_constumer_metrics [success]
02:19:39.117373 [info ]: Finished rendering [  0.00s] (2 nodes, 0 skipped, 0 errors)
02:19:39.117401 [debug]: Started analyzing model ga4_data.int_constumer_metrics
02:19:39.118611 [warn ]: dbt0101: mismatched input 'as' expecting one of 'SELECT', 'TABLE', 'VALUES', '('
  --> models\intermediate\int_constumer_metrics.sql:9:105 (target\.lsp\compiled\retail_ecommerce_dbt\models\intermediate\int_constumer_metrics.sql:9:105)
02:19:39.118849 [info ]:  Succeeded [  0.00s] model ga4_data.int_constumer_metrics (ephemeral)
02:19:39.118904 [debug]: Finished analyzing [  0.00s] model ga4_data.int_constumer_metrics [success]
02:19:39.118938 [info ]: Finished analyzing [  0.00s] (2 nodes, 0 skipped, 0 errors)
02:19:39.122981 [info ]: Started scheduling
02:19:39.123140 [info ]: Finished scheduling [  0.00s]
02:19:39.124605 [info ]: Cached model count updated: 2 models (accurate)
02:19:40.687664 [info ]: Started loading project
02:19:40.688473 [info ]: Loading ~/.dbt/profiles.yml
02:19:40.725616 [info ]: Cached model count updated: 2 models (estimate)
02:19:40.725647 [info ]: Cached model count updated: 2 models (accurate)
02:19:40.725680 [info ]: Started scheduling
02:19:40.725756 [info ]: Finished scheduling [  0.00s]
02:19:40.725776 [debug]: Compilation - 2 nodes selected: {"model.retail_ecommerce_dbt.int_constumer_metrics", "model.retail_ecommerce_dbt.stg_retail_transaction"}
02:19:40.726755 [info ]: DOWNLOADING deferral manifest
02:19:40.726851 [info ]: Finished loading project [  0.04s]
02:19:41.185979 [warn ]: dbt1203: Failed to download deferral manifest from the dbt platform for project 70471823559476, continuing without deferral. 404 Not Found: No deferral environment defined for project with ID 70471823559476 To target a specific environment, set `defer-env-id` in your dbt_project.yml under the `dbt-cloud` block.
02:19:41.357776 [info ]: Started building task graph
02:19:41.357844 [info ]: Finished building task graph [  0.00s]
02:19:41.358012 [info ]: Started rendering (2 nodes)
02:19:41.358033 [info ]: Started model ga4_data.int_constumer_metrics
02:19:41.358044 [debug]: Started rendering model ga4_data.int_constumer_metrics
02:19:41.358070 [info ]: Started model ga4_data_staging.stg_retail_transaction
02:19:41.358077 [debug]: Started rendering model ga4_data_staging.stg_retail_transaction
02:19:41.358748 [debug]: Compiled SQL for node model.retail_ecommerce_dbt.stg_retail_transaction at target\.lsp\compiled\retail_ecommerce_dbt\models\staging\stg_retail_transaction.sql
02:19:41.358868 [debug]: Compiled SQL for node model.retail_ecommerce_dbt.int_constumer_metrics at target\.lsp\compiled\retail_ecommerce_dbt\models\intermediate\int_constumer_metrics.sql
02:19:41.358920 [debug]: Finished rendering [  0.00s] model ga4_data_staging.stg_retail_transaction [success]
02:19:41.358968 [info ]: Started analyzing (2 nodes)
02:19:41.358989 [debug]: Started analyzing model ga4_data_staging.stg_retail_transaction
02:19:41.359027 [debug]: Finished rendering [  0.00s] model ga4_data.int_constumer_metrics [success]
02:19:41.359045 [info ]: Finished rendering [  0.00s] (2 nodes, 0 skipped, 0 errors)
02:19:41.359059 [debug]: Started analyzing model ga4_data.int_constumer_metrics
02:19:41.359373 [debug]: Finished analyzing [  0.00s] model ga4_data_staging.stg_retail_transaction [success]
02:19:41.359398 [info ]:  Succeeded [-------] model ga4_data_staging.stg_retail_transaction (view)
02:19:41.359961 [warn ]: dbt0101: mismatched input 'as' expecting one of 'SELECT', 'TABLE', 'VALUES', '('
  --> models\intermediate\int_constumer_metrics.sql:9:105 (target\.lsp\compiled\retail_ecommerce_dbt\models\intermediate\int_constumer_metrics.sql:9:105)
02:19:41.360136 [info ]:  Succeeded [  0.00s] model ga4_data.int_constumer_metrics (ephemeral)
02:19:41.360176 [debug]: Finished analyzing [  0.00s] model ga4_data.int_constumer_metrics [success]
02:19:41.360197 [info ]: Finished analyzing [  0.00s] (2 nodes, 0 skipped, 0 errors)
02:19:41.362945 [info ]: Started scheduling
02:19:41.363000 [info ]: Finished scheduling [  0.00s]
02:19:41.365007 [info ]: Cached model count updated: 2 models (accurate)
02:19:42.952914 [info ]: Started loading project
02:19:42.954057 [info ]: Loading ~/.dbt/profiles.yml
02:19:42.988485 [info ]: Cached model count updated: 2 models (estimate)
02:19:42.988513 [info ]: Cached model count updated: 2 models (accurate)
02:19:42.988541 [info ]: Started scheduling
02:19:42.988603 [info ]: Finished scheduling [  0.00s]
02:19:42.988622 [debug]: Compilation - 2 nodes selected: {"model.retail_ecommerce_dbt.int_constumer_metrics", "model.retail_ecommerce_dbt.stg_retail_transaction"}
02:19:42.989896 [info ]: DOWNLOADING deferral manifest
02:19:42.990053 [info ]: Finished loading project [  0.04s]
02:19:43.681689 [warn ]: dbt1203: Failed to download deferral manifest from the dbt platform for project 70471823559476, continuing without deferral. 404 Not Found: No deferral environment defined for project with ID 70471823559476 To target a specific environment, set `defer-env-id` in your dbt_project.yml under the `dbt-cloud` block.
02:19:43.915264 [info ]: Started building task graph
02:19:43.915369 [info ]: Finished building task graph [  0.00s]
02:19:43.915624 [info ]: Started rendering (2 nodes)
02:19:43.915663 [info ]: Started model ga4_data.int_constumer_metrics
02:19:43.915682 [debug]: Started rendering model ga4_data.int_constumer_metrics
02:19:43.915827 [info ]: Started model ga4_data_staging.stg_retail_transaction
02:19:43.916395 [debug]: Started rendering model ga4_data_staging.stg_retail_transaction
02:19:43.916503 [debug]: Compiled SQL for node model.retail_ecommerce_dbt.int_constumer_metrics at target\.lsp\compiled\retail_ecommerce_dbt\models\intermediate\int_constumer_metrics.sql
02:19:43.916664 [debug]: Finished rendering [  0.00s] model ga4_data.int_constumer_metrics [success]
02:19:43.916712 [info ]: Started analyzing (2 nodes)
02:19:43.916726 [debug]: Started analyzing model ga4_data.int_constumer_metrics
02:19:43.917481 [debug]: Compiled SQL for node model.retail_ecommerce_dbt.stg_retail_transaction at target\.lsp\compiled\retail_ecommerce_dbt\models\staging\stg_retail_transaction.sql
02:19:43.917624 [debug]: Finished rendering [  0.00s] model ga4_data_staging.stg_retail_transaction [success]
02:19:43.917657 [info ]: Finished rendering [  0.00s] (2 nodes, 0 skipped, 0 errors)
02:19:43.917689 [debug]: Started analyzing model ga4_data_staging.stg_retail_transaction
02:19:43.918094 [debug]: Finished analyzing [  0.00s] model ga4_data_staging.stg_retail_transaction [success]
02:19:43.918121 [info ]:  Succeeded [  0.00s] model ga4_data_staging.stg_retail_transaction (view)
02:19:43.919513 [warn ]: dbt0101: mismatched input 'as' expecting one of 'SELECT', 'TABLE', 'VALUES', '('
  --> models\intermediate\int_constumer_metrics.sql:9:105 (target\.lsp\compiled\retail_ecommerce_dbt\models\intermediate\int_constumer_metrics.sql:9:105)
02:19:43.920556 [debug]: Finished analyzing [  0.00s] model ga4_data.int_constumer_metrics [success]
02:19:43.920671 [info ]: Finished analyzing [  0.00s] (2 nodes, 0 skipped, 0 errors)
02:19:43.920719 [info ]:  Succeeded [  0.00s] model ga4_data.int_constumer_metrics (ephemeral)
02:19:43.929349 [info ]: Started scheduling
02:19:43.929499 [info ]: Finished scheduling [  0.00s]
02:19:43.933538 [info ]: Cached model count updated: 2 models (accurate)
02:20:14.979635 [info ]: Started loading project
02:20:14.980792 [info ]: Loading ~/.dbt/profiles.yml
02:20:14.985396 [info ]: Started loading project
02:20:14.986135 [info ]: Loading ~/.dbt/profiles.yml
02:20:14.986227 [info ]: Finished loading project [  0.01s]
02:20:14.990714 [debug]:    Started loading packages
02:20:14.993543 [debug]:     Loaded [  0.00s] packages
02:20:14.994463 [info ]: Started parsing
02:20:15.019695 [info ]: Finished loading project [  0.03s]
02:20:15.020459 [debug]: Finished parsing models\schema.yml [  0.00s]
02:20:15.020723 [debug]: Finished parsing models\sources.yml [  0.00s]
02:20:15.022820 [debug]: Finished parsing models\intermediate\int_customer_metrics.sql [  0.00s]
02:20:15.025180 [debug]: Finished parsing models\staging\stg_retail_transaction.sql [  0.00s]
02:20:15.025890 [warn ]: dbt1097: Configuration paths exist in your dbt_project.yml file which do not apply to any resources.
There are 1 unused configuration paths:
- models.retail_ecommerce_dbt.marts
02:20:15.030669 [info ]: DOWNLOADING deferral manifest
02:20:15.030794 [info ]: Finished parsing [  0.04s]
02:20:15.736742 [warn ]: dbt1203: Failed to download deferral manifest from the dbt platform for project 70471823559476, continuing without deferral. 404 Not Found: No deferral environment defined for project with ID 70471823559476 To target a specific environment, set `defer-env-id` in your dbt_project.yml under the `dbt-cloud` block.
02:20:15.738117 [info ]: Cached model count updated: 2 models (estimate)
02:20:15.738153 [info ]: Cached model count updated: 2 models (accurate)
02:20:15.738201 [info ]: Started scheduling
02:20:15.738263 [info ]: Finished scheduling [  0.00s]
02:20:15.738287 [debug]: Compilation - 0 nodes selected: {}
02:20:15.738311 [warn ]: dbt1092: The selection criterion '' does not match any enabled nodes
02:20:15.738325 [warn ]: dbt1601: Nothing to do. Try checking your model configs and model specification args
02:20:15.738338 [info ]: Started scheduling
02:20:15.738409 [info ]: Finished scheduling [  0.00s]
02:20:15.738492 [debug]: Initializing schema store with entry: Frontier(CanonicalFqn { catalog: "ga4-project-496021", schema: "ga4_data", table: "retail_online_raw" }) and interval: None
02:20:15.741048 [info ]: DOWNLOADING deferral manifest
02:20:16.150854 [warn ]: dbt1203: Failed to download deferral manifest from the dbt platform for project 70471823559476, continuing without deferral. 404 Not Found: No deferral environment defined for project with ID 70471823559476 To target a specific environment, set `defer-env-id` in your dbt_project.yml under the `dbt-cloud` block.
02:20:16.399001 [info ]: Started building task graph
02:20:16.399052 [info ]: Finished building task graph [  0.00s]
02:20:16.402507 [info ]: Started scheduling
02:20:16.402573 [info ]: Finished scheduling [  0.00s]
02:20:16.404800 [info ]: Cached model count updated: 2 models (accurate)
02:20:17.967582 [info ]: Started loading project
02:20:17.969426 [info ]: Loading ~/.dbt/profiles.yml
02:20:18.005632 [info ]: Cached model count updated: 2 models (estimate)
02:20:18.005684 [info ]: Cached model count updated: 2 models (accurate)
02:20:18.005737 [info ]: Started scheduling
02:20:18.005844 [info ]: Finished scheduling [  0.00s]
02:20:18.005877 [debug]: Compilation - 2 nodes selected: {"model.retail_ecommerce_dbt.int_customer_metrics", "model.retail_ecommerce_dbt.stg_retail_transaction"}
02:20:18.007671 [info ]: DOWNLOADING deferral manifest
02:20:18.007791 [info ]: Finished loading project [  0.04s]
02:20:18.417944 [warn ]: dbt1203: Failed to download deferral manifest from the dbt platform for project 70471823559476, continuing without deferral. 404 Not Found: No deferral environment defined for project with ID 70471823559476 To target a specific environment, set `defer-env-id` in your dbt_project.yml under the `dbt-cloud` block.
02:20:18.599742 [info ]: Started building task graph
02:20:18.599845 [info ]: Finished building task graph [  0.00s]
02:20:18.599996 [info ]: Started rendering (2 nodes)
02:20:18.600016 [info ]: Started model ga4_data.int_customer_metrics
02:20:18.600028 [debug]: Started rendering model ga4_data.int_customer_metrics
02:20:18.600059 [info ]: Started model ga4_data_staging.stg_retail_transaction
02:20:18.600070 [debug]: Started rendering model ga4_data_staging.stg_retail_transaction
02:20:18.602331 [debug]: Compiled SQL for node model.retail_ecommerce_dbt.stg_retail_transaction at target\.lsp\compiled\retail_ecommerce_dbt\models\staging\stg_retail_transaction.sql
02:20:18.602517 [debug]: Finished rendering [  0.00s] model ga4_data_staging.stg_retail_transaction [success]
02:20:18.602581 [info ]: Started analyzing (2 nodes)
02:20:18.602599 [debug]: Started analyzing model ga4_data_staging.stg_retail_transaction
02:20:18.603086 [debug]: Finished analyzing [  0.00s] model ga4_data_staging.stg_retail_transaction [success]
02:20:18.603132 [info ]:  Succeeded [  0.00s] model ga4_data_staging.stg_retail_transaction (view)
02:20:18.603749 [debug]: Compiled SQL for node model.retail_ecommerce_dbt.int_customer_metrics at target\.lsp\compiled\retail_ecommerce_dbt\models\intermediate\int_customer_metrics.sql
02:20:18.604027 [debug]: Finished rendering [  0.00s] model ga4_data.int_customer_metrics [success]
02:20:18.604060 [info ]: Finished rendering [  0.00s] (2 nodes, 0 skipped, 0 errors)
02:20:18.604088 [debug]: Started analyzing model ga4_data.int_customer_metrics
02:20:18.605244 [warn ]: dbt0101: mismatched input 'as' expecting one of 'SELECT', 'TABLE', 'VALUES', '('
  --> models\intermediate\int_customer_metrics.sql:9:105 (target\.lsp\compiled\retail_ecommerce_dbt\models\intermediate\int_customer_metrics.sql:9:105)
02:20:18.605424 [info ]:  Succeeded [  0.00s] model ga4_data.int_customer_metrics (ephemeral)
02:20:18.605827 [debug]: Finished analyzing [  0.00s] model ga4_data.int_customer_metrics [success]
02:20:18.605863 [info ]: Finished analyzing [  0.00s] (2 nodes, 0 skipped, 0 errors)
02:20:18.609348 [info ]: Started scheduling
02:20:18.609420 [info ]: Finished scheduling [  0.00s]
02:20:18.613723 [info ]: Cached model count updated: 2 models (accurate)
02:20:47.089372 [info ]: Started loading project
02:20:47.090851 [info ]: Loading ~/.dbt/profiles.yml
02:20:47.122000 [info ]: Cached model count updated: 2 models (estimate)
02:20:47.122030 [info ]: Cached model count updated: 2 models (accurate)
02:20:47.122074 [info ]: Started scheduling
02:20:47.123769 [info ]: Finished scheduling [  0.00s]
02:20:47.123827 [debug]: Compilation - 0 nodes selected: {}
02:20:47.123863 [warn ]: dbt1092: The selection criterion '+source:retail_ecommerce_dbt.kaggle_retail.retail_online_raw' does not match any enabled nodes
02:20:47.123882 [warn ]: dbt1601: Nothing to do. Try checking your model configs and model specification args
02:20:47.126178 [info ]: DOWNLOADING deferral manifest
02:20:47.126241 [info ]: Finished loading project [  0.04s]
02:20:47.550425 [warn ]: dbt1203: Failed to download deferral manifest from the dbt platform for project 70471823559476, continuing without deferral. 404 Not Found: No deferral environment defined for project with ID 70471823559476 To target a specific environment, set `defer-env-id` in your dbt_project.yml under the `dbt-cloud` block.
02:20:47.814468 [info ]: Started building task graph
02:20:47.814518 [info ]: Finished building task graph [  0.00s]
02:20:47.817997 [info ]: Started scheduling
02:20:47.818174 [info ]: Finished scheduling [  0.00s]
02:20:47.819741 [info ]: Cached model count updated: 2 models (accurate)
02:20:47.826185 [info ]: Waiting for lease on 'target' directory
02:20:48.197906 [info ]: Started loading project
02:20:48.199056 [info ]: Loading ~/.dbt/profiles.yml
02:20:48.227481 [info ]: Cached model count updated: 2 models (estimate)
02:20:48.227517 [info ]: Cached model count updated: 2 models (accurate)
02:20:48.227560 [info ]: Started scheduling
02:20:48.227622 [info ]: Finished scheduling [  0.00s]
02:20:48.227641 [debug]: Compilation - 0 nodes selected: {}
02:20:48.227660 [warn ]: dbt1092: The selection criterion '+source:retail_ecommerce_dbt.kaggle_retail.retail_online_raw' does not match any enabled nodes
02:20:48.227674 [warn ]: dbt1601: Nothing to do. Try checking your model configs and model specification args
02:20:48.228766 [info ]: DOWNLOADING deferral manifest
02:20:48.228893 [info ]: Finished loading project [  0.03s]
02:20:48.633387 [warn ]: dbt1203: Failed to download deferral manifest from the dbt platform for project 70471823559476, continuing without deferral. 404 Not Found: No deferral environment defined for project with ID 70471823559476 To target a specific environment, set `defer-env-id` in your dbt_project.yml under the `dbt-cloud` block.
02:20:48.820461 [info ]: Started building task graph
02:20:48.820501 [info ]: Finished building task graph [  0.00s]
02:20:48.823007 [info ]: Started scheduling
02:20:48.823067 [info ]: Finished scheduling [  0.00s]
02:20:48.824479 [info ]: Cached model count updated: 2 models (accurate)
02:20:48.829155 [info ]: Waiting for lease on 'target' directory
02:20:49.293581 [info ]: Started loading project
02:20:49.294401 [info ]: Loading ~/.dbt/profiles.yml
02:20:49.315298 [info ]: Cached model count updated: 2 models (estimate)
02:20:49.315326 [info ]: Cached model count updated: 2 models (accurate)
02:20:49.315357 [info ]: Started scheduling
02:20:49.315403 [info ]: Finished scheduling [  0.00s]
02:20:49.315416 [debug]: Compilation - 0 nodes selected: {}
02:20:49.315431 [warn ]: dbt1092: The selection criterion '+source:retail_ecommerce_dbt.kaggle_retail.retail_online_raw' does not match any enabled nodes
02:20:49.315440 [warn ]: dbt1601: Nothing to do. Try checking your model configs and model specification args
02:20:49.316420 [info ]: DOWNLOADING deferral manifest
02:20:49.316521 [info ]: Finished loading project [  0.02s]
02:20:49.734979 [warn ]: dbt1203: Failed to download deferral manifest from the dbt platform for project 70471823559476, continuing without deferral. 404 Not Found: No deferral environment defined for project with ID 70471823559476 To target a specific environment, set `defer-env-id` in your dbt_project.yml under the `dbt-cloud` block.
02:20:49.910444 [info ]: Started building task graph
02:20:49.910480 [info ]: Finished building task graph [  0.00s]
02:20:49.912917 [info ]: Started scheduling
02:20:49.912966 [info ]: Finished scheduling [  0.00s]
02:20:49.913862 [info ]: Cached model count updated: 2 models (accurate)
02:20:51.492913 [info ]: Started loading project
02:20:51.494279 [info ]: Loading ~/.dbt/profiles.yml
02:20:51.527935 [info ]: Cached model count updated: 2 models (estimate)
02:20:51.527966 [info ]: Cached model count updated: 2 models (accurate)
02:20:51.527999 [info ]: Started scheduling
02:20:51.528069 [info ]: Finished scheduling [  0.00s]
02:20:51.528085 [debug]: Compilation - 2 nodes selected: {"model.retail_ecommerce_dbt.int_customer_metrics", "model.retail_ecommerce_dbt.stg_retail_transaction"}
02:20:51.529102 [info ]: DOWNLOADING deferral manifest
02:20:51.529229 [info ]: Finished loading project [  0.04s]
02:20:51.955461 [warn ]: dbt1203: Failed to download deferral manifest from the dbt platform for project 70471823559476, continuing without deferral. 404 Not Found: No deferral environment defined for project with ID 70471823559476 To target a specific environment, set `defer-env-id` in your dbt_project.yml under the `dbt-cloud` block.
02:20:52.176564 [info ]: Started building task graph
02:20:52.176631 [info ]: Finished building task graph [  0.00s]
02:20:52.176787 [info ]: Started rendering (2 nodes)
02:20:52.176914 [info ]: Started model ga4_data.int_customer_metrics
02:20:52.176936 [debug]: Started rendering model ga4_data.int_customer_metrics
02:20:52.176972 [info ]: Started model ga4_data_staging.stg_retail_transaction
02:20:52.176980 [debug]: Started rendering model ga4_data_staging.stg_retail_transaction
02:20:52.177418 [debug]: Compiled SQL for node model.retail_ecommerce_dbt.int_customer_metrics at target\.lsp\compiled\retail_ecommerce_dbt\models\intermediate\int_customer_metrics.sql
02:20:52.177489 [debug]: Finished rendering [  0.00s] model ga4_data.int_customer_metrics [success]
02:20:52.177516 [info ]: Started analyzing (2 nodes)
02:20:52.177524 [debug]: Started analyzing model ga4_data.int_customer_metrics
02:20:52.177773 [debug]: Compiled SQL for node model.retail_ecommerce_dbt.stg_retail_transaction at target\.lsp\compiled\retail_ecommerce_dbt\models\staging\stg_retail_transaction.sql
02:20:52.178048 [warn ]: dbt0101: mismatched input 'as' expecting one of 'SELECT', 'TABLE', 'VALUES', '('
  --> models\intermediate\int_customer_metrics.sql:9:105 (target\.lsp\compiled\retail_ecommerce_dbt\models\intermediate\int_customer_metrics.sql:9:105)
02:20:52.178079 [debug]: Finished rendering [  0.00s] model ga4_data_staging.stg_retail_transaction [success]
02:20:52.178096 [info ]: Finished rendering [  0.00s] (2 nodes, 0 skipped, 0 errors)
02:20:52.178112 [debug]: Started analyzing model ga4_data_staging.stg_retail_transaction
02:20:52.178127 [debug]: Finished analyzing [  0.00s] model ga4_data.int_customer_metrics [success]
02:20:52.178136 [info ]:  Succeeded [-------] model ga4_data.int_customer_metrics (ephemeral)
02:20:52.178288 [debug]: Finished analyzing [  0.00s] model ga4_data_staging.stg_retail_transaction [success]
02:20:52.178303 [info ]: Finished analyzing [  0.00s] (2 nodes, 0 skipped, 0 errors)
02:20:52.178311 [info ]:  Succeeded [  0.00s] model ga4_data_staging.stg_retail_transaction (view)
02:20:52.181170 [info ]: Started scheduling
02:20:52.181221 [info ]: Finished scheduling [  0.00s]
02:20:52.182535 [info ]: Cached model count updated: 2 models (accurate)
02:20:53.767189 [info ]: Started loading project
02:20:53.768691 [info ]: Loading ~/.dbt/profiles.yml
02:20:53.797476 [info ]: Cached model count updated: 2 models (estimate)
02:20:53.797517 [info ]: Cached model count updated: 2 models (accurate)
02:20:53.797557 [info ]: Started scheduling
02:20:53.797639 [info ]: Finished scheduling [  0.00s]
02:20:53.797675 [debug]: Compilation - 2 nodes selected: {"model.retail_ecommerce_dbt.int_customer_metrics", "model.retail_ecommerce_dbt.stg_retail_transaction"}
02:20:53.798868 [info ]: DOWNLOADING deferral manifest
02:20:53.799029 [info ]: Finished loading project [  0.03s]
02:20:54.396598 [warn ]: dbt1203: Failed to download deferral manifest from the dbt platform for project 70471823559476, continuing without deferral. 404 Not Found: No deferral environment defined for project with ID 70471823559476 To target a specific environment, set `defer-env-id` in your dbt_project.yml under the `dbt-cloud` block.
02:20:54.621992 [info ]: Started building task graph
02:20:54.622059 [info ]: Finished building task graph [  0.00s]
02:20:54.622191 [info ]: Started rendering (2 nodes)
02:20:54.622211 [info ]: Started model ga4_data.int_customer_metrics
02:20:54.622225 [debug]: Started rendering model ga4_data.int_customer_metrics
02:20:54.622251 [info ]: Started model ga4_data_staging.stg_retail_transaction
02:20:54.622261 [debug]: Started rendering model ga4_data_staging.stg_retail_transaction
02:20:54.623574 [debug]: Compiled SQL for node model.retail_ecommerce_dbt.stg_retail_transaction at target\.lsp\compiled\retail_ecommerce_dbt\models\staging\stg_retail_transaction.sql
02:20:54.623728 [debug]: Finished rendering [  0.00s] model ga4_data_staging.stg_retail_transaction [success]
02:20:54.623732 [debug]: Compiled SQL for node model.retail_ecommerce_dbt.int_customer_metrics at target\.lsp\compiled\retail_ecommerce_dbt\models\intermediate\int_customer_metrics.sql
02:20:54.623768 [info ]: Started analyzing (2 nodes)
02:20:54.623782 [debug]: Started analyzing model ga4_data_staging.stg_retail_transaction
02:20:54.623806 [debug]: Finished rendering [  0.00s] model ga4_data.int_customer_metrics [success]
02:20:54.623814 [info ]: Finished rendering [  0.00s] (2 nodes, 0 skipped, 0 errors)
02:20:54.623824 [debug]: Started analyzing model ga4_data.int_customer_metrics
02:20:54.624291 [debug]: Finished analyzing [  0.00s] model ga4_data_staging.stg_retail_transaction [success]
02:20:54.624362 [info ]:  Succeeded [  0.00s] model ga4_data_staging.stg_retail_transaction (view)
02:20:54.624828 [warn ]: dbt0101: mismatched input 'as' expecting one of 'SELECT', 'TABLE', 'VALUES', '('
  --> models\intermediate\int_customer_metrics.sql:9:105 (target\.lsp\compiled\retail_ecommerce_dbt\models\intermediate\int_customer_metrics.sql:9:105)
02:20:54.624943 [info ]:  Succeeded [  0.00s] model ga4_data.int_customer_metrics (ephemeral)
02:20:54.625086 [debug]: Finished analyzing [  0.00s] model ga4_data.int_customer_metrics [success]
02:20:54.625107 [info ]: Finished analyzing [  0.00s] (2 nodes, 0 skipped, 0 errors)
02:20:54.628547 [info ]: Started scheduling
02:20:54.628610 [info ]: Finished scheduling [  0.00s]
02:20:54.630095 [info ]: Cached model count updated: 2 models (accurate)
02:20:55.021387 [info ]: Started loading project
02:20:55.022475 [info ]: Loading ~/.dbt/profiles.yml
02:20:55.056827 [info ]: Cached model count updated: 2 models (estimate)
02:20:55.056859 [info ]: Cached model count updated: 2 models (accurate)
02:20:55.056897 [info ]: Started scheduling
02:20:55.056953 [info ]: Finished scheduling [  0.00s]
02:20:55.056973 [debug]: Compilation - 0 nodes selected: {}
02:20:55.056990 [warn ]: dbt1092: The selection criterion '+source:retail_ecommerce_dbt.kaggle_source.retail_online_stg' does not match any enabled nodes
02:20:55.057001 [warn ]: dbt1601: Nothing to do. Try checking your model configs and model specification args
02:20:55.058132 [info ]: DOWNLOADING deferral manifest
02:20:55.058186 [info ]: Finished loading project [  0.04s]
02:20:55.474561 [warn ]: dbt1203: Failed to download deferral manifest from the dbt platform for project 70471823559476, continuing without deferral. 404 Not Found: No deferral environment defined for project with ID 70471823559476 To target a specific environment, set `defer-env-id` in your dbt_project.yml under the `dbt-cloud` block.
02:20:55.711536 [info ]: Started building task graph
02:20:55.711577 [info ]: Finished building task graph [  0.00s]
02:20:55.716441 [info ]: Started scheduling
02:20:55.716557 [info ]: Finished scheduling [  0.00s]
02:20:55.717259 [info ]: Cached model count updated: 2 models (accurate)
02:20:55.720856 [info ]: Waiting for lease on 'target' directory
02:20:56.071993 [info ]: Started loading project
02:20:56.072768 [info ]: Loading ~/.dbt/profiles.yml
02:20:56.099554 [info ]: Cached model count updated: 2 models (estimate)
02:20:56.099600 [info ]: Cached model count updated: 2 models (accurate)
02:20:56.099661 [info ]: Started scheduling
02:20:56.099747 [info ]: Finished scheduling [  0.00s]
02:20:56.099779 [debug]: Compilation - 0 nodes selected: {}
02:20:56.099809 [warn ]: dbt1092: The selection criterion '+source:retail_ecommerce_dbt.kaggle_source.retail_online_stg' does not match any enabled nodes
02:20:56.099830 [warn ]: dbt1601: Nothing to do. Try checking your model configs and model specification args
02:20:56.101234 [info ]: DOWNLOADING deferral manifest
02:20:56.101412 [info ]: Finished loading project [  0.03s]
02:20:56.563371 [warn ]: dbt1203: Failed to download deferral manifest from the dbt platform for project 70471823559476, continuing without deferral. 404 Not Found: No deferral environment defined for project with ID 70471823559476 To target a specific environment, set `defer-env-id` in your dbt_project.yml under the `dbt-cloud` block.
02:20:56.736653 [info ]: Started building task graph
02:20:56.736690 [info ]: Finished building task graph [  0.00s]
02:20:56.739237 [info ]: Started scheduling
02:20:56.739291 [info ]: Finished scheduling [  0.00s]
02:20:56.739909 [info ]: Cached model count updated: 2 models (accurate)
02:20:56.743139 [info ]: Waiting for lease on 'target' directory
02:20:57.210365 [info ]: Started loading project
02:20:57.211899 [info ]: Loading ~/.dbt/profiles.yml
02:20:57.240922 [info ]: Cached model count updated: 2 models (estimate)
02:20:57.240950 [info ]: Cached model count updated: 2 models (accurate)
02:20:57.240987 [info ]: Started scheduling
02:20:57.241039 [info ]: Finished scheduling [  0.00s]
02:20:57.241053 [debug]: Compilation - 0 nodes selected: {}
02:20:57.241069 [warn ]: dbt1092: The selection criterion '+source:retail_ecommerce_dbt.kaggle_source.retail_online_stg' does not match any enabled nodes
02:20:57.241078 [warn ]: dbt1601: Nothing to do. Try checking your model configs and model specification args
02:20:57.242083 [info ]: DOWNLOADING deferral manifest
02:20:57.242161 [info ]: Finished loading project [  0.03s]
02:20:58.004922 [warn ]: dbt1203: Failed to download deferral manifest from the dbt platform for project 70471823559476, continuing without deferral. 404 Not Found: No deferral environment defined for project with ID 70471823559476 To target a specific environment, set `defer-env-id` in your dbt_project.yml under the `dbt-cloud` block.
02:20:58.157908 [info ]: Started building task graph
02:20:58.157942 [info ]: Finished building task graph [  0.00s]
02:20:58.160488 [info ]: Started scheduling
02:20:58.160534 [info ]: Finished scheduling [  0.00s]
02:20:58.161199 [info ]: Cached model count updated: 2 models (accurate)
02:20:59.743357 [info ]: Started loading project
02:20:59.744647 [info ]: Loading ~/.dbt/profiles.yml
02:20:59.777921 [info ]: Cached model count updated: 2 models (estimate)
02:20:59.777955 [info ]: Cached model count updated: 2 models (accurate)
02:20:59.777995 [info ]: Started scheduling
02:20:59.778059 [info ]: Finished scheduling [  0.00s]
02:20:59.778076 [debug]: Compilation - 0 nodes selected: {}
02:20:59.778096 [warn ]: dbt1092: The selection criterion '+source:retail_ecommerce_dbt.kaggle_source.retail_online_stg+' does not match any enabled nodes
02:20:59.778108 [warn ]: dbt1601: Nothing to do. Try checking your model configs and model specification args
02:20:59.779354 [info ]: DOWNLOADING deferral manifest
02:20:59.779527 [info ]: Finished loading project [  0.04s]
02:21:00.860722 [warn ]: dbt1203: Failed to download deferral manifest from the dbt platform for project 70471823559476, continuing without deferral. 404 Not Found: No deferral environment defined for project with ID 70471823559476 To target a specific environment, set `defer-env-id` in your dbt_project.yml under the `dbt-cloud` block.
02:21:01.079445 [info ]: Started building task graph
02:21:01.079493 [info ]: Finished building task graph [  0.00s]
02:21:01.083123 [info ]: Started scheduling
02:21:01.083189 [info ]: Finished scheduling [  0.00s]
02:21:01.084973 [info ]: Cached model count updated: 2 models (accurate)
02:21:02.676844 [info ]: Started loading project
02:21:02.678590 [info ]: Loading ~/.dbt/profiles.yml
02:21:02.722930 [info ]: Cached model count updated: 2 models (estimate)
02:21:02.722971 [info ]: Cached model count updated: 2 models (accurate)
02:21:02.723010 [info ]: Started scheduling
02:21:02.723090 [info ]: Finished scheduling [  0.00s]
02:21:02.723111 [debug]: Compilation - 2 nodes selected: {"model.retail_ecommerce_dbt.int_customer_metrics", "model.retail_ecommerce_dbt.stg_retail_transaction"}
02:21:02.724361 [info ]: DOWNLOADING deferral manifest
02:21:02.724541 [info ]: Finished loading project [  0.05s]
02:21:03.154784 [warn ]: dbt1203: Failed to download deferral manifest from the dbt platform for project 70471823559476, continuing without deferral. 404 Not Found: No deferral environment defined for project with ID 70471823559476 To target a specific environment, set `defer-env-id` in your dbt_project.yml under the `dbt-cloud` block.
02:21:03.328916 [info ]: Started building task graph
02:21:03.328987 [info ]: Finished building task graph [  0.00s]
02:21:03.329148 [info ]: Started rendering (2 nodes)
02:21:03.329167 [info ]: Started model ga4_data.int_customer_metrics
02:21:03.329186 [debug]: Started rendering model ga4_data.int_customer_metrics
02:21:03.329217 [info ]: Started model ga4_data_staging.stg_retail_transaction
02:21:03.329224 [debug]: Started rendering model ga4_data_staging.stg_retail_transaction
02:21:03.329861 [debug]: Compiled SQL for node model.retail_ecommerce_dbt.stg_retail_transaction at target\.lsp\compiled\retail_ecommerce_dbt\models\staging\stg_retail_transaction.sql
02:21:03.329943 [debug]: Compiled SQL for node model.retail_ecommerce_dbt.int_customer_metrics at target\.lsp\compiled\retail_ecommerce_dbt\models\intermediate\int_customer_metrics.sql
02:21:03.329970 [debug]: Finished rendering [  0.00s] model ga4_data_staging.stg_retail_transaction [success]
02:21:03.330006 [info ]: Started analyzing (2 nodes)
02:21:03.330022 [debug]: Started analyzing model ga4_data_staging.stg_retail_transaction
02:21:03.330050 [debug]: Finished rendering [  0.00s] model ga4_data.int_customer_metrics [success]
02:21:03.330060 [info ]: Finished rendering [  0.00s] (2 nodes, 0 skipped, 0 errors)
02:21:03.330071 [debug]: Started analyzing model ga4_data.int_customer_metrics
02:21:03.330404 [debug]: Finished analyzing [  0.00s] model ga4_data_staging.stg_retail_transaction [success]
02:21:03.330451 [info ]:  Succeeded [-------] model ga4_data_staging.stg_retail_transaction (view)
02:21:03.330763 [warn ]: dbt0101: mismatched input 'as' expecting one of 'SELECT', 'TABLE', 'VALUES', '('
  --> models\intermediate\int_customer_metrics.sql:9:105 (target\.lsp\compiled\retail_ecommerce_dbt\models\intermediate\int_customer_metrics.sql:9:105)
02:21:03.330853 [info ]:  Succeeded [-------] model ga4_data.int_customer_metrics (ephemeral)
02:21:03.330905 [debug]: Finished analyzing [  0.00s] model ga4_data.int_customer_metrics [success]
02:21:03.330922 [info ]: Finished analyzing [  0.00s] (2 nodes, 0 skipped, 0 errors)
02:21:03.334373 [info ]: Started scheduling
02:21:03.334427 [info ]: Finished scheduling [  0.00s]
02:21:03.335585 [info ]: Cached model count updated: 2 models (accurate)
02:23:28.665026 [info ]: Started loading project
02:23:28.666017 [info ]: Loading ~/.dbt/profiles.yml
02:23:28.671366 [info ]: Started parsing
02:23:28.690002 [info ]: Finished loading project [  0.02s]
02:23:28.717748 [debug]: Finished parsing models\intermediate\int_customer_metrics.sql [  0.03s]
02:23:28.718638 [warn ]: dbt1097: Configuration paths exist in your dbt_project.yml file which do not apply to any resources.
There are 1 unused configuration paths:
- models.retail_ecommerce_dbt.marts
02:23:28.727512 [info ]: DOWNLOADING deferral manifest
02:23:28.727705 [info ]: Finished parsing [  0.06s]
02:23:29.447604 [warn ]: dbt1203: Failed to download deferral manifest from the dbt platform for project 70471823559476, continuing without deferral. 404 Not Found: No deferral environment defined for project with ID 70471823559476 To target a specific environment, set `defer-env-id` in your dbt_project.yml under the `dbt-cloud` block.
02:23:29.449820 [info ]: Cached model count updated: 2 models (estimate)
02:23:29.449874 [info ]: Cached model count updated: 2 models (accurate)
02:23:29.449982 [info ]: Started scheduling
02:23:29.450213 [info ]: Finished scheduling [  0.00s]
02:23:29.450261 [debug]: Compilation - 2 nodes selected: {"model.retail_ecommerce_dbt.int_customer_metrics", "model.retail_ecommerce_dbt.stg_retail_transaction"}
02:23:29.452033 [info ]: DOWNLOADING deferral manifest
02:23:30.431584 [warn ]: dbt1203: Failed to download deferral manifest from the dbt platform for project 70471823559476, continuing without deferral. 404 Not Found: No deferral environment defined for project with ID 70471823559476 To target a specific environment, set `defer-env-id` in your dbt_project.yml under the `dbt-cloud` block.
02:23:30.639817 [info ]: Started building task graph
02:23:30.639910 [info ]: Finished building task graph [  0.00s]
02:23:30.640097 [info ]: Started rendering (2 nodes)
02:23:30.640127 [info ]: Started model ga4_data.int_customer_metrics
02:23:30.640144 [debug]: Started rendering model ga4_data.int_customer_metrics
02:23:30.640175 [info ]: Started model ga4_data_staging.stg_retail_transaction
02:23:30.640182 [debug]: Started rendering model ga4_data_staging.stg_retail_transaction
02:23:30.641424 [debug]: Compiled SQL for node model.retail_ecommerce_dbt.stg_retail_transaction at target\.lsp\compiled\retail_ecommerce_dbt\models\staging\stg_retail_transaction.sql
02:23:30.641743 [debug]: Finished rendering [  0.00s] model ga4_data_staging.stg_retail_transaction [success]
02:23:30.641808 [info ]: Started analyzing (2 nodes)
02:23:30.641822 [debug]: Started analyzing model ga4_data_staging.stg_retail_transaction
02:23:30.642328 [debug]: Finished analyzing [  0.00s] model ga4_data_staging.stg_retail_transaction [success]
02:23:30.642357 [info ]:  Succeeded [  0.00s] model ga4_data_staging.stg_retail_transaction (view)
02:23:30.643901 [debug]: Compiled SQL for node model.retail_ecommerce_dbt.int_customer_metrics at target\.lsp\compiled\retail_ecommerce_dbt\models\intermediate\int_customer_metrics.sql
02:23:30.644081 [debug]: Finished rendering [  0.00s] model ga4_data.int_customer_metrics [success]
02:23:30.644122 [info ]: Finished rendering [  0.00s] (2 nodes, 0 skipped, 0 errors)
02:23:30.644158 [debug]: Started analyzing model ga4_data.int_customer_metrics
02:23:30.658774 [debug]: Finished analyzing [  0.01s] model ga4_data.int_customer_metrics [success]
02:23:30.658813 [info ]: Finished analyzing [  0.02s] (2 nodes, 0 skipped, 0 errors)
02:23:30.658826 [info ]:  Succeeded [  0.02s] model ga4_data.int_customer_metrics (table)
02:23:30.662505 [info ]: Started scheduling
02:23:30.662603 [info ]: Finished scheduling [  0.00s]
02:23:30.664241 [info ]: Cached model count updated: 2 models (accurate)
02:23:32.245042 [info ]: Started loading project
02:23:32.246729 [info ]: Loading ~/.dbt/profiles.yml
02:23:32.290885 [info ]: Cached model count updated: 2 models (estimate)
02:23:32.290914 [info ]: Cached model count updated: 2 models (accurate)
02:23:32.290947 [info ]: Started scheduling
02:23:32.291020 [info ]: Finished scheduling [  0.00s]
02:23:32.291036 [debug]: Compilation - 2 nodes selected: {"model.retail_ecommerce_dbt.int_customer_metrics", "model.retail_ecommerce_dbt.stg_retail_transaction"}
02:23:32.292048 [info ]: DOWNLOADING deferral manifest
02:23:32.292203 [info ]: Finished loading project [  0.05s]
02:23:32.662501 [warn ]: dbt1203: Failed to download deferral manifest from the dbt platform for project 70471823559476, continuing without deferral. 404 Not Found: No deferral environment defined for project with ID 70471823559476 To target a specific environment, set `defer-env-id` in your dbt_project.yml under the `dbt-cloud` block.
02:23:32.849669 [info ]: Started building task graph
02:23:32.849752 [info ]: Finished building task graph [  0.00s]
02:23:32.849917 [info ]: Started rendering (2 nodes)
02:23:32.849944 [info ]: Started model ga4_data.int_customer_metrics
02:23:32.849960 [debug]: Started rendering model ga4_data.int_customer_metrics
02:23:32.849988 [info ]: Started model ga4_data_staging.stg_retail_transaction
02:23:32.849995 [debug]: Started rendering model ga4_data_staging.stg_retail_transaction
02:23:32.850910 [debug]: Compiled SQL for node model.retail_ecommerce_dbt.int_customer_metrics at target\.lsp\compiled\retail_ecommerce_dbt\models\intermediate\int_customer_metrics.sql
02:23:32.850965 [debug]: Compiled SQL for node model.retail_ecommerce_dbt.stg_retail_transaction at target\.lsp\compiled\retail_ecommerce_dbt\models\staging\stg_retail_transaction.sql
02:23:32.851005 [debug]: Finished rendering [  0.00s] model ga4_data.int_customer_metrics [success]
02:23:32.851037 [info ]: Started analyzing (2 nodes)
02:23:32.851053 [debug]: Started analyzing model ga4_data.int_customer_metrics
02:23:32.851073 [debug]: Finished rendering [  0.00s] model ga4_data_staging.stg_retail_transaction [success]
02:23:32.851081 [info ]: Finished rendering [  0.00s] (2 nodes, 0 skipped, 0 errors)
02:23:32.851089 [debug]: Started analyzing model ga4_data_staging.stg_retail_transaction
02:23:32.851972 [debug]: Finished analyzing [  0.00s] model ga4_data_staging.stg_retail_transaction [success]
02:23:32.851994 [info ]:  Succeeded [  0.00s] model ga4_data_staging.stg_retail_transaction (view)
02:23:32.852547 [debug]: Finished analyzing [  0.00s] model ga4_data.int_customer_metrics [success]
02:23:32.852572 [info ]: Finished analyzing [  0.00s] (2 nodes, 0 skipped, 0 errors)
02:23:32.852584 [info ]:  Succeeded [  0.00s] model ga4_data.int_customer_metrics (table)
02:23:32.856912 [info ]: Started scheduling
02:23:32.856978 [info ]: Finished scheduling [  0.00s]
02:23:32.858823 [info ]: Cached model count updated: 2 models (accurate)
02:23:34.432240 [info ]: Started loading project
02:23:34.434079 [info ]: Loading ~/.dbt/profiles.yml
02:23:34.474756 [info ]: Cached model count updated: 2 models (estimate)
02:23:34.474784 [info ]: Cached model count updated: 2 models (accurate)
02:23:34.474814 [info ]: Started scheduling
02:23:34.474873 [info ]: Finished scheduling [  0.00s]
02:23:34.474888 [debug]: Compilation - 2 nodes selected: {"model.retail_ecommerce_dbt.int_customer_metrics", "model.retail_ecommerce_dbt.stg_retail_transaction"}
02:23:34.475868 [info ]: DOWNLOADING deferral manifest
02:23:34.475926 [info ]: Finished loading project [  0.04s]
02:23:34.866065 [warn ]: dbt1203: Failed to download deferral manifest from the dbt platform for project 70471823559476, continuing without deferral. 404 Not Found: No deferral environment defined for project with ID 70471823559476 To target a specific environment, set `defer-env-id` in your dbt_project.yml under the `dbt-cloud` block.
02:23:35.091487 [info ]: Started building task graph
02:23:35.091555 [info ]: Finished building task graph [  0.00s]
02:23:35.091689 [info ]: Started rendering (2 nodes)
02:23:35.091711 [info ]: Started model ga4_data.int_customer_metrics
02:23:35.091725 [debug]: Started rendering model ga4_data.int_customer_metrics
02:23:35.091763 [info ]: Started model ga4_data_staging.stg_retail_transaction
02:23:35.091772 [debug]: Started rendering model ga4_data_staging.stg_retail_transaction
02:23:35.092333 [debug]: Compiled SQL for node model.retail_ecommerce_dbt.int_customer_metrics at target\.lsp\compiled\retail_ecommerce_dbt\models\intermediate\int_customer_metrics.sql
02:23:35.092338 [debug]: Compiled SQL for node model.retail_ecommerce_dbt.stg_retail_transaction at target\.lsp\compiled\retail_ecommerce_dbt\models\staging\stg_retail_transaction.sql
02:23:35.092428 [debug]: Finished rendering [  0.00s] model ga4_data.int_customer_metrics [success]
02:23:35.092458 [info ]: Started analyzing (2 nodes)
02:23:35.092468 [debug]: Started analyzing model ga4_data.int_customer_metrics
02:23:35.092489 [debug]: Finished rendering [  0.00s] model ga4_data_staging.stg_retail_transaction [success]
02:23:35.092501 [info ]: Finished rendering [  0.00s] (2 nodes, 0 skipped, 0 errors)
02:23:35.092510 [debug]: Started analyzing model ga4_data_staging.stg_retail_transaction
02:23:35.092741 [debug]: Finished analyzing [  0.00s] model ga4_data_staging.stg_retail_transaction [success]
02:23:35.092762 [info ]:  Succeeded [-------] model ga4_data_staging.stg_retail_transaction (view)
02:23:35.093651 [debug]: Finished analyzing [  0.00s] model ga4_data.int_customer_metrics [success]
02:23:35.093675 [info ]: Finished analyzing [  0.00s] (2 nodes, 0 skipped, 0 errors)
02:23:35.093683 [info ]:  Succeeded [  0.00s] model ga4_data.int_customer_metrics (table)
02:23:35.096632 [info ]: Started scheduling
02:23:35.096702 [info ]: Finished scheduling [  0.00s]
02:23:35.098255 [info ]: Cached model count updated: 2 models (accurate)
02:23:56.226030 [info ]: Loading ~/.dbt/profiles.yml
02:23:56.259881 [info ]: Started loading project
02:23:56.260600 [info ]: Loading ~/.dbt/profiles.yml
02:23:56.264428 [info ]: Started loading project
02:23:56.265098 [info ]: Loading ~/.dbt/profiles.yml
02:23:56.265242 [info ]: Finished loading project [  0.01s]
02:23:56.269383 [debug]:    Started loading packages
02:23:56.271998 [debug]:     Loaded [  0.00s] packages
02:23:56.272994 [info ]: Started parsing
02:23:56.309238 [info ]: Finished loading project [  0.04s]
02:23:56.309995 [debug]: Finished parsing models\schema.yml [  0.00s]
02:23:56.310329 [debug]: Finished parsing models\sources.yml [  0.00s]
02:23:56.313497 [debug]: Finished parsing models\intermediate\int_customer_metrics.sql [  0.00s]
02:23:56.316067 [debug]: Finished parsing models\staging\stg_retail_transaction.sql [  0.00s]
02:23:56.316602 [warn ]: dbt1097: Configuration paths exist in your dbt_project.yml file which do not apply to any resources.
There are 1 unused configuration paths:
- models.retail_ecommerce_dbt.marts
02:23:56.322185 [info ]: DOWNLOADING deferral manifest
02:23:56.322348 [info ]: Finished parsing [  0.05s]
02:23:56.716285 [warn ]: dbt1203: Failed to download deferral manifest from the dbt platform for project 70471823559476, continuing without deferral. 404 Not Found: No deferral environment defined for project with ID 70471823559476 To target a specific environment, set `defer-env-id` in your dbt_project.yml under the `dbt-cloud` block.
02:23:56.717397 [info ]: Cached model count updated: 2 models (estimate)
02:23:56.717434 [info ]: Cached model count updated: 2 models (accurate)
02:23:56.717477 [info ]: Started scheduling
02:23:56.717532 [info ]: Finished scheduling [  0.00s]
02:23:56.717558 [debug]: Compilation - 0 nodes selected: {}
02:23:56.717581 [warn ]: dbt1092: The selection criterion '' does not match any enabled nodes
02:23:56.717593 [warn ]: dbt1601: Nothing to do. Try checking your model configs and model specification args
02:23:56.717605 [info ]: Started scheduling
02:23:56.717667 [info ]: Finished scheduling [  0.00s]
02:23:56.717736 [debug]: Initializing schema store with entry: Frontier(CanonicalFqn { catalog: "ga4-project-496021", schema: "ga4_data", table: "retail_online_raw" }) and interval: None
02:23:56.719097 [info ]: DOWNLOADING deferral manifest
02:23:57.112609 [warn ]: dbt1203: Failed to download deferral manifest from the dbt platform for project 70471823559476, continuing without deferral. 404 Not Found: No deferral environment defined for project with ID 70471823559476 To target a specific environment, set `defer-env-id` in your dbt_project.yml under the `dbt-cloud` block.
02:23:57.287038 [info ]: Started building task graph
02:23:57.287080 [info ]: Finished building task graph [  0.00s]
02:23:57.290917 [info ]: Started scheduling
02:23:57.290990 [info ]: Finished scheduling [  0.00s]
02:23:57.293035 [info ]: Cached model count updated: 2 models (accurate)
02:23:58.509737 [info ]: Started loading project
02:23:58.510815 [info ]: Loading ~/.dbt/profiles.yml
02:23:58.540933 [info ]: Cached model count updated: 2 models (estimate)
02:23:58.540963 [info ]: Cached model count updated: 2 models (accurate)
02:23:58.540997 [info ]: Started scheduling
02:23:58.541052 [info ]: Finished scheduling [  0.00s]
02:23:58.541075 [debug]: Compilation - 0 nodes selected: {}
02:23:58.541093 [warn ]: dbt1092: The selection criterion '+source:retail_ecommerce_dbt.kaggle_retail.retail_online_raw' does not match any enabled nodes
02:23:58.541106 [warn ]: dbt1601: Nothing to do. Try checking your model configs and model specification args
02:23:58.542087 [info ]: DOWNLOADING deferral manifest
02:23:58.542177 [info ]: Finished loading project [  0.03s]
02:23:58.930284 [warn ]: dbt1203: Failed to download deferral manifest from the dbt platform for project 70471823559476, continuing without deferral. 404 Not Found: No deferral environment defined for project with ID 70471823559476 To target a specific environment, set `defer-env-id` in your dbt_project.yml under the `dbt-cloud` block.
02:23:59.153798 [info ]: Started building task graph
02:23:59.153838 [info ]: Finished building task graph [  0.00s]
02:23:59.157495 [info ]: Started scheduling
02:23:59.157563 [info ]: Finished scheduling [  0.00s]
02:23:59.158193 [info ]: Cached model count updated: 2 models (accurate)
02:23:59.160554 [info ]: Waiting for lease on 'target' directory
02:23:59.634410 [info ]: Started loading project
02:23:59.635969 [info ]: Loading ~/.dbt/profiles.yml
02:23:59.693419 [info ]: Cached model count updated: 2 models (estimate)
02:23:59.693452 [info ]: Cached model count updated: 2 models (accurate)
02:23:59.693491 [info ]: Started scheduling
02:23:59.693549 [info ]: Finished scheduling [  0.00s]
02:23:59.693569 [debug]: Compilation - 0 nodes selected: {}
02:23:59.693601 [warn ]: dbt1092: The selection criterion '+source:retail_ecommerce_dbt.kaggle_retail.retail_online_raw' does not match any enabled nodes
02:23:59.693615 [warn ]: dbt1601: Nothing to do. Try checking your model configs and model specification args
02:23:59.694656 [info ]: DOWNLOADING deferral manifest
02:23:59.694745 [info ]: Finished loading project [  0.06s]
02:24:00.095678 [warn ]: dbt1203: Failed to download deferral manifest from the dbt platform for project 70471823559476, continuing without deferral. 404 Not Found: No deferral environment defined for project with ID 70471823559476 To target a specific environment, set `defer-env-id` in your dbt_project.yml under the `dbt-cloud` block.
02:24:00.314789 [info ]: Started building task graph
02:24:00.314827 [info ]: Finished building task graph [  0.00s]
02:24:00.318317 [info ]: Started scheduling
02:24:00.318372 [info ]: Finished scheduling [  0.00s]
02:24:00.318973 [info ]: Cached model count updated: 2 models (accurate)
02:24:00.323490 [info ]: Waiting for lease on 'target' directory
02:24:00.678684 [info ]: Started loading project
02:24:00.679521 [info ]: Loading ~/.dbt/profiles.yml
02:24:00.713452 [info ]: Cached model count updated: 2 models (estimate)
02:24:00.713485 [info ]: Cached model count updated: 2 models (accurate)
02:24:00.713521 [info ]: Started scheduling
02:24:00.713578 [info ]: Finished scheduling [  0.00s]
02:24:00.713592 [debug]: Compilation - 0 nodes selected: {}
02:24:00.713609 [warn ]: dbt1092: The selection criterion '+source:retail_ecommerce_dbt.kaggle_retail.retail_online_raw' does not match any enabled nodes
02:24:00.713624 [warn ]: dbt1601: Nothing to do. Try checking your model configs and model specification args
02:24:00.714614 [info ]: DOWNLOADING deferral manifest
02:24:00.714716 [info ]: Finished loading project [  0.04s]
02:24:01.085705 [warn ]: dbt1203: Failed to download deferral manifest from the dbt platform for project 70471823559476, continuing without deferral. 404 Not Found: No deferral environment defined for project with ID 70471823559476 To target a specific environment, set `defer-env-id` in your dbt_project.yml under the `dbt-cloud` block.
02:24:01.273259 [info ]: Started building task graph
02:24:01.273305 [info ]: Finished building task graph [  0.00s]
02:24:01.275912 [info ]: Started scheduling
02:24:01.275966 [info ]: Finished scheduling [  0.00s]
02:24:01.276607 [info ]: Cached model count updated: 2 models (accurate)
02:24:01.451502 [info ]: Waiting for lease on 'target' directory
02:24:01.820943 [info ]: Started loading project
02:24:01.822701 [info ]: Loading ~/.dbt/profiles.yml
02:24:01.856444 [info ]: Cached model count updated: 2 models (estimate)
02:24:01.856473 [info ]: Cached model count updated: 2 models (accurate)
02:24:01.856525 [info ]: Started scheduling
02:24:01.856601 [info ]: Finished scheduling [  0.00s]
02:24:01.856624 [debug]: Compilation - 0 nodes selected: {}
02:24:01.856649 [warn ]: dbt1092: The selection criterion '+source:retail_ecommerce_dbt.kaggle_retail.retail_online_raw' does not match any enabled nodes
02:24:01.856668 [warn ]: dbt1601: Nothing to do. Try checking your model configs and model specification args
02:24:01.857971 [info ]: DOWNLOADING deferral manifest
02:24:01.858021 [info ]: Finished loading project [  0.04s]
02:24:02.817688 [warn ]: dbt1203: Failed to download deferral manifest from the dbt platform for project 70471823559476, continuing without deferral. 404 Not Found: No deferral environment defined for project with ID 70471823559476 To target a specific environment, set `defer-env-id` in your dbt_project.yml under the `dbt-cloud` block.
02:24:03.011320 [info ]: Started building task graph
02:24:03.011362 [info ]: Finished building task graph [  0.00s]
02:24:03.015762 [info ]: Started scheduling
02:24:03.015898 [info ]: Finished scheduling [  0.00s]
02:24:03.017587 [info ]: Cached model count updated: 2 models (accurate)
02:24:03.023202 [info ]: Waiting for lease on 'target' directory
02:24:03.368561 [info ]: Started loading project
02:24:03.370467 [info ]: Loading ~/.dbt/profiles.yml
02:24:03.423407 [info ]: Cached model count updated: 2 models (estimate)
02:24:03.423463 [info ]: Cached model count updated: 2 models (accurate)
02:24:03.423528 [info ]: Started scheduling
02:24:03.423625 [info ]: Finished scheduling [  0.00s]
02:24:03.423653 [debug]: Compilation - 0 nodes selected: {}
02:24:03.423695 [warn ]: dbt1092: The selection criterion '+source:retail_ecommerce_dbt.kaggle_retail.retail_online_raw' does not match any enabled nodes
02:24:03.423768 [warn ]: dbt1601: Nothing to do. Try checking your model configs and model specification args
02:24:03.426375 [info ]: DOWNLOADING deferral manifest
02:24:03.426422 [info ]: Finished loading project [  0.06s]
02:24:03.810218 [warn ]: dbt1203: Failed to download deferral manifest from the dbt platform for project 70471823559476, continuing without deferral. 404 Not Found: No deferral environment defined for project with ID 70471823559476 To target a specific environment, set `defer-env-id` in your dbt_project.yml under the `dbt-cloud` block.
02:24:04.037890 [info ]: Started building task graph
02:24:04.038043 [info ]: Finished building task graph [  0.00s]
02:24:04.041024 [info ]: Started scheduling
02:24:04.041092 [info ]: Finished scheduling [  0.00s]
02:24:04.041712 [info ]: Cached model count updated: 2 models (accurate)
02:24:04.427083 [info ]: Started loading project
02:24:04.429023 [info ]: Loading ~/.dbt/profiles.yml
02:24:04.455341 [info ]: Cached model count updated: 2 models (estimate)
02:24:04.455387 [info ]: Cached model count updated: 2 models (accurate)
02:24:04.455441 [info ]: Started scheduling
02:24:04.455520 [info ]: Finished scheduling [  0.00s]
02:24:04.455541 [debug]: Compilation - 0 nodes selected: {}
02:24:04.455562 [warn ]: dbt1092: The selection criterion '+source:retail_ecommerce_dbt.kaggle_retail.retail_online_raw' does not match any enabled nodes
02:24:04.455572 [warn ]: dbt1601: Nothing to do. Try checking your model configs and model specification args
02:24:04.456737 [info ]: DOWNLOADING deferral manifest
02:24:04.456853 [info ]: Finished loading project [  0.03s]
02:24:04.976355 [warn ]: dbt1203: Failed to download deferral manifest from the dbt platform for project 70471823559476, continuing without deferral. 404 Not Found: No deferral environment defined for project with ID 70471823559476 To target a specific environment, set `defer-env-id` in your dbt_project.yml under the `dbt-cloud` block.
02:24:05.153923 [info ]: Started building task graph
02:24:05.153966 [info ]: Finished building task graph [  0.00s]
02:24:05.157956 [info ]: Started scheduling
02:24:05.158014 [info ]: Finished scheduling [  0.00s]
02:24:05.158588 [info ]: Cached model count updated: 2 models (accurate)
02:24:05.716758 [info ]: Started loading project
02:24:05.718210 [info ]: Loading ~/.dbt/profiles.yml
02:24:05.739137 [info ]: Cached model count updated: 2 models (estimate)
02:24:05.739168 [info ]: Cached model count updated: 2 models (accurate)
02:24:05.739208 [info ]: Started scheduling
02:24:05.739263 [info ]: Finished scheduling [  0.00s]
02:24:05.739278 [debug]: Compilation - 0 nodes selected: {}
02:24:05.739296 [warn ]: dbt1092: The selection criterion '+source:retail_ecommerce_dbt.kaggle_retail.retail_online_raw' does not match any enabled nodes
02:24:05.739306 [warn ]: dbt1601: Nothing to do. Try checking your model configs and model specification args
02:24:05.740292 [info ]: DOWNLOADING deferral manifest
02:24:05.740345 [info ]: Finished loading project [  0.02s]
02:24:06.120573 [warn ]: dbt1203: Failed to download deferral manifest from the dbt platform for project 70471823559476, continuing without deferral. 404 Not Found: No deferral environment defined for project with ID 70471823559476 To target a specific environment, set `defer-env-id` in your dbt_project.yml under the `dbt-cloud` block.
02:24:06.309704 [info ]: Started building task graph
02:24:06.309747 [info ]: Finished building task graph [  0.00s]
02:24:06.312109 [info ]: Started scheduling
02:24:06.312156 [info ]: Finished scheduling [  0.00s]
02:24:06.312721 [info ]: Cached model count updated: 2 models (accurate)
02:24:06.436771 [info ]: Waiting for lease on 'target' directory
02:24:06.784421 [info ]: Started loading project
02:24:06.785250 [info ]: Loading ~/.dbt/profiles.yml
02:24:06.812525 [info ]: Cached model count updated: 2 models (estimate)
02:24:06.812554 [info ]: Cached model count updated: 2 models (accurate)
02:24:06.812587 [info ]: Started scheduling
02:24:06.812637 [info ]: Finished scheduling [  0.00s]
02:24:06.812649 [debug]: Compilation - 0 nodes selected: {}
02:24:06.812664 [warn ]: dbt1092: The selection criterion '+source:retail_ecommerce_dbt.kaggle_retail.retail_online_raw' does not match any enabled nodes
02:24:06.812674 [warn ]: dbt1601: Nothing to do. Try checking your model configs and model specification args
02:24:06.814850 [info ]: DOWNLOADING deferral manifest
02:24:06.814958 [info ]: Finished loading project [  0.03s]
02:24:07.180016 [warn ]: dbt1203: Failed to download deferral manifest from the dbt platform for project 70471823559476, continuing without deferral. 404 Not Found: No deferral environment defined for project with ID 70471823559476 To target a specific environment, set `defer-env-id` in your dbt_project.yml under the `dbt-cloud` block.
02:24:07.382982 [info ]: Started building task graph
02:24:07.383031 [info ]: Finished building task graph [  0.00s]
02:24:07.387059 [info ]: Started scheduling
02:24:07.387114 [info ]: Finished scheduling [  0.00s]
02:24:07.387744 [info ]: Cached model count updated: 2 models (accurate)
02:24:08.948452 [info ]: Started loading project
02:24:08.950344 [info ]: Loading ~/.dbt/profiles.yml
02:24:08.982915 [info ]: Cached model count updated: 2 models (estimate)
02:24:08.982944 [info ]: Cached model count updated: 2 models (accurate)
02:24:08.982975 [info ]: Started scheduling
02:24:08.983053 [info ]: Finished scheduling [  0.00s]
02:24:08.983072 [debug]: Compilation - 2 nodes selected: {"model.retail_ecommerce_dbt.int_customer_metrics", "model.retail_ecommerce_dbt.stg_retail_transaction"}
02:24:08.984079 [info ]: DOWNLOADING deferral manifest
02:24:08.984147 [info ]: Finished loading project [  0.04s]
02:24:09.376662 [warn ]: dbt1203: Failed to download deferral manifest from the dbt platform for project 70471823559476, continuing without deferral. 404 Not Found: No deferral environment defined for project with ID 70471823559476 To target a specific environment, set `defer-env-id` in your dbt_project.yml under the `dbt-cloud` block.
02:24:09.548482 [info ]: Started building task graph
02:24:09.548550 [info ]: Finished building task graph [  0.00s]
02:24:09.548690 [info ]: Started rendering (2 nodes)
02:24:09.548713 [info ]: Started model ga4_data.int_customer_metrics
02:24:09.548725 [debug]: Started rendering model ga4_data.int_customer_metrics
02:24:09.548753 [info ]: Started model ga4_data_staging.stg_retail_transaction
02:24:09.548759 [debug]: Started rendering model ga4_data_staging.stg_retail_transaction
02:24:09.550943 [debug]: Compiled SQL for node model.retail_ecommerce_dbt.stg_retail_transaction at target\.lsp\compiled\retail_ecommerce_dbt\models\staging\stg_retail_transaction.sql
02:24:09.551132 [debug]: Compiled SQL for node model.retail_ecommerce_dbt.int_customer_metrics at target\.lsp\compiled\retail_ecommerce_dbt\models\intermediate\int_customer_metrics.sql
02:24:09.551223 [debug]: Finished rendering [  0.00s] model ga4_data_staging.stg_retail_transaction [success]
02:24:09.551299 [info ]: Started analyzing (2 nodes)
02:24:09.551330 [debug]: Started analyzing model ga4_data_staging.stg_retail_transaction
02:24:09.551383 [debug]: Finished rendering [  0.00s] model ga4_data.int_customer_metrics [success]
02:24:09.551407 [info ]: Finished rendering [  0.00s] (2 nodes, 0 skipped, 0 errors)
02:24:09.551431 [debug]: Started analyzing model ga4_data.int_customer_metrics
02:24:09.552022 [debug]: Finished analyzing [  0.00s] model ga4_data_staging.stg_retail_transaction [success]
02:24:09.552086 [info ]:  Succeeded [  0.00s] model ga4_data_staging.stg_retail_transaction (view)
02:24:09.554639 [debug]: Finished analyzing [  0.00s] model ga4_data.int_customer_metrics [success]
02:24:09.554701 [info ]: Finished analyzing [  0.00s] (2 nodes, 0 skipped, 0 errors)
02:24:09.554718 [info ]:  Succeeded [  0.01s] model ga4_data.int_customer_metrics (table)
02:24:09.559656 [info ]: Started scheduling
02:24:09.559727 [info ]: Finished scheduling [  0.00s]
02:24:09.561815 [info ]: Cached model count updated: 2 models (accurate)
02:24:11.151519 [info ]: Started loading project
02:24:11.152950 [info ]: Loading ~/.dbt/profiles.yml
02:24:11.190548 [info ]: Cached model count updated: 2 models (estimate)
02:24:11.190575 [info ]: Cached model count updated: 2 models (accurate)
02:24:11.190601 [info ]: Started scheduling
02:24:11.190666 [info ]: Finished scheduling [  0.00s]
02:24:11.190681 [debug]: Compilation - 2 nodes selected: {"model.retail_ecommerce_dbt.int_customer_metrics", "model.retail_ecommerce_dbt.stg_retail_transaction"}
02:24:11.191610 [info ]: DOWNLOADING deferral manifest
02:24:11.191760 [info ]: Finished loading project [  0.04s]
02:24:11.757071 [warn ]: dbt1203: Failed to download deferral manifest from the dbt platform for project 70471823559476, continuing without deferral. 404 Not Found: No deferral environment defined for project with ID 70471823559476 To target a specific environment, set `defer-env-id` in your dbt_project.yml under the `dbt-cloud` block.
02:24:11.955969 [info ]: Started building task graph
02:24:11.956037 [info ]: Finished building task graph [  0.00s]
02:24:11.956177 [info ]: Started rendering (2 nodes)
02:24:11.956197 [info ]: Started model ga4_data.int_customer_metrics
02:24:11.956209 [debug]: Started rendering model ga4_data.int_customer_metrics
02:24:11.956235 [info ]: Started model ga4_data_staging.stg_retail_transaction
02:24:11.956242 [debug]: Started rendering model ga4_data_staging.stg_retail_transaction
02:24:11.956733 [debug]: Compiled SQL for node model.retail_ecommerce_dbt.int_customer_metrics at target\.lsp\compiled\retail_ecommerce_dbt\models\intermediate\int_customer_metrics.sql
02:24:11.956743 [debug]: Compiled SQL for node model.retail_ecommerce_dbt.stg_retail_transaction at target\.lsp\compiled\retail_ecommerce_dbt\models\staging\stg_retail_transaction.sql
02:24:11.956844 [debug]: Finished rendering [  0.00s] model ga4_data_staging.stg_retail_transaction [success]
02:24:11.956874 [info ]: Started analyzing (2 nodes)
02:24:11.956884 [debug]: Started analyzing model ga4_data_staging.stg_retail_transaction
02:24:11.956904 [debug]: Finished rendering [  0.00s] model ga4_data.int_customer_metrics [success]
02:24:11.956911 [info ]: Finished rendering [  0.00s] (2 nodes, 0 skipped, 0 errors)
02:24:11.956919 [debug]: Started analyzing model ga4_data.int_customer_metrics
02:24:11.957171 [debug]: Finished analyzing [  0.00s] model ga4_data_staging.stg_retail_transaction [success]
02:24:11.957197 [info ]:  Succeeded [-------] model ga4_data_staging.stg_retail_transaction (view)
02:24:11.958415 [debug]: Finished analyzing [  0.00s] model ga4_data.int_customer_metrics [success]
02:24:11.958442 [info ]: Finished analyzing [  0.00s] (2 nodes, 0 skipped, 0 errors)
02:24:11.958450 [info ]:  Succeeded [  0.00s] model ga4_data.int_customer_metrics (table)
02:24:11.961157 [info ]: Started scheduling
02:24:11.961216 [info ]: Finished scheduling [  0.00s]
02:24:11.962711 [info ]: Cached model count updated: 2 models (accurate)
02:24:18.778393 [info ]: Started loading project
02:24:18.779155 [info ]: Loading ~/.dbt/profiles.yml
02:24:18.799022 [info ]: Cached model count updated: 2 models (estimate)
02:24:18.799048 [info ]: Cached model count updated: 2 models (accurate)
02:24:18.799077 [info ]: Started scheduling
02:24:18.799122 [info ]: Finished scheduling [  0.00s]
02:24:18.799134 [debug]: Compilation - 0 nodes selected: {}
02:24:18.799147 [warn ]: dbt1092: The selection criterion '+source:retail_ecommerce_dbt.kaggle_retail.retail_online_raw' does not match any enabled nodes
02:24:18.799156 [warn ]: dbt1601: Nothing to do. Try checking your model configs and model specification args
02:24:18.799974 [info ]: DOWNLOADING deferral manifest
02:24:18.800122 [info ]: Finished loading project [  0.02s]
02:24:19.178691 [warn ]: dbt1203: Failed to download deferral manifest from the dbt platform for project 70471823559476, continuing without deferral. 404 Not Found: No deferral environment defined for project with ID 70471823559476 To target a specific environment, set `defer-env-id` in your dbt_project.yml under the `dbt-cloud` block.
02:24:19.373686 [info ]: Started building task graph
02:24:19.373721 [info ]: Finished building task graph [  0.00s]
02:24:19.376351 [info ]: Started scheduling
02:24:19.376414 [info ]: Finished scheduling [  0.00s]
02:24:19.377132 [info ]: Cached model count updated: 2 models (accurate)
02:24:20.961627 [info ]: Started loading project
02:24:20.963606 [info ]: Loading ~/.dbt/profiles.yml
02:24:21.000541 [info ]: Cached model count updated: 2 models (estimate)
02:24:21.000578 [info ]: Cached model count updated: 2 models (accurate)
02:24:21.000622 [info ]: Started scheduling
02:24:21.000697 [info ]: Finished scheduling [  0.00s]
02:24:21.000716 [debug]: Compilation - 2 nodes selected: {"model.retail_ecommerce_dbt.int_customer_metrics", "model.retail_ecommerce_dbt.stg_retail_transaction"}
02:24:21.001591 [info ]: DOWNLOADING deferral manifest
02:24:21.001738 [info ]: Finished loading project [  0.04s]
02:24:22.007575 [warn ]: dbt1203: Failed to download deferral manifest from the dbt platform for project 70471823559476, continuing without deferral. 404 Not Found: No deferral environment defined for project with ID 70471823559476 To target a specific environment, set `defer-env-id` in your dbt_project.yml under the `dbt-cloud` block.
02:24:22.172479 [info ]: Started building task graph
02:24:22.172541 [info ]: Finished building task graph [  0.00s]
02:24:22.172690 [info ]: Started rendering (2 nodes)
02:24:22.172709 [info ]: Started model ga4_data.int_customer_metrics
02:24:22.172722 [debug]: Started rendering model ga4_data.int_customer_metrics
02:24:22.172753 [info ]: Started model ga4_data_staging.stg_retail_transaction
02:24:22.172761 [debug]: Started rendering model ga4_data_staging.stg_retail_transaction
02:24:22.173341 [debug]: Compiled SQL for node model.retail_ecommerce_dbt.int_customer_metrics at target\.lsp\compiled\retail_ecommerce_dbt\models\intermediate\int_customer_metrics.sql
02:24:22.173341 [debug]: Compiled SQL for node model.retail_ecommerce_dbt.stg_retail_transaction at target\.lsp\compiled\retail_ecommerce_dbt\models\staging\stg_retail_transaction.sql
02:24:22.173466 [debug]: Finished rendering [  0.00s] model ga4_data.int_customer_metrics [success]
02:24:22.173498 [info ]: Started analyzing (2 nodes)
02:24:22.173508 [debug]: Started analyzing model ga4_data.int_customer_metrics
02:24:22.173529 [debug]: Finished rendering [  0.00s] model ga4_data_staging.stg_retail_transaction [success]
02:24:22.173538 [info ]: Finished rendering [  0.00s] (2 nodes, 0 skipped, 0 errors)
02:24:22.173547 [debug]: Started analyzing model ga4_data_staging.stg_retail_transaction
02:24:22.173811 [debug]: Finished analyzing [  0.00s] model ga4_data_staging.stg_retail_transaction [success]
02:24:22.173827 [info ]:  Succeeded [-------] model ga4_data_staging.stg_retail_transaction (view)
02:24:22.174745 [debug]: Finished analyzing [  0.00s] model ga4_data.int_customer_metrics [success]
02:24:22.174773 [info ]: Finished analyzing [  0.00s] (2 nodes, 0 skipped, 0 errors)
02:24:22.174782 [info ]:  Succeeded [  0.00s] model ga4_data.int_customer_metrics (table)
02:24:22.177666 [info ]: Started scheduling
02:24:22.177719 [info ]: Finished scheduling [  0.00s]
02:24:22.178860 [info ]: Cached model count updated: 2 models (accurate)
02:24:23.764512 [info ]: Started loading project
02:24:23.765882 [info ]: Loading ~/.dbt/profiles.yml
02:24:23.805572 [info ]: Cached model count updated: 2 models (estimate)
02:24:23.805626 [info ]: Cached model count updated: 2 models (accurate)
02:24:23.805675 [info ]: Started scheduling
02:24:23.805775 [info ]: Finished scheduling [  0.00s]
02:24:23.805811 [debug]: Compilation - 2 nodes selected: {"model.retail_ecommerce_dbt.int_customer_metrics", "model.retail_ecommerce_dbt.stg_retail_transaction"}
02:24:23.807467 [info ]: DOWNLOADING deferral manifest
02:24:23.807671 [info ]: Finished loading project [  0.04s]
02:24:24.194858 [warn ]: dbt1203: Failed to download deferral manifest from the dbt platform for project 70471823559476, continuing without deferral. 404 Not Found: No deferral environment defined for project with ID 70471823559476 To target a specific environment, set `defer-env-id` in your dbt_project.yml under the `dbt-cloud` block.
02:24:24.412619 [info ]: Started building task graph
02:24:24.412683 [info ]: Finished building task graph [  0.00s]
02:24:24.412814 [info ]: Started rendering (2 nodes)
02:24:24.412906 [info ]: Started model ga4_data.int_customer_metrics
02:24:24.412929 [debug]: Started rendering model ga4_data.int_customer_metrics
02:24:24.412984 [info ]: Started model ga4_data_staging.stg_retail_transaction
02:24:24.413128 [debug]: Started rendering model ga4_data_staging.stg_retail_transaction
02:24:24.413468 [debug]: Compiled SQL for node model.retail_ecommerce_dbt.int_customer_metrics at target\.lsp\compiled\retail_ecommerce_dbt\models\intermediate\int_customer_metrics.sql
02:24:24.413497 [debug]: Compiled SQL for node model.retail_ecommerce_dbt.stg_retail_transaction at target\.lsp\compiled\retail_ecommerce_dbt\models\staging\stg_retail_transaction.sql
02:24:24.413572 [debug]: Finished rendering [  0.00s] model ga4_data.int_customer_metrics [success]
02:24:24.413603 [info ]: Started analyzing (2 nodes)
02:24:24.413613 [debug]: Started analyzing model ga4_data.int_customer_metrics
02:24:24.413703 [debug]: Finished rendering [  0.00s] model ga4_data_staging.stg_retail_transaction [success]
02:24:24.413720 [info ]: Finished rendering [  0.00s] (2 nodes, 0 skipped, 0 errors)
02:24:24.413732 [debug]: Started analyzing model ga4_data_staging.stg_retail_transaction
02:24:24.414425 [debug]: Finished analyzing [  0.00s] model ga4_data_staging.stg_retail_transaction [success]
02:24:24.414459 [info ]:  Succeeded [-------] model ga4_data_staging.stg_retail_transaction (view)
02:24:24.414856 [debug]: Finished analyzing [  0.00s] model ga4_data.int_customer_metrics [success]
02:24:24.414876 [info ]: Finished analyzing [  0.00s] (2 nodes, 0 skipped, 0 errors)
02:24:24.414884 [info ]:  Succeeded [  0.00s] model ga4_data.int_customer_metrics (table)
02:24:24.417610 [info ]: Started scheduling
02:24:24.417661 [info ]: Finished scheduling [  0.00s]
02:24:24.418769 [info ]: Cached model count updated: 2 models (accurate)
02:24:24.923968 [info ]: Started loading project
02:24:24.924772 [info ]: Loading ~/.dbt/profiles.yml
02:24:24.945403 [info ]: Cached model count updated: 2 models (estimate)
02:24:24.945426 [info ]: Cached model count updated: 2 models (accurate)
02:24:24.945455 [info ]: Started scheduling
02:24:24.945522 [info ]: Finished scheduling [  0.00s]
02:24:24.945535 [debug]: Compilation - 0 nodes selected: {}
02:24:24.945550 [warn ]: dbt1092: The selection criterion '+source:retail_ecommerce_dbt.kaggle_retail.retail_online_raw' does not match any enabled nodes
02:24:24.945558 [warn ]: dbt1601: Nothing to do. Try checking your model configs and model specification args
02:24:24.946425 [info ]: DOWNLOADING deferral manifest
02:24:24.946588 [info ]: Finished loading project [  0.02s]
02:24:25.327084 [warn ]: dbt1203: Failed to download deferral manifest from the dbt platform for project 70471823559476, continuing without deferral. 404 Not Found: No deferral environment defined for project with ID 70471823559476 To target a specific environment, set `defer-env-id` in your dbt_project.yml under the `dbt-cloud` block.
02:24:25.535892 [info ]: Started building task graph
02:24:25.535931 [info ]: Finished building task graph [  0.00s]
02:24:25.538900 [info ]: Started scheduling
02:24:25.538961 [info ]: Finished scheduling [  0.00s]
02:24:25.539540 [info ]: Cached model count updated: 2 models (accurate)
02:24:25.614680 [info ]: Waiting for lease on 'target' directory
02:24:25.974927 [info ]: Started loading project
02:24:25.975835 [info ]: Loading ~/.dbt/profiles.yml
02:24:25.996429 [info ]: Cached model count updated: 2 models (estimate)
02:24:25.996458 [info ]: Cached model count updated: 2 models (accurate)
02:24:25.996497 [info ]: Started scheduling
02:24:25.996557 [info ]: Finished scheduling [  0.00s]
02:24:25.996574 [debug]: Compilation - 0 nodes selected: {}
02:24:25.996597 [warn ]: dbt1092: The selection criterion '+source:retail_ecommerce_dbt.kaggle_retail.retail_online_raw' does not match any enabled nodes
02:24:25.996608 [warn ]: dbt1601: Nothing to do. Try checking your model configs and model specification args
02:24:25.997729 [info ]: DOWNLOADING deferral manifest
02:24:25.997864 [info ]: Finished loading project [  0.02s]
02:24:26.368428 [warn ]: dbt1203: Failed to download deferral manifest from the dbt platform for project 70471823559476, continuing without deferral. 404 Not Found: No deferral environment defined for project with ID 70471823559476 To target a specific environment, set `defer-env-id` in your dbt_project.yml under the `dbt-cloud` block.
02:24:26.571160 [info ]: Started building task graph
02:24:26.571196 [info ]: Finished building task graph [  0.00s]
02:24:26.573624 [info ]: Started scheduling
02:24:26.573671 [info ]: Finished scheduling [  0.00s]
02:24:26.574257 [info ]: Cached model count updated: 2 models (accurate)
02:24:27.394853 [info ]: Started loading project
02:24:27.395583 [info ]: Loading ~/.dbt/profiles.yml
02:24:27.417375 [info ]: Cached model count updated: 2 models (estimate)
02:24:27.417403 [info ]: Cached model count updated: 2 models (accurate)
02:24:27.417434 [info ]: Started scheduling
02:24:27.417484 [info ]: Finished scheduling [  0.00s]
02:24:27.417498 [debug]: Compilation - 0 nodes selected: {}
02:24:27.417514 [warn ]: dbt1092: The selection criterion '+source:retail_ecommerce_dbt.kaggle_retail.retail_online_raw' does not match any enabled nodes
02:24:27.417524 [warn ]: dbt1601: Nothing to do. Try checking your model configs and model specification args
02:24:27.418689 [info ]: DOWNLOADING deferral manifest
02:24:27.418852 [info ]: Finished loading project [  0.02s]
02:24:27.783117 [warn ]: dbt1203: Failed to download deferral manifest from the dbt platform for project 70471823559476, continuing without deferral. 404 Not Found: No deferral environment defined for project with ID 70471823559476 To target a specific environment, set `defer-env-id` in your dbt_project.yml under the `dbt-cloud` block.
02:24:28.009570 [info ]: Started building task graph
02:24:28.009613 [info ]: Finished building task graph [  0.00s]
02:24:28.012154 [info ]: Started scheduling
02:24:28.012202 [info ]: Finished scheduling [  0.00s]
02:24:28.012769 [info ]: Cached model count updated: 2 models (accurate)
02:24:28.146732 [info ]: Waiting for lease on 'target' directory
02:24:28.507402 [info ]: Started loading project
02:24:28.508757 [info ]: Loading ~/.dbt/profiles.yml
02:24:28.540798 [info ]: Cached model count updated: 2 models (estimate)
02:24:28.540831 [info ]: Cached model count updated: 2 models (accurate)
02:24:28.540874 [info ]: Started scheduling
02:24:28.540940 [info ]: Finished scheduling [  0.00s]
02:24:28.540961 [debug]: Compilation - 0 nodes selected: {}
02:24:28.540982 [warn ]: dbt1092: The selection criterion '+source:retail_ecommerce_dbt.kaggle_retail.retail_online_raw' does not match any enabled nodes
02:24:28.541003 [warn ]: dbt1601: Nothing to do. Try checking your model configs and model specification args
02:24:28.542230 [info ]: DOWNLOADING deferral manifest
02:24:28.542433 [info ]: Finished loading project [  0.04s]
02:24:28.928780 [warn ]: dbt1203: Failed to download deferral manifest from the dbt platform for project 70471823559476, continuing without deferral. 404 Not Found: No deferral environment defined for project with ID 70471823559476 To target a specific environment, set `defer-env-id` in your dbt_project.yml under the `dbt-cloud` block.
02:24:29.081941 [info ]: Started building task graph
02:24:29.081982 [info ]: Finished building task graph [  0.00s]
02:24:29.085360 [info ]: Started scheduling
02:24:29.085539 [info ]: Finished scheduling [  0.00s]
02:24:29.086357 [info ]: Cached model count updated: 2 models (accurate)
02:24:29.306390 [info ]: Waiting for lease on 'target' directory
02:24:29.561738 [info ]: Started loading project
02:24:29.563063 [info ]: Loading ~/.dbt/profiles.yml
02:24:29.597978 [info ]: Cached model count updated: 2 models (estimate)
02:24:29.598013 [info ]: Cached model count updated: 2 models (accurate)
02:24:29.598053 [info ]: Started scheduling
02:24:29.598115 [info ]: Finished scheduling [  0.00s]
02:24:29.598133 [debug]: Compilation - 0 nodes selected: {}
02:24:29.598158 [warn ]: dbt1092: The selection criterion '+source:retail_ecommerce_dbt.kaggle_retail.retail_online_raw' does not match any enabled nodes
02:24:29.598168 [warn ]: dbt1601: Nothing to do. Try checking your model configs and model specification args
02:24:29.599433 [info ]: DOWNLOADING deferral manifest
02:24:29.599599 [info ]: Finished loading project [  0.04s]
02:24:30.229021 [warn ]: dbt1203: Failed to download deferral manifest from the dbt platform for project 70471823559476, continuing without deferral. 404 Not Found: No deferral environment defined for project with ID 70471823559476 To target a specific environment, set `defer-env-id` in your dbt_project.yml under the `dbt-cloud` block.
02:24:30.436125 [info ]: Started building task graph
02:24:30.436167 [info ]: Finished building task graph [  0.00s]
02:24:30.438788 [info ]: Started scheduling
02:24:30.438838 [info ]: Finished scheduling [  0.00s]
02:24:30.439416 [info ]: Cached model count updated: 2 models (accurate)
02:24:32.007788 [info ]: Started loading project
02:24:32.008857 [info ]: Loading ~/.dbt/profiles.yml
02:24:32.050710 [info ]: Cached model count updated: 2 models (estimate)
02:24:32.050749 [info ]: Cached model count updated: 2 models (accurate)
02:24:32.050790 [info ]: Started scheduling
02:24:32.050882 [info ]: Finished scheduling [  0.00s]
02:24:32.050910 [debug]: Compilation - 2 nodes selected: {"model.retail_ecommerce_dbt.int_customer_metrics", "model.retail_ecommerce_dbt.stg_retail_transaction"}
02:24:32.052226 [info ]: DOWNLOADING deferral manifest
02:24:32.052380 [info ]: Finished loading project [  0.04s]
02:24:32.452122 [warn ]: dbt1203: Failed to download deferral manifest from the dbt platform for project 70471823559476, continuing without deferral. 404 Not Found: No deferral environment defined for project with ID 70471823559476 To target a specific environment, set `defer-env-id` in your dbt_project.yml under the `dbt-cloud` block.
02:24:32.701935 [info ]: Started building task graph
02:24:32.702022 [info ]: Finished building task graph [  0.00s]
02:24:32.702188 [info ]: Started rendering (2 nodes)
02:24:32.702217 [info ]: Started model ga4_data.int_customer_metrics
02:24:32.702233 [debug]: Started rendering model ga4_data.int_customer_metrics
02:24:32.702281 [info ]: Started model ga4_data_staging.stg_retail_transaction
02:24:32.702290 [debug]: Started rendering model ga4_data_staging.stg_retail_transaction
02:24:32.703183 [debug]: Compiled SQL for node model.retail_ecommerce_dbt.stg_retail_transaction at target\.lsp\compiled\retail_ecommerce_dbt\models\staging\stg_retail_transaction.sql
02:24:32.703309 [debug]: Finished rendering [  0.00s] model ga4_data_staging.stg_retail_transaction [success]
02:24:32.703366 [debug]: Compiled SQL for node model.retail_ecommerce_dbt.int_customer_metrics at target\.lsp\compiled\retail_ecommerce_dbt\models\intermediate\int_customer_metrics.sql
02:24:32.703384 [info ]: Started analyzing (2 nodes)
02:24:32.703403 [debug]: Started analyzing model ga4_data_staging.stg_retail_transaction
02:24:32.703462 [debug]: Started analyzing model ga4_data.int_customer_metrics
02:24:32.703516 [debug]: Finished rendering [  0.00s] model ga4_data.int_customer_metrics [success]
02:24:32.703546 [info ]: Finished rendering [  0.00s] (2 nodes, 0 skipped, 0 errors)
02:24:32.703967 [debug]: Finished analyzing [  0.00s] model ga4_data_staging.stg_retail_transaction [success]
02:24:32.704003 [info ]:  Succeeded [  0.00s] model ga4_data_staging.stg_retail_transaction (view)
02:24:32.705518 [debug]: Finished analyzing [  0.00s] model ga4_data.int_customer_metrics [success]
02:24:32.705555 [info ]: Finished analyzing [  0.00s] (2 nodes, 0 skipped, 0 errors)
02:24:32.705567 [info ]:  Succeeded [  0.00s] model ga4_data.int_customer_metrics (table)
02:24:32.709085 [info ]: Started scheduling
02:24:32.709153 [info ]: Finished scheduling [  0.00s]
02:24:32.711223 [info ]: Cached model count updated: 2 models (accurate)
02:24:34.271189 [info ]: Started loading project
02:24:34.273700 [info ]: Loading ~/.dbt/profiles.yml
02:24:34.304678 [info ]: Cached model count updated: 2 models (estimate)
02:24:34.304712 [info ]: Cached model count updated: 2 models (accurate)
02:24:34.304739 [info ]: Started scheduling
02:24:34.304795 [info ]: Finished scheduling [  0.00s]
02:24:34.304810 [debug]: Compilation - 2 nodes selected: {"model.retail_ecommerce_dbt.int_customer_metrics", "model.retail_ecommerce_dbt.stg_retail_transaction"}
02:24:34.305763 [info ]: DOWNLOADING deferral manifest
02:24:34.306707 [info ]: Finished loading project [  0.04s]
02:24:34.708417 [warn ]: dbt1203: Failed to download deferral manifest from the dbt platform for project 70471823559476, continuing without deferral. 404 Not Found: No deferral environment defined for project with ID 70471823559476 To target a specific environment, set `defer-env-id` in your dbt_project.yml under the `dbt-cloud` block.
02:24:34.930318 [info ]: Started building task graph
02:24:34.930693 [info ]: Finished building task graph [  0.00s]
02:24:34.931093 [info ]: Started rendering (2 nodes)
02:24:34.931146 [info ]: Started model ga4_data.int_customer_metrics
02:24:34.931219 [debug]: Started rendering model ga4_data.int_customer_metrics
02:24:34.931279 [info ]: Started model ga4_data_staging.stg_retail_transaction
02:24:34.931296 [debug]: Started rendering model ga4_data_staging.stg_retail_transaction
02:24:34.932148 [debug]: Compiled SQL for node model.retail_ecommerce_dbt.stg_retail_transaction at target\.lsp\compiled\retail_ecommerce_dbt\models\staging\stg_retail_transaction.sql
02:24:34.932161 [debug]: Compiled SQL for node model.retail_ecommerce_dbt.int_customer_metrics at target\.lsp\compiled\retail_ecommerce_dbt\models\intermediate\int_customer_metrics.sql
02:24:34.932324 [debug]: Finished rendering [  0.00s] model ga4_data_staging.stg_retail_transaction [success]
02:24:34.932383 [info ]: Started analyzing (2 nodes)
02:24:34.932400 [debug]: Started analyzing model ga4_data_staging.stg_retail_transaction
02:24:34.932493 [debug]: Finished rendering [  0.00s] model ga4_data.int_customer_metrics [success]
02:24:34.932544 [info ]: Finished rendering [  0.00s] (2 nodes, 0 skipped, 0 errors)
02:24:34.932584 [debug]: Started analyzing model ga4_data.int_customer_metrics
02:24:34.932961 [debug]: Finished analyzing [  0.00s] model ga4_data_staging.stg_retail_transaction [success]
02:24:34.933070 [info ]:  Succeeded [  0.00s] model ga4_data_staging.stg_retail_transaction (view)
02:24:34.934902 [debug]: Finished analyzing [  0.00s] model ga4_data.int_customer_metrics [success]
02:24:34.934947 [info ]: Finished analyzing [  0.00s] (2 nodes, 0 skipped, 0 errors)
02:24:34.934965 [info ]:  Succeeded [  0.00s] model ga4_data.int_customer_metrics (table)
02:24:34.939115 [info ]: Started scheduling
02:24:34.939203 [info ]: Finished scheduling [  0.00s]
02:24:34.941123 [info ]: Cached model count updated: 2 models (accurate)
02:24:35.441023 [info ]: Started loading project
02:24:35.442083 [info ]: Loading ~/.dbt/profiles.yml
02:24:35.465857 [info ]: Cached model count updated: 2 models (estimate)
02:24:35.465888 [info ]: Cached model count updated: 2 models (accurate)
02:24:35.465924 [info ]: Started scheduling
02:24:35.465974 [info ]: Finished scheduling [  0.00s]
02:24:35.465992 [debug]: Compilation - 0 nodes selected: {}
02:24:35.466008 [warn ]: dbt1092: The selection criterion '+source:retail_ecommerce_dbt.kaggle_retail.retail_online_raw' does not match any enabled nodes
02:24:35.466020 [warn ]: dbt1601: Nothing to do. Try checking your model configs and model specification args
02:24:35.467103 [info ]: DOWNLOADING deferral manifest
02:24:35.467198 [info ]: Finished loading project [  0.03s]
02:24:35.873913 [warn ]: dbt1203: Failed to download deferral manifest from the dbt platform for project 70471823559476, continuing without deferral. 404 Not Found: No deferral environment defined for project with ID 70471823559476 To target a specific environment, set `defer-env-id` in your dbt_project.yml under the `dbt-cloud` block.
02:24:36.053923 [info ]: Started building task graph
02:24:36.053966 [info ]: Finished building task graph [  0.00s]
02:24:36.056728 [info ]: Started scheduling
02:24:36.056784 [info ]: Finished scheduling [  0.00s]
02:24:36.057365 [info ]: Cached model count updated: 2 models (accurate)
02:24:37.626856 [info ]: Started loading project
02:24:37.629430 [info ]: Loading ~/.dbt/profiles.yml
02:24:37.658464 [info ]: Cached model count updated: 2 models (estimate)
02:24:37.658494 [info ]: Cached model count updated: 2 models (accurate)
02:24:37.658527 [info ]: Started scheduling
02:24:37.658603 [info ]: Finished scheduling [  0.00s]
02:24:37.658619 [debug]: Compilation - 2 nodes selected: {"model.retail_ecommerce_dbt.int_customer_metrics", "model.retail_ecommerce_dbt.stg_retail_transaction"}
02:24:37.659539 [info ]: DOWNLOADING deferral manifest
02:24:37.659692 [info ]: Finished loading project [  0.03s]
02:24:38.052757 [warn ]: dbt1203: Failed to download deferral manifest from the dbt platform for project 70471823559476, continuing without deferral. 404 Not Found: No deferral environment defined for project with ID 70471823559476 To target a specific environment, set `defer-env-id` in your dbt_project.yml under the `dbt-cloud` block.
02:24:38.248438 [info ]: Started building task graph
02:24:38.248504 [info ]: Finished building task graph [  0.00s]
02:24:38.248641 [info ]: Started rendering (2 nodes)
02:24:38.248662 [info ]: Started model ga4_data.int_customer_metrics
02:24:38.248676 [debug]: Started rendering model ga4_data.int_customer_metrics
02:24:38.248705 [info ]: Started model ga4_data_staging.stg_retail_transaction
02:24:38.248715 [debug]: Started rendering model ga4_data_staging.stg_retail_transaction
02:24:38.249208 [debug]: Compiled SQL for node model.retail_ecommerce_dbt.stg_retail_transaction at target\.lsp\compiled\retail_ecommerce_dbt\models\staging\stg_retail_transaction.sql
02:24:38.249213 [debug]: Compiled SQL for node model.retail_ecommerce_dbt.int_customer_metrics at target\.lsp\compiled\retail_ecommerce_dbt\models\intermediate\int_customer_metrics.sql
02:24:38.249307 [debug]: Finished rendering [  0.00s] model ga4_data_staging.stg_retail_transaction [success]
02:24:38.249368 [info ]: Started analyzing (2 nodes)
02:24:38.249395 [debug]: Started analyzing model ga4_data_staging.stg_retail_transaction
02:24:38.249452 [debug]: Finished rendering [  0.00s] model ga4_data.int_customer_metrics [success]
02:24:38.249479 [info ]: Finished rendering [  0.00s] (2 nodes, 0 skipped, 0 errors)
02:24:38.249499 [debug]: Started analyzing model ga4_data.int_customer_metrics
02:24:38.249833 [debug]: Finished analyzing [  0.00s] model ga4_data_staging.stg_retail_transaction [success]
02:24:38.249856 [info ]:  Succeeded [-------] model ga4_data_staging.stg_retail_transaction (view)
02:24:38.250537 [debug]: Finished analyzing [  0.00s] model ga4_data.int_customer_metrics [success]
02:24:38.250558 [info ]: Finished analyzing [  0.00s] (2 nodes, 0 skipped, 0 errors)
02:24:38.250566 [info ]:  Succeeded [  0.00s] model ga4_data.int_customer_metrics (table)
02:24:38.253902 [info ]: Started scheduling
02:24:38.253958 [info ]: Finished scheduling [  0.00s]
02:24:38.255225 [info ]: Cached model count updated: 2 models (accurate)
02:24:39.811531 [info ]: Started loading project
02:24:39.813045 [info ]: Loading ~/.dbt/profiles.yml
02:24:39.857623 [info ]: Cached model count updated: 2 models (estimate)
02:24:39.857653 [info ]: Cached model count updated: 2 models (accurate)
02:24:39.857684 [info ]: Started scheduling
02:24:39.857743 [info ]: Finished scheduling [  0.00s]
02:24:39.857757 [debug]: Compilation - 2 nodes selected: {"model.retail_ecommerce_dbt.int_customer_metrics", "model.retail_ecommerce_dbt.stg_retail_transaction"}
02:24:39.858778 [info ]: DOWNLOADING deferral manifest
02:24:39.858874 [info ]: Finished loading project [  0.05s]
02:24:40.438677 [warn ]: dbt1203: Failed to download deferral manifest from the dbt platform for project 70471823559476, continuing without deferral. 404 Not Found: No deferral environment defined for project with ID 70471823559476 To target a specific environment, set `defer-env-id` in your dbt_project.yml under the `dbt-cloud` block.
02:24:40.592930 [info ]: Started building task graph
02:24:40.592999 [info ]: Finished building task graph [  0.00s]
02:24:40.593136 [info ]: Started rendering (2 nodes)
02:24:40.593160 [info ]: Started model ga4_data.int_customer_metrics
02:24:40.593175 [debug]: Started rendering model ga4_data.int_customer_metrics
02:24:40.593201 [info ]: Started model ga4_data_staging.stg_retail_transaction
02:24:40.593208 [debug]: Started rendering model ga4_data_staging.stg_retail_transaction
02:24:40.593788 [debug]: Compiled SQL for node model.retail_ecommerce_dbt.int_customer_metrics at target\.lsp\compiled\retail_ecommerce_dbt\models\intermediate\int_customer_metrics.sql
02:24:40.593857 [debug]: Compiled SQL for node model.retail_ecommerce_dbt.stg_retail_transaction at target\.lsp\compiled\retail_ecommerce_dbt\models\staging\stg_retail_transaction.sql
02:24:40.593918 [debug]: Finished rendering [  0.00s] model ga4_data.int_customer_metrics [success]
02:24:40.593973 [info ]: Started analyzing (2 nodes)
02:24:40.593991 [debug]: Started analyzing model ga4_data.int_customer_metrics
02:24:40.594039 [debug]: Finished rendering [  0.00s] model ga4_data_staging.stg_retail_transaction [success]
02:24:40.594057 [info ]: Finished rendering [  0.00s] (2 nodes, 0 skipped, 0 errors)
02:24:40.594070 [debug]: Started analyzing model ga4_data_staging.stg_retail_transaction
02:24:40.594520 [debug]: Finished analyzing [  0.00s] model ga4_data_staging.stg_retail_transaction [success]
02:24:40.594558 [info ]:  Succeeded [-------] model ga4_data_staging.stg_retail_transaction (view)
02:24:40.595438 [debug]: Finished analyzing [  0.00s] model ga4_data.int_customer_metrics [success]
02:24:40.595464 [info ]: Finished analyzing [  0.00s] (2 nodes, 0 skipped, 0 errors)
02:24:40.595476 [info ]:  Succeeded [  0.00s] model ga4_data.int_customer_metrics (table)
02:24:40.598443 [info ]: Started scheduling
02:24:40.598505 [info ]: Finished scheduling [  0.00s]
02:24:40.600210 [info ]: Cached model count updated: 2 models (accurate)
02:24:42.302979 [info ]: Started loading project
02:24:42.303954 [info ]: Loading ~/.dbt/profiles.yml
02:24:42.325492 [info ]: Cached model count updated: 2 models (estimate)
02:24:42.325524 [info ]: Cached model count updated: 2 models (accurate)
02:24:42.325562 [info ]: Started scheduling
02:24:42.325618 [info ]: Finished scheduling [  0.00s]
02:24:42.325632 [debug]: Compilation - 0 nodes selected: {}
02:24:42.325649 [warn ]: dbt1092: The selection criterion '+source:retail_ecommerce_dbt.kaggle_retail.retail_online_raw' does not match any enabled nodes
02:24:42.325660 [warn ]: dbt1601: Nothing to do. Try checking your model configs and model specification args
02:24:42.326864 [info ]: DOWNLOADING deferral manifest
02:24:42.327038 [info ]: Finished loading project [  0.02s]
02:24:42.808592 [warn ]: dbt1203: Failed to download deferral manifest from the dbt platform for project 70471823559476, continuing without deferral. 404 Not Found: No deferral environment defined for project with ID 70471823559476 To target a specific environment, set `defer-env-id` in your dbt_project.yml under the `dbt-cloud` block.
02:24:43.014156 [info ]: Started building task graph
02:24:43.014197 [info ]: Finished building task graph [  0.00s]
02:24:43.016814 [info ]: Started scheduling
02:24:43.016869 [info ]: Finished scheduling [  0.00s]
02:24:43.017475 [info ]: Cached model count updated: 2 models (accurate)
02:24:44.603288 [info ]: Started loading project
02:24:44.604190 [info ]: Loading ~/.dbt/profiles.yml
02:24:44.636691 [info ]: Cached model count updated: 2 models (estimate)
02:24:44.636724 [info ]: Cached model count updated: 2 models (accurate)
02:24:44.636762 [info ]: Started scheduling
02:24:44.636841 [info ]: Finished scheduling [  0.00s]
02:24:44.636857 [debug]: Compilation - 2 nodes selected: {"model.retail_ecommerce_dbt.int_customer_metrics", "model.retail_ecommerce_dbt.stg_retail_transaction"}
02:24:44.637980 [info ]: DOWNLOADING deferral manifest
02:24:44.638154 [info ]: Finished loading project [  0.03s]
02:24:45.836089 [warn ]: dbt1203: Failed to download deferral manifest from the dbt platform for project 70471823559476, continuing without deferral. 404 Not Found: No deferral environment defined for project with ID 70471823559476 To target a specific environment, set `defer-env-id` in your dbt_project.yml under the `dbt-cloud` block.
02:24:45.841129 [info ]: Cached model count updated: 2 models (accurate)
02:24:45.842348 [info ]: Waiting for lease on 'target' directory
02:24:46.189430 [info ]: Started loading project
02:24:46.190641 [info ]: Loading ~/.dbt/profiles.yml
02:24:46.231400 [info ]: Cached model count updated: 2 models (estimate)
02:24:46.231447 [info ]: Cached model count updated: 2 models (accurate)
02:24:46.231514 [info ]: Started scheduling
02:24:46.231598 [info ]: Finished scheduling [  0.00s]
02:24:46.231621 [debug]: Compilation - 0 nodes selected: {}
02:24:46.231647 [warn ]: dbt1092: The selection criterion '+source:retail_ecommerce_dbt.kaggle_retail.retail_online_raw' does not match any enabled nodes
02:24:46.231671 [warn ]: dbt1601: Nothing to do. Try checking your model configs and model specification args
02:24:46.233262 [info ]: DOWNLOADING deferral manifest
02:24:46.233467 [info ]: Finished loading project [  0.04s]
02:24:46.641243 [warn ]: dbt1203: Failed to download deferral manifest from the dbt platform for project 70471823559476, continuing without deferral. 404 Not Found: No deferral environment defined for project with ID 70471823559476 To target a specific environment, set `defer-env-id` in your dbt_project.yml under the `dbt-cloud` block.
02:24:46.830748 [info ]: Started building task graph
02:24:46.830800 [info ]: Finished building task graph [  0.00s]
02:24:46.835542 [info ]: Started scheduling
02:24:46.835620 [info ]: Finished scheduling [  0.00s]
02:24:46.836588 [info ]: Cached model count updated: 2 models (accurate)
02:24:47.247707 [info ]: Started loading project
02:24:47.248563 [info ]: Loading ~/.dbt/profiles.yml
02:24:47.269760 [info ]: Cached model count updated: 2 models (estimate)
02:24:47.269789 [info ]: Cached model count updated: 2 models (accurate)
02:24:47.269820 [info ]: Started scheduling
02:24:47.269875 [info ]: Finished scheduling [  0.00s]
02:24:47.269888 [debug]: Compilation - 0 nodes selected: {}
02:24:47.269903 [warn ]: dbt1092: The selection criterion '+source:retail_ecommerce_dbt.kaggle_retail.retail_online_raw' does not match any enabled nodes
02:24:47.269912 [warn ]: dbt1601: Nothing to do. Try checking your model configs and model specification args
02:24:47.270758 [info ]: DOWNLOADING deferral manifest
02:24:47.270930 [info ]: Finished loading project [  0.02s]
02:24:47.661129 [warn ]: dbt1203: Failed to download deferral manifest from the dbt platform for project 70471823559476, continuing without deferral. 404 Not Found: No deferral environment defined for project with ID 70471823559476 To target a specific environment, set `defer-env-id` in your dbt_project.yml under the `dbt-cloud` block.
02:24:47.833790 [info ]: Started building task graph
02:24:47.833836 [info ]: Finished building task graph [  0.00s]
02:24:47.837121 [info ]: Started scheduling
02:24:47.837176 [info ]: Finished scheduling [  0.00s]
02:24:47.837821 [info ]: Cached model count updated: 2 models (accurate)
02:24:47.840423 [info ]: Waiting for lease on 'target' directory
02:24:48.308272 [info ]: Started loading project
02:24:48.309783 [info ]: Loading ~/.dbt/profiles.yml
02:24:48.339591 [info ]: Cached model count updated: 2 models (estimate)
02:24:48.339616 [info ]: Cached model count updated: 2 models (accurate)
02:24:48.339649 [info ]: Started scheduling
02:24:48.339701 [info ]: Finished scheduling [  0.00s]
02:24:48.339720 [debug]: Compilation - 0 nodes selected: {}
02:24:48.339736 [warn ]: dbt1092: The selection criterion '+source:retail_ecommerce_dbt.kaggle_retail.retail_online_raw' does not match any enabled nodes
02:24:48.339747 [warn ]: dbt1601: Nothing to do. Try checking your model configs and model specification args
02:24:48.340736 [info ]: DOWNLOADING deferral manifest
02:24:48.340903 [info ]: Finished loading project [  0.03s]
02:24:48.728340 [warn ]: dbt1203: Failed to download deferral manifest from the dbt platform for project 70471823559476, continuing without deferral. 404 Not Found: No deferral environment defined for project with ID 70471823559476 To target a specific environment, set `defer-env-id` in your dbt_project.yml under the `dbt-cloud` block.
02:24:48.934357 [info ]: Started building task graph
02:24:48.934407 [info ]: Finished building task graph [  0.00s]
02:24:48.938499 [info ]: Started scheduling
02:24:48.938565 [info ]: Finished scheduling [  0.00s]
02:24:48.939304 [info ]: Cached model count updated: 2 models (accurate)
02:24:48.941740 [info ]: Waiting for lease on 'target' directory
02:24:49.399636 [info ]: Started loading project
02:24:49.400366 [info ]: Loading ~/.dbt/profiles.yml
02:24:49.421355 [info ]: Cached model count updated: 2 models (estimate)
02:24:49.421379 [info ]: Cached model count updated: 2 models (accurate)
02:24:49.421417 [info ]: Started scheduling
02:24:49.421477 [info ]: Finished scheduling [  0.00s]
02:24:49.421495 [debug]: Compilation - 0 nodes selected: {}
02:24:49.421514 [warn ]: dbt1092: The selection criterion '+source:retail_ecommerce_dbt.kaggle_retail.retail_online_raw' does not match any enabled nodes
02:24:49.421526 [warn ]: dbt1601: Nothing to do. Try checking your model configs and model specification args
02:24:49.422874 [info ]: DOWNLOADING deferral manifest
02:24:49.422953 [info ]: Finished loading project [  0.02s]
02:24:49.851336 [warn ]: dbt1203: Failed to download deferral manifest from the dbt platform for project 70471823559476, continuing without deferral. 404 Not Found: No deferral environment defined for project with ID 70471823559476 To target a specific environment, set `defer-env-id` in your dbt_project.yml under the `dbt-cloud` block.
02:24:50.019197 [info ]: Started building task graph
02:24:50.019244 [info ]: Finished building task graph [  0.00s]
02:24:50.022362 [info ]: Started scheduling
02:24:50.022427 [info ]: Finished scheduling [  0.00s]
02:24:50.023094 [info ]: Cached model count updated: 2 models (accurate)
02:24:51.613030 [info ]: Started loading project
02:24:51.614306 [info ]: Loading ~/.dbt/profiles.yml
02:24:51.649345 [info ]: Cached model count updated: 2 models (estimate)
02:24:51.649378 [info ]: Cached model count updated: 2 models (accurate)
02:24:51.649412 [info ]: Started scheduling
02:24:51.649490 [info ]: Finished scheduling [  0.00s]
02:24:51.649506 [debug]: Compilation - 2 nodes selected: {"model.retail_ecommerce_dbt.int_customer_metrics", "model.retail_ecommerce_dbt.stg_retail_transaction"}
02:24:51.650567 [info ]: DOWNLOADING deferral manifest
02:24:51.650689 [info ]: Finished loading project [  0.04s]
02:24:52.057866 [warn ]: dbt1203: Failed to download deferral manifest from the dbt platform for project 70471823559476, continuing without deferral. 404 Not Found: No deferral environment defined for project with ID 70471823559476 To target a specific environment, set `defer-env-id` in your dbt_project.yml under the `dbt-cloud` block.
02:24:52.244603 [info ]: Started building task graph
02:24:52.244669 [info ]: Finished building task graph [  0.00s]
02:24:52.244805 [info ]: Started rendering (2 nodes)
02:24:52.244826 [info ]: Started model ga4_data.int_customer_metrics
02:24:52.244839 [debug]: Started rendering model ga4_data.int_customer_metrics
02:24:52.244864 [info ]: Started model ga4_data_staging.stg_retail_transaction
02:24:52.244870 [debug]: Started rendering model ga4_data_staging.stg_retail_transaction
02:24:52.245593 [debug]: Compiled SQL for node model.retail_ecommerce_dbt.stg_retail_transaction at target\.lsp\compiled\retail_ecommerce_dbt\models\staging\stg_retail_transaction.sql
02:24:52.245954 [debug]: Finished rendering [  0.00s] model ga4_data_staging.stg_retail_transaction [success]
02:24:52.246020 [debug]: Compiled SQL for node model.retail_ecommerce_dbt.int_customer_metrics at target\.lsp\compiled\retail_ecommerce_dbt\models\intermediate\int_customer_metrics.sql
02:24:52.246039 [info ]: Started analyzing (2 nodes)
02:24:52.246061 [debug]: Started analyzing model ga4_data_staging.stg_retail_transaction
02:24:52.246206 [debug]: Finished rendering [  0.00s] model ga4_data.int_customer_metrics [success]
02:24:52.246308 [info ]: Finished rendering [  0.00s] (2 nodes, 0 skipped, 0 errors)
02:24:52.246342 [debug]: Started analyzing model ga4_data.int_customer_metrics
02:24:52.246531 [debug]: Finished analyzing [  0.00s] model ga4_data_staging.stg_retail_transaction [success]
02:24:52.246568 [info ]:  Succeeded [  0.00s] model ga4_data_staging.stg_retail_transaction (view)
02:24:52.248247 [debug]: Finished analyzing [  0.00s] model ga4_data.int_customer_metrics [success]
02:24:52.248425 [info ]: Finished analyzing [  0.00s] (2 nodes, 0 skipped, 0 errors)
02:24:52.248441 [info ]:  Succeeded [  0.00s] model ga4_data.int_customer_metrics (table)
02:24:52.251452 [info ]: Started scheduling
02:24:52.251507 [info ]: Finished scheduling [  0.00s]
02:24:52.252886 [info ]: Cached model count updated: 2 models (accurate)
02:24:53.831373 [info ]: Started loading project
02:24:53.832492 [info ]: Loading ~/.dbt/profiles.yml
02:24:53.871099 [info ]: Cached model count updated: 2 models (estimate)
02:24:53.871132 [info ]: Cached model count updated: 2 models (accurate)
02:24:53.871168 [info ]: Started scheduling
02:24:53.871241 [info ]: Finished scheduling [  0.00s]
02:24:53.871259 [debug]: Compilation - 2 nodes selected: {"model.retail_ecommerce_dbt.int_customer_metrics", "model.retail_ecommerce_dbt.stg_retail_transaction"}
02:24:53.872309 [info ]: DOWNLOADING deferral manifest
02:24:53.872485 [info ]: Finished loading project [  0.04s]
02:24:54.286924 [warn ]: dbt1203: Failed to download deferral manifest from the dbt platform for project 70471823559476, continuing without deferral. 404 Not Found: No deferral environment defined for project with ID 70471823559476 To target a specific environment, set `defer-env-id` in your dbt_project.yml under the `dbt-cloud` block.
02:24:54.491265 [info ]: Started building task graph
02:24:54.491333 [info ]: Finished building task graph [  0.00s]
02:24:54.491462 [info ]: Started rendering (2 nodes)
02:24:54.491482 [info ]: Started model ga4_data.int_customer_metrics
02:24:54.491497 [debug]: Started rendering model ga4_data.int_customer_metrics
02:24:54.491523 [info ]: Started model ga4_data_staging.stg_retail_transaction
02:24:54.491529 [debug]: Started rendering model ga4_data_staging.stg_retail_transaction
02:24:54.492075 [debug]: Compiled SQL for node model.retail_ecommerce_dbt.int_customer_metrics at target\.lsp\compiled\retail_ecommerce_dbt\models\intermediate\int_customer_metrics.sql
02:24:54.492078 [debug]: Compiled SQL for node model.retail_ecommerce_dbt.stg_retail_transaction at target\.lsp\compiled\retail_ecommerce_dbt\models\staging\stg_retail_transaction.sql
02:24:54.492142 [debug]: Finished rendering [  0.00s] model ga4_data_staging.stg_retail_transaction [success]
02:24:54.492177 [info ]: Started analyzing (2 nodes)
02:24:54.492186 [debug]: Started analyzing model ga4_data_staging.stg_retail_transaction
02:24:54.492206 [debug]: Finished rendering [  0.00s] model ga4_data.int_customer_metrics [success]
02:24:54.492216 [info ]: Finished rendering [  0.00s] (2 nodes, 0 skipped, 0 errors)
02:24:54.492224 [debug]: Started analyzing model ga4_data.int_customer_metrics
02:24:54.492461 [debug]: Finished analyzing [  0.00s] model ga4_data_staging.stg_retail_transaction [success]
02:24:54.492478 [info ]:  Succeeded [-------] model ga4_data_staging.stg_retail_transaction (view)
02:24:54.493787 [debug]: Finished analyzing [  0.00s] model ga4_data.int_customer_metrics [success]
02:24:54.493820 [info ]: Finished analyzing [  0.00s] (2 nodes, 0 skipped, 0 errors)
02:24:54.493829 [info ]:  Succeeded [  0.00s] model ga4_data.int_customer_metrics (table)
02:24:54.496579 [info ]: Started scheduling
02:24:54.496637 [info ]: Finished scheduling [  0.00s]
02:24:54.497909 [info ]: Cached model count updated: 2 models (accurate)
02:25:01.828232 [info ]: Started loading project
02:25:01.828952 [info ]: Loading ~/.dbt/profiles.yml
02:25:01.848373 [info ]: Cached model count updated: 2 models (estimate)
02:25:01.848407 [info ]: Cached model count updated: 2 models (accurate)
02:25:01.848437 [info ]: Started scheduling
02:25:01.848483 [info ]: Finished scheduling [  0.00s]
02:25:01.848496 [debug]: Compilation - 0 nodes selected: {}
02:25:01.848511 [warn ]: dbt1092: The selection criterion '+source:retail_ecommerce_dbt.kaggle_retail.retail_online_raw' does not match any enabled nodes
02:25:01.848519 [warn ]: dbt1601: Nothing to do. Try checking your model configs and model specification args
02:25:01.849370 [info ]: DOWNLOADING deferral manifest
02:25:01.849524 [info ]: Finished loading project [  0.02s]
02:25:02.607838 [warn ]: dbt1203: Failed to download deferral manifest from the dbt platform for project 70471823559476, continuing without deferral. 404 Not Found: No deferral environment defined for project with ID 70471823559476 To target a specific environment, set `defer-env-id` in your dbt_project.yml under the `dbt-cloud` block.
02:25:02.803773 [info ]: Started building task graph
02:25:02.803810 [info ]: Finished building task graph [  0.00s]
02:25:02.807134 [info ]: Started scheduling
02:25:02.807188 [info ]: Finished scheduling [  0.00s]
02:25:02.807987 [info ]: Cached model count updated: 2 models (accurate)
02:25:04.365689 [info ]: Started loading project
02:25:04.367309 [info ]: Loading ~/.dbt/profiles.yml
02:25:04.400733 [info ]: Cached model count updated: 2 models (estimate)
02:25:04.400762 [info ]: Cached model count updated: 2 models (accurate)
02:25:04.400793 [info ]: Started scheduling
02:25:04.400864 [info ]: Finished scheduling [  0.00s]
02:25:04.400883 [debug]: Compilation - 2 nodes selected: {"model.retail_ecommerce_dbt.int_customer_metrics", "model.retail_ecommerce_dbt.stg_retail_transaction"}
02:25:04.401804 [info ]: DOWNLOADING deferral manifest
02:25:04.401912 [info ]: Finished loading project [  0.04s]
02:25:04.884553 [warn ]: dbt1203: Failed to download deferral manifest from the dbt platform for project 70471823559476, continuing without deferral. 404 Not Found: No deferral environment defined for project with ID 70471823559476 To target a specific environment, set `defer-env-id` in your dbt_project.yml under the `dbt-cloud` block.
02:25:05.053678 [info ]: Started building task graph
02:25:05.053751 [info ]: Finished building task graph [  0.00s]
02:25:05.053892 [info ]: Started rendering (2 nodes)
02:25:05.053914 [info ]: Started model ga4_data.int_customer_metrics
02:25:05.053926 [debug]: Started rendering model ga4_data.int_customer_metrics
02:25:05.053955 [info ]: Started model ga4_data_staging.stg_retail_transaction
02:25:05.053962 [debug]: Started rendering model ga4_data_staging.stg_retail_transaction
02:25:05.054497 [debug]: Compiled SQL for node model.retail_ecommerce_dbt.int_customer_metrics at target\.lsp\compiled\retail_ecommerce_dbt\models\intermediate\int_customer_metrics.sql
02:25:05.054498 [debug]: Compiled SQL for node model.retail_ecommerce_dbt.stg_retail_transaction at target\.lsp\compiled\retail_ecommerce_dbt\models\staging\stg_retail_transaction.sql
02:25:05.054613 [info ]: Started analyzing (2 nodes)
02:25:05.054609 [debug]: Finished rendering [  0.00s] model ga4_data.int_customer_metrics [success]
02:25:05.054634 [debug]: Started analyzing model ga4_data.int_customer_metrics
02:25:05.054728 [debug]: Finished rendering [  0.00s] model ga4_data_staging.stg_retail_transaction [success]
02:25:05.054760 [info ]: Finished rendering [  0.00s] (2 nodes, 0 skipped, 0 errors)
02:25:05.054779 [debug]: Started analyzing model ga4_data_staging.stg_retail_transaction
02:25:05.055199 [debug]: Finished analyzing [  0.00s] model ga4_data_staging.stg_retail_transaction [success]
02:25:05.055233 [info ]:  Succeeded [-------] model ga4_data_staging.stg_retail_transaction (view)
02:25:05.056371 [debug]: Finished analyzing [  0.00s] model ga4_data.int_customer_metrics [success]
02:25:05.056399 [info ]: Finished analyzing [  0.00s] (2 nodes, 0 skipped, 0 errors)
02:25:05.056408 [info ]:  Succeeded [  0.00s] model ga4_data.int_customer_metrics (table)
02:25:05.059130 [info ]: Started scheduling
02:25:05.059184 [info ]: Finished scheduling [  0.00s]
02:25:05.061753 [info ]: Cached model count updated: 2 models (accurate)
02:25:05.685937 [info ]: Started loading project
02:25:05.686814 [info ]: Loading ~/.dbt/profiles.yml
02:25:05.706278 [info ]: Cached model count updated: 2 models (estimate)
02:25:05.706305 [info ]: Cached model count updated: 2 models (accurate)
02:25:05.706337 [info ]: Started scheduling
02:25:05.706385 [info ]: Finished scheduling [  0.00s]
02:25:05.706398 [debug]: Compilation - 0 nodes selected: {}
02:25:05.706412 [warn ]: dbt1092: The selection criterion '+source:retail_ecommerce_dbt.kaggle_retail.retail_online_raw' does not match any enabled nodes
02:25:05.706435 [warn ]: dbt1601: Nothing to do. Try checking your model configs and model specification args
02:25:05.707301 [info ]: DOWNLOADING deferral manifest
02:25:05.707474 [info ]: Finished loading project [  0.02s]
02:25:06.556414 [warn ]: dbt1203: Failed to download deferral manifest from the dbt platform for project 70471823559476, continuing without deferral. 404 Not Found: No deferral environment defined for project with ID 70471823559476 To target a specific environment, set `defer-env-id` in your dbt_project.yml under the `dbt-cloud` block.
02:25:06.743885 [info ]: Started building task graph
02:25:06.743948 [info ]: Finished building task graph [  0.00s]
02:25:06.747442 [info ]: Started scheduling
02:25:06.747513 [info ]: Finished scheduling [  0.00s]
02:25:06.748830 [info ]: Cached model count updated: 2 models (accurate)
02:25:08.305633 [info ]: Started loading project
02:25:08.306537 [info ]: Loading ~/.dbt/profiles.yml
02:25:08.340986 [info ]: Cached model count updated: 2 models (estimate)
02:25:08.341016 [info ]: Cached model count updated: 2 models (accurate)
02:25:08.341048 [info ]: Started scheduling
02:25:08.341118 [info ]: Finished scheduling [  0.00s]
02:25:08.341138 [debug]: Compilation - 2 nodes selected: {"model.retail_ecommerce_dbt.int_customer_metrics", "model.retail_ecommerce_dbt.stg_retail_transaction"}
02:25:08.342089 [info ]: DOWNLOADING deferral manifest
02:25:08.342163 [info ]: Finished loading project [  0.04s]
02:25:09.163629 [warn ]: dbt1203: Failed to download deferral manifest from the dbt platform for project 70471823559476, continuing without deferral. 404 Not Found: No deferral environment defined for project with ID 70471823559476 To target a specific environment, set `defer-env-id` in your dbt_project.yml under the `dbt-cloud` block.
02:25:09.169271 [info ]: Cached model count updated: 2 models (accurate)
02:25:09.170336 [info ]: Waiting for lease on 'target' directory
02:25:09.407010 [info ]: Started loading project
02:25:09.408156 [info ]: Loading ~/.dbt/profiles.yml
02:25:09.439500 [info ]: Cached model count updated: 2 models (estimate)
02:25:09.439527 [info ]: Cached model count updated: 2 models (accurate)
02:25:09.439565 [info ]: Started scheduling
02:25:09.439616 [info ]: Finished scheduling [  0.00s]
02:25:09.439634 [debug]: Compilation - 0 nodes selected: {}
02:25:09.439650 [warn ]: dbt1092: The selection criterion '+source:retail_ecommerce_dbt.kaggle_retail.retail_online_raw' does not match any enabled nodes
02:25:09.439663 [warn ]: dbt1601: Nothing to do. Try checking your model configs and model specification args
02:25:09.440590 [info ]: DOWNLOADING deferral manifest
02:25:09.440678 [info ]: Finished loading project [  0.03s]
02:25:09.996656 [warn ]: dbt1203: Failed to download deferral manifest from the dbt platform for project 70471823559476, continuing without deferral. 404 Not Found: No deferral environment defined for project with ID 70471823559476 To target a specific environment, set `defer-env-id` in your dbt_project.yml under the `dbt-cloud` block.
02:25:10.188245 [info ]: Started building task graph
02:25:10.188286 [info ]: Finished building task graph [  0.00s]
02:25:10.190881 [info ]: Started scheduling
02:25:10.190932 [info ]: Finished scheduling [  0.00s]
02:25:10.191618 [info ]: Cached model count updated: 2 models (accurate)
02:25:11.755949 [info ]: Started loading project
02:25:11.757132 [info ]: Loading ~/.dbt/profiles.yml
02:25:11.784505 [info ]: Cached model count updated: 2 models (estimate)
02:25:11.784533 [info ]: Cached model count updated: 2 models (accurate)
02:25:11.784565 [info ]: Started scheduling
02:25:11.784636 [info ]: Finished scheduling [  0.00s]
02:25:11.784652 [debug]: Compilation - 2 nodes selected: {"model.retail_ecommerce_dbt.int_customer_metrics", "model.retail_ecommerce_dbt.stg_retail_transaction"}
02:25:11.785579 [info ]: DOWNLOADING deferral manifest
02:25:11.785680 [info ]: Finished loading project [  0.03s]
02:25:12.204219 [warn ]: dbt1203: Failed to download deferral manifest from the dbt platform for project 70471823559476, continuing without deferral. 404 Not Found: No deferral environment defined for project with ID 70471823559476 To target a specific environment, set `defer-env-id` in your dbt_project.yml under the `dbt-cloud` block.
02:25:12.435356 [info ]: Started building task graph
02:25:12.435446 [info ]: Finished building task graph [  0.00s]
02:25:12.443904 [info ]: Cached model count updated: 2 models (accurate)
02:25:12.444714 [info ]: Waiting for lease on 'target' directory
02:25:12.913989 [info ]: Started loading project
02:25:12.915380 [info ]: Loading ~/.dbt/profiles.yml
02:25:12.961121 [info ]: Cached model count updated: 2 models (estimate)
02:25:12.961175 [info ]: Cached model count updated: 2 models (accurate)
02:25:12.961238 [info ]: Started scheduling
02:25:12.961321 [info ]: Finished scheduling [  0.00s]
02:25:12.961345 [debug]: Compilation - 0 nodes selected: {}
02:25:12.961373 [warn ]: dbt1092: The selection criterion '+source:retail_ecommerce_dbt.kaggle_retail.retail_online_raw' does not match any enabled nodes
02:25:12.961401 [warn ]: dbt1601: Nothing to do. Try checking your model configs and model specification args
02:25:12.963085 [info ]: DOWNLOADING deferral manifest
02:25:12.963269 [info ]: Finished loading project [  0.05s]
02:25:13.377047 [warn ]: dbt1203: Failed to download deferral manifest from the dbt platform for project 70471823559476, continuing without deferral. 404 Not Found: No deferral environment defined for project with ID 70471823559476 To target a specific environment, set `defer-env-id` in your dbt_project.yml under the `dbt-cloud` block.
02:25:13.582927 [info ]: Started building task graph
02:25:13.582968 [info ]: Finished building task graph [  0.00s]
02:25:13.585547 [info ]: Started scheduling
02:25:13.585599 [info ]: Finished scheduling [  0.00s]
02:25:13.586191 [info ]: Cached model count updated: 2 models (accurate)
02:25:15.154776 [info ]: Started loading project
02:25:15.156154 [info ]: Loading ~/.dbt/profiles.yml
02:25:15.184386 [info ]: Cached model count updated: 2 models (estimate)
02:25:15.184415 [info ]: Cached model count updated: 2 models (accurate)
02:25:15.184448 [info ]: Started scheduling
02:25:15.184517 [info ]: Finished scheduling [  0.00s]
02:25:15.184532 [debug]: Compilation - 2 nodes selected: {"model.retail_ecommerce_dbt.int_customer_metrics", "model.retail_ecommerce_dbt.stg_retail_transaction"}
02:25:15.185473 [info ]: DOWNLOADING deferral manifest
02:25:15.185647 [info ]: Finished loading project [  0.03s]
02:25:15.586992 [warn ]: dbt1203: Failed to download deferral manifest from the dbt platform for project 70471823559476, continuing without deferral. 404 Not Found: No deferral environment defined for project with ID 70471823559476 To target a specific environment, set `defer-env-id` in your dbt_project.yml under the `dbt-cloud` block.
02:25:15.592657 [info ]: Cached model count updated: 2 models (accurate)
02:25:15.593810 [info ]: Waiting for lease on 'target' directory
02:25:15.726450 [info ]: Started loading project
02:25:15.728604 [info ]: Loading ~/.dbt/profiles.yml
02:25:15.759753 [info ]: Cached model count updated: 2 models (estimate)
02:25:15.759780 [info ]: Cached model count updated: 2 models (accurate)
02:25:15.759814 [info ]: Started scheduling
02:25:15.759871 [info ]: Finished scheduling [  0.00s]
02:25:15.759886 [debug]: Compilation - 0 nodes selected: {}
02:25:15.759904 [warn ]: dbt1092: The selection criterion '+source:retail_ecommerce_dbt.kaggle_retail.retail_online_raw' does not match any enabled nodes
02:25:15.759914 [warn ]: dbt1601: Nothing to do. Try checking your model configs and model specification args
02:25:15.760861 [info ]: DOWNLOADING deferral manifest
02:25:15.761012 [info ]: Finished loading project [  0.03s]
02:25:16.245953 [warn ]: dbt1203: Failed to download deferral manifest from the dbt platform for project 70471823559476, continuing without deferral. 404 Not Found: No deferral environment defined for project with ID 70471823559476 To target a specific environment, set `defer-env-id` in your dbt_project.yml under the `dbt-cloud` block.
02:25:16.448736 [info ]: Started building task graph
02:25:16.448774 [info ]: Finished building task graph [  0.00s]
02:25:16.451679 [info ]: Started scheduling
02:25:16.451731 [info ]: Finished scheduling [  0.00s]
02:25:16.452309 [info ]: Cached model count updated: 2 models (accurate)
02:25:16.455215 [info ]: Waiting for lease on 'target' directory
02:25:16.814085 [info ]: Started loading project
02:25:16.815242 [info ]: Loading ~/.dbt/profiles.yml
02:25:16.840389 [info ]: Cached model count updated: 2 models (estimate)
02:25:16.840418 [info ]: Cached model count updated: 2 models (accurate)
02:25:16.840449 [info ]: Started scheduling
02:25:16.840500 [info ]: Finished scheduling [  0.00s]
02:25:16.840514 [debug]: Compilation - 0 nodes selected: {}
02:25:16.840530 [warn ]: dbt1092: The selection criterion '+source:retail_ecommerce_dbt.kaggle_retail.retail_online_raw' does not match any enabled nodes
02:25:16.840540 [warn ]: dbt1601: Nothing to do. Try checking your model configs and model specification args
02:25:16.841456 [info ]: DOWNLOADING deferral manifest
02:25:16.841605 [info ]: Finished loading project [  0.03s]
02:25:17.402560 [warn ]: dbt1203: Failed to download deferral manifest from the dbt platform for project 70471823559476, continuing without deferral. 404 Not Found: No deferral environment defined for project with ID 70471823559476 To target a specific environment, set `defer-env-id` in your dbt_project.yml under the `dbt-cloud` block.
02:25:17.582047 [info ]: Started building task graph
02:25:17.582091 [info ]: Finished building task graph [  0.00s]
02:25:17.584737 [info ]: Started scheduling
02:25:17.584789 [info ]: Finished scheduling [  0.00s]
02:25:17.585402 [info ]: Cached model count updated: 2 models (accurate)
02:25:19.138495 [info ]: Started loading project
02:25:19.139853 [info ]: Loading ~/.dbt/profiles.yml
02:25:19.170390 [info ]: Cached model count updated: 2 models (estimate)
02:25:19.170419 [info ]: Cached model count updated: 2 models (accurate)
02:25:19.170451 [info ]: Started scheduling
02:25:19.170528 [info ]: Finished scheduling [  0.00s]
02:25:19.170548 [debug]: Compilation - 2 nodes selected: {"model.retail_ecommerce_dbt.int_customer_metrics", "model.retail_ecommerce_dbt.stg_retail_transaction"}
02:25:19.171572 [info ]: DOWNLOADING deferral manifest
02:25:19.171724 [info ]: Finished loading project [  0.03s]
02:25:19.562244 [warn ]: dbt1203: Failed to download deferral manifest from the dbt platform for project 70471823559476, continuing without deferral. 404 Not Found: No deferral environment defined for project with ID 70471823559476 To target a specific environment, set `defer-env-id` in your dbt_project.yml under the `dbt-cloud` block.
02:25:19.730829 [info ]: Started building task graph
02:25:19.730896 [info ]: Finished building task graph [  0.00s]
02:25:19.731038 [info ]: Started rendering (2 nodes)
02:25:19.731059 [info ]: Started model ga4_data.int_customer_metrics
02:25:19.731074 [debug]: Started rendering model ga4_data.int_customer_metrics
02:25:19.731124 [info ]: Started model ga4_data_staging.stg_retail_transaction
02:25:19.731149 [debug]: Started rendering model ga4_data_staging.stg_retail_transaction
02:25:19.731629 [debug]: Compiled SQL for node model.retail_ecommerce_dbt.stg_retail_transaction at target\.lsp\compiled\retail_ecommerce_dbt\models\staging\stg_retail_transaction.sql
02:25:19.731858 [debug]: Finished rendering [  0.00s] model ga4_data_staging.stg_retail_transaction [success]
02:25:19.732010 [info ]: Started analyzing (2 nodes)
02:25:19.732072 [debug]: Started analyzing model ga4_data_staging.stg_retail_transaction
02:25:19.732274 [debug]: Compiled SQL for node model.retail_ecommerce_dbt.int_customer_metrics at target\.lsp\compiled\retail_ecommerce_dbt\models\intermediate\int_customer_metrics.sql
02:25:19.732395 [debug]: Finished rendering [  0.00s] model ga4_data.int_customer_metrics [success]
02:25:19.732420 [info ]: Finished rendering [  0.00s] (2 nodes, 0 skipped, 0 errors)
02:25:19.732446 [debug]: Started analyzing model ga4_data.int_customer_metrics
02:25:19.732631 [debug]: Finished analyzing [  0.00s] model ga4_data_staging.stg_retail_transaction [success]
02:25:19.732686 [info ]:  Succeeded [-------] model ga4_data_staging.stg_retail_transaction (view)
02:25:19.734225 [debug]: Finished analyzing [  0.00s] model ga4_data.int_customer_metrics [success]
02:25:19.734263 [info ]: Finished analyzing [  0.00s] (2 nodes, 0 skipped, 0 errors)
02:25:19.734276 [info ]:  Succeeded [  0.00s] model ga4_data.int_customer_metrics (table)
02:25:19.737203 [info ]: Started scheduling
02:25:19.737262 [info ]: Finished scheduling [  0.00s]
02:25:19.738599 [info ]: Cached model count updated: 2 models (accurate)
02:25:21.291112 [info ]: Started loading project
02:25:21.294092 [info ]: Loading ~/.dbt/profiles.yml
02:25:21.337135 [info ]: Cached model count updated: 2 models (estimate)
02:25:21.337165 [info ]: Cached model count updated: 2 models (accurate)
02:25:21.337192 [info ]: Started scheduling
02:25:21.337247 [info ]: Finished scheduling [  0.00s]
02:25:21.337261 [debug]: Compilation - 2 nodes selected: {"model.retail_ecommerce_dbt.int_customer_metrics", "model.retail_ecommerce_dbt.stg_retail_transaction"}
02:25:21.338143 [info ]: DOWNLOADING deferral manifest
02:25:21.338292 [info ]: Finished loading project [  0.05s]
02:25:21.734207 [warn ]: dbt1203: Failed to download deferral manifest from the dbt platform for project 70471823559476, continuing without deferral. 404 Not Found: No deferral environment defined for project with ID 70471823559476 To target a specific environment, set `defer-env-id` in your dbt_project.yml under the `dbt-cloud` block.
02:25:21.911993 [info ]: Started building task graph
02:25:21.912051 [info ]: Finished building task graph [  0.00s]
02:25:21.912177 [info ]: Started rendering (2 nodes)
02:25:21.912196 [info ]: Started model ga4_data.int_customer_metrics
02:25:21.912207 [debug]: Started rendering model ga4_data.int_customer_metrics
02:25:21.912231 [info ]: Started model ga4_data_staging.stg_retail_transaction
02:25:21.912238 [debug]: Started rendering model ga4_data_staging.stg_retail_transaction
02:25:21.912709 [debug]: Compiled SQL for node model.retail_ecommerce_dbt.int_customer_metrics at target\.lsp\compiled\retail_ecommerce_dbt\models\intermediate\int_customer_metrics.sql
02:25:21.912709 [debug]: Compiled SQL for node model.retail_ecommerce_dbt.stg_retail_transaction at target\.lsp\compiled\retail_ecommerce_dbt\models\staging\stg_retail_transaction.sql
02:25:21.912803 [debug]: Finished rendering [  0.00s] model ga4_data.int_customer_metrics [success]
02:25:21.912834 [info ]: Started analyzing (2 nodes)
02:25:21.912847 [debug]: Started analyzing model ga4_data.int_customer_metrics
02:25:21.912867 [debug]: Finished rendering [  0.00s] model ga4_data_staging.stg_retail_transaction [success]
02:25:21.912878 [info ]: Finished rendering [  0.00s] (2 nodes, 0 skipped, 0 errors)
02:25:21.912887 [debug]: Started analyzing model ga4_data_staging.stg_retail_transaction
02:25:21.913108 [debug]: Finished analyzing [  0.00s] model ga4_data_staging.stg_retail_transaction [success]
02:25:21.913120 [info ]:  Succeeded [-------] model ga4_data_staging.stg_retail_transaction (view)
02:25:21.913876 [debug]: Finished analyzing [  0.00s] model ga4_data.int_customer_metrics [success]
02:25:21.913899 [info ]: Finished analyzing [  0.00s] (2 nodes, 0 skipped, 0 errors)
02:25:21.913906 [info ]:  Succeeded [  0.00s] model ga4_data.int_customer_metrics (table)
02:25:21.917283 [info ]: Started scheduling
02:25:21.917351 [info ]: Finished scheduling [  0.00s]
02:25:21.918582 [info ]: Cached model count updated: 2 models (accurate)
02:25:26.065360 [info ]: Started loading project
02:25:26.067055 [info ]: Loading ~/.dbt/profiles.yml
02:25:26.096567 [info ]: Cached model count updated: 2 models (estimate)
02:25:26.096596 [info ]: Cached model count updated: 2 models (accurate)
02:25:26.096629 [info ]: Started scheduling
02:25:26.096682 [info ]: Finished scheduling [  0.00s]
02:25:26.096700 [debug]: Compilation - 0 nodes selected: {}
02:25:26.096718 [warn ]: dbt1092: The selection criterion '+source:retail_ecommerce_dbt.kaggle_retail.retail_online_raw' does not match any enabled nodes
02:25:26.096729 [warn ]: dbt1601: Nothing to do. Try checking your model configs and model specification args
02:25:26.097679 [info ]: DOWNLOADING deferral manifest
02:25:26.097760 [info ]: Finished loading project [  0.03s]
02:25:26.485469 [warn ]: dbt1203: Failed to download deferral manifest from the dbt platform for project 70471823559476, continuing without deferral. 404 Not Found: No deferral environment defined for project with ID 70471823559476 To target a specific environment, set `defer-env-id` in your dbt_project.yml under the `dbt-cloud` block.
02:25:26.673517 [info ]: Started building task graph
02:25:26.673554 [info ]: Finished building task graph [  0.00s]
02:25:26.675916 [info ]: Started scheduling
02:25:26.675981 [info ]: Finished scheduling [  0.00s]
02:25:26.676578 [info ]: Cached model count updated: 2 models (accurate)
02:25:26.716233 [info ]: Waiting for lease on 'target' directory
02:25:27.175064 [info ]: Started loading project
02:25:27.176414 [info ]: Loading ~/.dbt/profiles.yml
02:25:27.216211 [info ]: Cached model count updated: 2 models (estimate)
02:25:27.216260 [info ]: Cached model count updated: 2 models (accurate)
02:25:27.216585 [info ]: Started scheduling
02:25:27.216892 [info ]: Finished scheduling [  0.00s]
02:25:27.216986 [debug]: Compilation - 0 nodes selected: {}
02:25:27.217063 [warn ]: dbt1092: The selection criterion '+source:retail_ecommerce_dbt.kaggle_retail.retail_online_raw' does not match any enabled nodes
02:25:27.217262 [warn ]: dbt1601: Nothing to do. Try checking your model configs and model specification args
02:25:27.221856 [info ]: Finished loading project [  0.05s]
02:25:27.221719 [info ]: DOWNLOADING deferral manifest
02:25:27.629448 [warn ]: dbt1203: Failed to download deferral manifest from the dbt platform for project 70471823559476, continuing without deferral. 404 Not Found: No deferral environment defined for project with ID 70471823559476 To target a specific environment, set `defer-env-id` in your dbt_project.yml under the `dbt-cloud` block.
02:25:27.833285 [info ]: Started building task graph
02:25:27.833331 [info ]: Finished building task graph [  0.00s]
02:25:27.836578 [info ]: Started scheduling
02:25:27.836649 [info ]: Finished scheduling [  0.00s]
02:25:27.837278 [info ]: Cached model count updated: 2 models (accurate)
02:25:27.875793 [info ]: Waiting for lease on 'target' directory
02:25:28.218827 [info ]: Started loading project
02:25:28.220991 [info ]: Loading ~/.dbt/profiles.yml
02:25:28.254513 [info ]: Cached model count updated: 2 models (estimate)
02:25:28.254537 [info ]: Cached model count updated: 2 models (accurate)
02:25:28.254569 [info ]: Started scheduling
02:25:28.254616 [info ]: Finished scheduling [  0.00s]
02:25:28.254629 [debug]: Compilation - 0 nodes selected: {}
02:25:28.254644 [warn ]: dbt1092: The selection criterion '+source:retail_ecommerce_dbt.kaggle_retail.retail_online_raw' does not match any enabled nodes
02:25:28.254655 [warn ]: dbt1601: Nothing to do. Try checking your model configs and model specification args
02:25:28.255597 [info ]: DOWNLOADING deferral manifest
02:25:28.255758 [info ]: Finished loading project [  0.04s]
02:25:28.823431 [warn ]: dbt1203: Failed to download deferral manifest from the dbt platform for project 70471823559476, continuing without deferral. 404 Not Found: No deferral environment defined for project with ID 70471823559476 To target a specific environment, set `defer-env-id` in your dbt_project.yml under the `dbt-cloud` block.
02:25:29.030203 [info ]: Started building task graph
02:25:29.030242 [info ]: Finished building task graph [  0.00s]
02:25:29.032895 [info ]: Started scheduling
02:25:29.032941 [info ]: Finished scheduling [  0.00s]
02:25:29.033626 [info ]: Cached model count updated: 2 models (accurate)
02:25:29.036719 [info ]: Waiting for lease on 'target' directory
02:25:29.278686 [info ]: Started loading project
02:25:29.280086 [info ]: Loading ~/.dbt/profiles.yml
02:25:29.310641 [info ]: Cached model count updated: 2 models (estimate)
02:25:29.310668 [info ]: Cached model count updated: 2 models (accurate)
02:25:29.310714 [info ]: Started scheduling
02:25:29.310766 [info ]: Finished scheduling [  0.00s]
02:25:29.310781 [debug]: Compilation - 0 nodes selected: {}
02:25:29.310798 [warn ]: dbt1092: The selection criterion '+source:retail_ecommerce_dbt.kaggle_retail.retail_online_raw' does not match any enabled nodes
02:25:29.310808 [warn ]: dbt1601: Nothing to do. Try checking your model configs and model specification args
02:25:29.311701 [info ]: DOWNLOADING deferral manifest
02:25:29.311853 [info ]: Finished loading project [  0.03s]
02:25:30.065144 [warn ]: dbt1203: Failed to download deferral manifest from the dbt platform for project 70471823559476, continuing without deferral. 404 Not Found: No deferral environment defined for project with ID 70471823559476 To target a specific environment, set `defer-env-id` in your dbt_project.yml under the `dbt-cloud` block.
02:25:30.252550 [info ]: Started building task graph
02:25:30.252590 [info ]: Finished building task graph [  0.00s]
02:25:30.256038 [info ]: Started scheduling
02:25:30.256100 [info ]: Finished scheduling [  0.00s]
02:25:30.256827 [info ]: Cached model count updated: 2 models (accurate)
02:25:30.260056 [info ]: Waiting for lease on 'target' directory
02:25:30.403683 [info ]: Started loading project
02:25:30.404948 [info ]: Loading ~/.dbt/profiles.yml
02:25:30.436550 [info ]: Cached model count updated: 2 models (estimate)
02:25:30.436580 [info ]: Cached model count updated: 2 models (accurate)
02:25:30.436612 [info ]: Started scheduling
02:25:30.436665 [info ]: Finished scheduling [  0.00s]
02:25:30.436683 [debug]: Compilation - 0 nodes selected: {}
02:25:30.436700 [warn ]: dbt1092: The selection criterion '+source:retail_ecommerce_dbt.kaggle_retail.retail_online_raw' does not match any enabled nodes
02:25:30.436715 [warn ]: dbt1601: Nothing to do. Try checking your model configs and model specification args
02:25:30.437640 [info ]: DOWNLOADING deferral manifest
02:25:30.437743 [info ]: Finished loading project [  0.03s]
02:25:31.379290 [warn ]: dbt1203: Failed to download deferral manifest from the dbt platform for project 70471823559476, continuing without deferral. 404 Not Found: No deferral environment defined for project with ID 70471823559476 To target a specific environment, set `defer-env-id` in your dbt_project.yml under the `dbt-cloud` block.
02:25:31.382667 [info ]: Cached model count updated: 2 models (accurate)
02:25:31.383365 [info ]: Waiting for lease on 'target' directory
02:25:31.538893 [info ]: Started loading project
02:25:31.539896 [info ]: Loading ~/.dbt/profiles.yml
02:25:31.581752 [info ]: Started parsing
02:25:31.608281 [info ]: Finished loading project [  0.07s]
02:25:31.609419 [debug]: Finished parsing models\sources.yml [  0.00s]
02:25:31.614197 [debug]: Finished parsing models\staging\stg_retail_transaction.sql [  0.00s]
02:25:31.615481 [warn ]: dbt1097: Configuration paths exist in your dbt_project.yml file which do not apply to any resources.
There are 1 unused configuration paths:
- models.retail_ecommerce_dbt.marts
02:25:31.625562 [info ]: DOWNLOADING deferral manifest
02:25:31.625674 [info ]: Finished parsing [  0.04s]
02:25:32.189132 [warn ]: dbt1203: Failed to download deferral manifest from the dbt platform for project 70471823559476, continuing without deferral. 404 Not Found: No deferral environment defined for project with ID 70471823559476 To target a specific environment, set `defer-env-id` in your dbt_project.yml under the `dbt-cloud` block.
02:25:32.191137 [info ]: Cached model count updated: 2 models (estimate)
02:25:32.191175 [info ]: Cached model count updated: 2 models (accurate)
02:25:32.191238 [info ]: Started scheduling
02:25:32.191335 [info ]: Finished scheduling [  0.00s]
02:25:32.191371 [debug]: Compilation - 0 nodes selected: {}
02:25:32.191402 [warn ]: dbt1092: The selection criterion '+source:retail_ecommerce_dbt.kaggle_retail.retail_online_raw +source:retail_ecommerce_dbt.kaggle_retail.customer_metrics' does not match any enabled nodes
02:25:32.191418 [warn ]: dbt1601: Nothing to do. Try checking your model configs and model specification args
02:25:32.193449 [info ]: DOWNLOADING deferral manifest
02:25:33.792999 [warn ]: dbt1203: Failed to download deferral manifest from the dbt platform for project 70471823559476, continuing without deferral. 404 Not Found: No deferral environment defined for project with ID 70471823559476 To target a specific environment, set `defer-env-id` in your dbt_project.yml under the `dbt-cloud` block.
02:25:34.170022 [info ]: Started building task graph
02:25:34.170095 [info ]: Finished building task graph [  0.00s]
02:25:34.175199 [info ]: Started scheduling
02:25:34.175385 [info ]: Finished scheduling [  0.00s]
02:25:34.177846 [info ]: Cached model count updated: 2 models (accurate)
02:25:35.771400 [info ]: Started loading project
02:25:35.774104 [info ]: Loading ~/.dbt/profiles.yml
02:25:35.834791 [info ]: Cached model count updated: 2 models (estimate)
02:25:35.834856 [info ]: Cached model count updated: 2 models (accurate)
02:25:35.834929 [info ]: Started scheduling
02:25:35.835095 [info ]: Finished scheduling [  0.00s]
02:25:35.835137 [debug]: Compilation - 2 nodes selected: {"model.retail_ecommerce_dbt.int_customer_metrics", "model.retail_ecommerce_dbt.stg_retail_transaction"}
02:25:35.837642 [info ]: DOWNLOADING deferral manifest
02:25:35.837801 [info ]: Finished loading project [  0.07s]
02:25:36.327991 [warn ]: dbt1203: Failed to download deferral manifest from the dbt platform for project 70471823559476, continuing without deferral. 404 Not Found: No deferral environment defined for project with ID 70471823559476 To target a specific environment, set `defer-env-id` in your dbt_project.yml under the `dbt-cloud` block.
02:25:36.785825 [info ]: Started building task graph
02:25:36.786021 [info ]: Finished building task graph [  0.00s]
02:25:36.786383 [info ]: Started rendering (2 nodes)
02:25:36.786573 [info ]: Started model ga4_data.int_customer_metrics
02:25:36.786646 [debug]: Started rendering model ga4_data.int_customer_metrics
02:25:36.786705 [info ]: Started model ga4_data_staging.stg_retail_transaction
02:25:36.787067 [debug]: Started rendering model ga4_data_staging.stg_retail_transaction
02:25:36.787505 [debug]: Compiled SQL for node model.retail_ecommerce_dbt.int_customer_metrics at target\.lsp\compiled\retail_ecommerce_dbt\models\intermediate\int_customer_metrics.sql
02:25:36.787630 [debug]: Finished rendering [  0.00s] model ga4_data.int_customer_metrics [success]
02:25:36.787680 [info ]: Started analyzing (2 nodes)
02:25:36.787701 [debug]: Started analyzing model ga4_data.int_customer_metrics
02:25:36.787744 [debug]: Compiled SQL for node model.retail_ecommerce_dbt.stg_retail_transaction at target\.lsp\compiled\retail_ecommerce_dbt\models\staging\stg_retail_transaction.sql
02:25:36.787877 [debug]: Finished rendering [  0.00s] model ga4_data_staging.stg_retail_transaction [success]
02:25:36.787977 [info ]: Finished rendering [  0.00s] (2 nodes, 0 skipped, 0 errors)
02:25:36.788064 [debug]: Started analyzing model ga4_data_staging.stg_retail_transaction
02:25:36.788441 [debug]: Finished analyzing [  0.00s] model ga4_data_staging.stg_retail_transaction [success]
02:25:36.788475 [info ]:  Succeeded [-------] model ga4_data_staging.stg_retail_transaction (view)
02:25:36.790361 [debug]: Finished analyzing [  0.00s] model ga4_data.int_customer_metrics [success]
02:25:36.790418 [info ]: Finished analyzing [  0.00s] (2 nodes, 0 skipped, 0 errors)
02:25:36.790436 [info ]:  Succeeded [  0.00s] model ga4_data.int_customer_metrics (table)
02:25:36.796158 [info ]: Started scheduling
02:25:36.796312 [info ]: Finished scheduling [  0.00s]
02:25:36.799823 [info ]: Cached model count updated: 2 models (accurate)
02:25:38.352826 [info ]: Started loading project
02:25:38.355115 [info ]: Loading ~/.dbt/profiles.yml
02:25:38.389370 [info ]: Cached model count updated: 2 models (estimate)
02:25:38.389401 [info ]: Cached model count updated: 2 models (accurate)
02:25:38.389432 [info ]: Started scheduling
02:25:38.389491 [info ]: Finished scheduling [  0.00s]
02:25:38.389511 [debug]: Compilation - 2 nodes selected: {"model.retail_ecommerce_dbt.int_customer_metrics", "model.retail_ecommerce_dbt.stg_retail_transaction"}
02:25:38.390463 [info ]: DOWNLOADING deferral manifest
02:25:38.390544 [info ]: Finished loading project [  0.04s]
02:25:38.786206 [warn ]: dbt1203: Failed to download deferral manifest from the dbt platform for project 70471823559476, continuing without deferral. 404 Not Found: No deferral environment defined for project with ID 70471823559476 To target a specific environment, set `defer-env-id` in your dbt_project.yml under the `dbt-cloud` block.
02:25:39.012163 [info ]: Started building task graph
02:25:39.012234 [info ]: Finished building task graph [  0.00s]
02:25:39.012369 [info ]: Started rendering (2 nodes)
02:25:39.012392 [info ]: Started model ga4_data.int_customer_metrics
02:25:39.012404 [debug]: Started rendering model ga4_data.int_customer_metrics
02:25:39.012431 [info ]: Started model ga4_data_staging.stg_retail_transaction
02:25:39.012438 [debug]: Started rendering model ga4_data_staging.stg_retail_transaction
02:25:39.012954 [debug]: Compiled SQL for node model.retail_ecommerce_dbt.int_customer_metrics at target\.lsp\compiled\retail_ecommerce_dbt\models\intermediate\int_customer_metrics.sql
02:25:39.012973 [debug]: Compiled SQL for node model.retail_ecommerce_dbt.stg_retail_transaction at target\.lsp\compiled\retail_ecommerce_dbt\models\staging\stg_retail_transaction.sql
02:25:39.013034 [debug]: Finished rendering [  0.00s] model ga4_data.int_customer_metrics [success]
02:25:39.013069 [info ]: Started analyzing (2 nodes)
02:25:39.013081 [debug]: Started analyzing model ga4_data.int_customer_metrics
02:25:39.013107 [debug]: Finished rendering [  0.00s] model ga4_data_staging.stg_retail_transaction [success]
02:25:39.013118 [info ]: Finished rendering [  0.00s] (2 nodes, 0 skipped, 0 errors)
02:25:39.013126 [debug]: Started analyzing model ga4_data_staging.stg_retail_transaction
02:25:39.013400 [debug]: Finished analyzing [  0.00s] model ga4_data_staging.stg_retail_transaction [success]
02:25:39.013427 [info ]:  Succeeded [-------] model ga4_data_staging.stg_retail_transaction (view)
02:25:39.014621 [debug]: Finished analyzing [  0.00s] model ga4_data.int_customer_metrics [success]
02:25:39.014658 [info ]: Finished analyzing [  0.00s] (2 nodes, 0 skipped, 0 errors)
02:25:39.014671 [info ]:  Succeeded [  0.00s] model ga4_data.int_customer_metrics (table)
02:25:39.018180 [info ]: Started scheduling
02:25:39.018241 [info ]: Finished scheduling [  0.00s]
02:25:39.020004 [info ]: Cached model count updated: 2 models (accurate)
02:27:18.767662 [info ]: Loading ~/.dbt/profiles.yml
02:27:18.807654 [info ]: Started loading project
02:27:18.808321 [info ]: Loading ~/.dbt/profiles.yml
02:27:18.812276 [info ]: Started loading project
02:27:18.813013 [info ]: Loading ~/.dbt/profiles.yml
02:27:18.813175 [info ]: Finished loading project [  0.01s]
02:27:18.820101 [debug]:    Started loading packages
02:27:18.824072 [debug]:     Loaded [  0.00s] packages
02:27:18.825382 [info ]: Started parsing
02:27:18.863448 [info ]: Finished loading project [  0.05s]
02:27:18.864184 [debug]: Finished parsing models\schema.yml [  0.00s]
02:27:18.864682 [debug]: Finished parsing models\sources.yml [  0.00s]
02:27:18.868216 [debug]: Finished parsing models\intermediate\int_customer_metrics.sql [  0.00s]
02:27:18.872123 [debug]: Finished parsing models\staging\stg_retail_transaction.sql [  0.00s]
02:27:18.873068 [warn ]: dbt1097: Configuration paths exist in your dbt_project.yml file which do not apply to any resources.
There are 1 unused configuration paths:
- models.retail_ecommerce_dbt.marts
02:27:18.885659 [info ]: DOWNLOADING deferral manifest
02:27:18.885802 [info ]: Finished parsing [  0.06s]
02:27:19.503357 [warn ]: dbt1203: Failed to download deferral manifest from the dbt platform for project 70471823559476, continuing without deferral. 404 Not Found: No deferral environment defined for project with ID 70471823559476 To target a specific environment, set `defer-env-id` in your dbt_project.yml under the `dbt-cloud` block.
02:27:19.504331 [info ]: Cached model count updated: 2 models (estimate)
02:27:19.504531 [info ]: Cached model count updated: 2 models (accurate)
02:27:19.504562 [info ]: Started scheduling
02:27:19.504602 [info ]: Finished scheduling [  0.00s]
02:27:19.504617 [debug]: Compilation - 0 nodes selected: {}
02:27:19.504637 [warn ]: dbt1092: The selection criterion '' does not match any enabled nodes
02:27:19.504648 [warn ]: dbt1601: Nothing to do. Try checking your model configs and model specification args
02:27:19.504659 [info ]: Started scheduling
02:27:19.504704 [info ]: Finished scheduling [  0.00s]
02:27:19.504738 [debug]: Initializing schema store with entry: Frontier(CanonicalFqn { catalog: "ga4-project-496021", schema: "ga4_data", table: "retail_online_raw" }) and interval: None
02:27:19.506879 [info ]: DOWNLOADING deferral manifest
02:27:19.888025 [warn ]: dbt1203: Failed to download deferral manifest from the dbt platform for project 70471823559476, continuing without deferral. 404 Not Found: No deferral environment defined for project with ID 70471823559476 To target a specific environment, set `defer-env-id` in your dbt_project.yml under the `dbt-cloud` block.
02:27:20.066705 [info ]: Started building task graph
02:27:20.066752 [info ]: Finished building task graph [  0.00s]
02:27:20.069185 [info ]: Started scheduling
02:27:20.069235 [info ]: Finished scheduling [  0.00s]
02:27:20.069674 [info ]: Cached model count updated: 2 models (accurate)
02:27:21.633483 [info ]: Started loading project
02:27:21.636146 [info ]: Loading ~/.dbt/profiles.yml
02:27:21.660354 [info ]: Cached model count updated: 2 models (estimate)
02:27:21.660384 [info ]: Cached model count updated: 2 models (accurate)
02:27:21.660415 [info ]: Started scheduling
02:27:21.660479 [info ]: Finished scheduling [  0.00s]
02:27:21.660500 [debug]: Compilation - 2 nodes selected: {"model.retail_ecommerce_dbt.int_customer_metrics", "model.retail_ecommerce_dbt.stg_retail_transaction"}
02:27:21.661537 [info ]: DOWNLOADING deferral manifest
02:27:21.661597 [info ]: Finished loading project [  0.03s]
02:27:22.187143 [warn ]: dbt1203: Failed to download deferral manifest from the dbt platform for project 70471823559476, continuing without deferral. 404 Not Found: No deferral environment defined for project with ID 70471823559476 To target a specific environment, set `defer-env-id` in your dbt_project.yml under the `dbt-cloud` block.
02:27:22.366059 [info ]: Started building task graph
02:27:22.366125 [info ]: Finished building task graph [  0.00s]
02:27:22.366267 [info ]: Started rendering (2 nodes)
02:27:22.366290 [info ]: Started model ga4_data.int_customer_metrics
02:27:22.366306 [debug]: Started rendering model ga4_data.int_customer_metrics
02:27:22.366332 [info ]: Started model ga4_data_staging.stg_retail_transaction
02:27:22.366340 [debug]: Started rendering model ga4_data_staging.stg_retail_transaction
02:27:22.368722 [debug]: Compiled SQL for node model.retail_ecommerce_dbt.int_customer_metrics at target\.lsp\compiled\retail_ecommerce_dbt\models\intermediate\int_customer_metrics.sql
02:27:22.368731 [debug]: Compiled SQL for node model.retail_ecommerce_dbt.stg_retail_transaction at target\.lsp\compiled\retail_ecommerce_dbt\models\staging\stg_retail_transaction.sql
02:27:22.369000 [debug]: Finished rendering [  0.00s] model ga4_data_staging.stg_retail_transaction [success]
02:27:22.369079 [info ]: Started analyzing (2 nodes)
02:27:22.369104 [debug]: Started analyzing model ga4_data_staging.stg_retail_transaction
02:27:22.369169 [debug]: Finished rendering [  0.00s] model ga4_data.int_customer_metrics [success]
02:27:22.369205 [info ]: Finished rendering [  0.00s] (2 nodes, 0 skipped, 0 errors)
02:27:22.369227 [debug]: Started analyzing model ga4_data.int_customer_metrics
02:27:22.369662 [debug]: Finished analyzing [  0.00s] model ga4_data_staging.stg_retail_transaction [success]
02:27:22.369712 [info ]:  Succeeded [  0.00s] model ga4_data_staging.stg_retail_transaction (view)
02:27:22.372318 [debug]: Finished analyzing [  0.00s] model ga4_data.int_customer_metrics [success]
02:27:22.372360 [info ]: Finished analyzing [  0.00s] (2 nodes, 0 skipped, 0 errors)
02:27:22.372370 [info ]:  Succeeded [  0.01s] model ga4_data.int_customer_metrics (table)
02:27:22.374972 [info ]: Started scheduling
02:27:22.375028 [info ]: Finished scheduling [  0.00s]
02:27:22.376447 [info ]: Cached model count updated: 2 models (accurate)
02:30:36.719312 [info ]: Started loading project
02:30:36.720529 [info ]: Loading ~/.dbt/profiles.yml
02:30:36.762356 [info ]: Cached model count updated: 2 models (estimate)
02:30:36.762391 [info ]: Cached model count updated: 2 models (accurate)
02:30:36.762458 [info ]: Started scheduling
02:30:36.762552 [info ]: Finished scheduling [  0.00s]
02:30:36.762578 [debug]: Compilation - 0 nodes selected: {}
02:30:36.762625 [warn ]: dbt1092: The selection criterion '+source:retail_ecommerce_dbt.kaggle_source.retail_online_stg' does not match any enabled nodes
02:30:36.762647 [warn ]: dbt1601: Nothing to do. Try checking your model configs and model specification args
02:30:36.765782 [info ]: Finished loading project [  0.05s]
02:30:36.765897 [info ]: DOWNLOADING deferral manifest
02:30:37.410922 [warn ]: dbt1203: Failed to download deferral manifest from the dbt platform for project 70471823559476, continuing without deferral. 404 Not Found: No deferral environment defined for project with ID 70471823559476 To target a specific environment, set `defer-env-id` in your dbt_project.yml under the `dbt-cloud` block.
02:30:37.596480 [info ]: Started building task graph
02:30:37.596538 [info ]: Finished building task graph [  0.00s]
02:30:37.600764 [info ]: Started scheduling
02:30:37.600828 [info ]: Finished scheduling [  0.00s]
02:30:37.601519 [info ]: Cached model count updated: 2 models (accurate)
02:30:39.190971 [info ]: Started loading project
02:30:39.191665 [info ]: Loading ~/.dbt/profiles.yml
02:30:39.215669 [info ]: Cached model count updated: 2 models (estimate)
02:30:39.215703 [info ]: Cached model count updated: 2 models (accurate)
02:30:39.215747 [info ]: Started scheduling
02:30:39.215810 [info ]: Finished scheduling [  0.00s]
02:30:39.215827 [debug]: Compilation - 0 nodes selected: {}
02:30:39.215846 [warn ]: dbt1092: The selection criterion '+source:retail_ecommerce_dbt.kaggle_source.retail_online_stg+' does not match any enabled nodes
02:30:39.215864 [warn ]: dbt1601: Nothing to do. Try checking your model configs and model specification args
02:30:39.216975 [info ]: DOWNLOADING deferral manifest
02:30:39.217060 [info ]: Finished loading project [  0.03s]
02:30:39.588216 [warn ]: dbt1203: Failed to download deferral manifest from the dbt platform for project 70471823559476, continuing without deferral. 404 Not Found: No deferral environment defined for project with ID 70471823559476 To target a specific environment, set `defer-env-id` in your dbt_project.yml under the `dbt-cloud` block.
02:30:39.593353 [info ]: Cached model count updated: 2 models (accurate)
02:30:39.594848 [info ]: Waiting for lease on 'target' directory
02:30:39.824600 [info ]: Started loading project
02:30:39.825438 [info ]: Loading ~/.dbt/profiles.yml
02:30:39.851965 [info ]: Cached model count updated: 2 models (estimate)
02:30:39.851994 [info ]: Cached model count updated: 2 models (accurate)
02:30:39.852029 [info ]: Started scheduling
02:30:39.852079 [info ]: Finished scheduling [  0.00s]
02:30:39.852094 [debug]: Compilation - 0 nodes selected: {}
02:30:39.852109 [warn ]: dbt1092: The selection criterion '+source:retail_ecommerce_dbt.kaggle_source.retail_online_stg' does not match any enabled nodes
02:30:39.852119 [warn ]: dbt1601: Nothing to do. Try checking your model configs and model specification args
02:30:39.853079 [info ]: DOWNLOADING deferral manifest
02:30:39.853137 [info ]: Finished loading project [  0.03s]
02:30:40.231602 [warn ]: dbt1203: Failed to download deferral manifest from the dbt platform for project 70471823559476, continuing without deferral. 404 Not Found: No deferral environment defined for project with ID 70471823559476 To target a specific environment, set `defer-env-id` in your dbt_project.yml under the `dbt-cloud` block.
02:30:40.408939 [info ]: Started building task graph
02:30:40.408976 [info ]: Finished building task graph [  0.00s]
02:30:40.411730 [info ]: Started scheduling
02:30:40.411777 [info ]: Finished scheduling [  0.00s]
02:30:40.412348 [info ]: Cached model count updated: 2 models (accurate)
02:30:41.977191 [info ]: Started loading project
02:30:41.978732 [info ]: Loading ~/.dbt/profiles.yml
02:30:42.016547 [info ]: Cached model count updated: 2 models (estimate)
02:30:42.016578 [info ]: Cached model count updated: 2 models (accurate)
02:30:42.016613 [info ]: Started scheduling
02:30:42.016668 [info ]: Finished scheduling [  0.00s]
02:30:42.016687 [debug]: Compilation - 0 nodes selected: {}
02:30:42.016705 [warn ]: dbt1092: The selection criterion '+source:retail_ecommerce_dbt.kaggle_source.retail_online_stg+' does not match any enabled nodes
02:30:42.016718 [warn ]: dbt1601: Nothing to do. Try checking your model configs and model specification args
02:30:42.017830 [info ]: DOWNLOADING deferral manifest
02:30:42.017904 [info ]: Finished loading project [  0.04s]
02:30:42.390479 [warn ]: dbt1203: Failed to download deferral manifest from the dbt platform for project 70471823559476, continuing without deferral. 404 Not Found: No deferral environment defined for project with ID 70471823559476 To target a specific environment, set `defer-env-id` in your dbt_project.yml under the `dbt-cloud` block.
02:30:42.602156 [info ]: Started building task graph
02:30:42.602195 [info ]: Finished building task graph [  0.00s]
02:30:42.604710 [info ]: Started scheduling
02:30:42.604756 [info ]: Finished scheduling [  0.00s]
02:30:42.606515 [info ]: Cached model count updated: 2 models (accurate)
02:30:43.077868 [info ]: Started loading project
02:30:43.078963 [info ]: Loading ~/.dbt/profiles.yml
02:30:43.099407 [info ]: Cached model count updated: 2 models (estimate)
02:30:43.099438 [info ]: Cached model count updated: 2 models (accurate)
02:30:43.099472 [info ]: Started scheduling
02:30:43.099526 [info ]: Finished scheduling [  0.00s]
02:30:43.099546 [debug]: Compilation - 0 nodes selected: {}
02:30:43.099564 [warn ]: dbt1092: The selection criterion '+source:retail_ecommerce_dbt.kaggle_source.retail_online_stg' does not match any enabled nodes
02:30:43.099574 [warn ]: dbt1601: Nothing to do. Try checking your model configs and model specification args
02:30:43.100536 [info ]: DOWNLOADING deferral manifest
02:30:43.100731 [info ]: Finished loading project [  0.02s]
02:30:43.620027 [warn ]: dbt1203: Failed to download deferral manifest from the dbt platform for project 70471823559476, continuing without deferral. 404 Not Found: No deferral environment defined for project with ID 70471823559476 To target a specific environment, set `defer-env-id` in your dbt_project.yml under the `dbt-cloud` block.
02:30:43.822885 [info ]: Started building task graph
02:30:43.822925 [info ]: Finished building task graph [  0.00s]
02:30:43.826493 [info ]: Started scheduling
02:30:43.826558 [info ]: Finished scheduling [  0.00s]
02:30:43.827588 [info ]: Cached model count updated: 2 models (accurate)
02:30:45.025902 [info ]: Started loading project
02:30:45.026752 [info ]: Loading ~/.dbt/profiles.yml
02:30:45.049340 [info ]: Cached model count updated: 2 models (estimate)
02:30:45.049368 [info ]: Cached model count updated: 2 models (accurate)
02:30:45.049417 [info ]: Started scheduling
02:30:45.049470 [info ]: Finished scheduling [  0.00s]
02:30:45.049496 [debug]: Compilation - 0 nodes selected: {}
02:30:45.049513 [warn ]: dbt1092: The selection criterion '+source:retail_ecommerce_dbt.kaggle_source.retail_online_stg' does not match any enabled nodes
02:30:45.049524 [warn ]: dbt1601: Nothing to do. Try checking your model configs and model specification args
02:30:45.050537 [info ]: DOWNLOADING deferral manifest
02:30:45.050698 [info ]: Finished loading project [  0.02s]
02:30:45.439949 [warn ]: dbt1203: Failed to download deferral manifest from the dbt platform for project 70471823559476, continuing without deferral. 404 Not Found: No deferral environment defined for project with ID 70471823559476 To target a specific environment, set `defer-env-id` in your dbt_project.yml under the `dbt-cloud` block.
02:30:45.645527 [info ]: Started building task graph
02:30:45.645592 [info ]: Finished building task graph [  0.00s]
02:30:45.648556 [info ]: Started scheduling
02:30:45.648625 [info ]: Finished scheduling [  0.00s]
02:30:45.649485 [info ]: Cached model count updated: 2 models (accurate)
02:30:45.655151 [info ]: Waiting for lease on 'target' directory
02:30:46.093544 [info ]: Started loading project
02:30:46.094290 [info ]: Loading ~/.dbt/profiles.yml
02:30:46.123851 [info ]: Cached model count updated: 2 models (estimate)
02:30:46.123880 [info ]: Cached model count updated: 2 models (accurate)
02:30:46.123914 [info ]: Started scheduling
02:30:46.123966 [info ]: Finished scheduling [  0.00s]
02:30:46.123980 [debug]: Compilation - 0 nodes selected: {}
02:30:46.123995 [warn ]: dbt1092: The selection criterion '+source:retail_ecommerce_dbt.kaggle_source.retail_online_stg' does not match any enabled nodes
02:30:46.124006 [warn ]: dbt1601: Nothing to do. Try checking your model configs and model specification args
02:30:46.125048 [info ]: DOWNLOADING deferral manifest
02:30:46.125101 [info ]: Finished loading project [  0.03s]
02:30:46.502130 [warn ]: dbt1203: Failed to download deferral manifest from the dbt platform for project 70471823559476, continuing without deferral. 404 Not Found: No deferral environment defined for project with ID 70471823559476 To target a specific environment, set `defer-env-id` in your dbt_project.yml under the `dbt-cloud` block.
02:30:46.698255 [info ]: Started building task graph
02:30:46.698301 [info ]: Finished building task graph [  0.00s]
02:30:46.701395 [info ]: Started scheduling
02:30:46.701456 [info ]: Finished scheduling [  0.00s]
02:30:46.702048 [info ]: Cached model count updated: 2 models (accurate)
02:30:46.704816 [info ]: Waiting for lease on 'target' directory
02:30:47.174719 [info ]: Started loading project
02:30:47.176054 [info ]: Loading ~/.dbt/profiles.yml
02:30:47.200179 [info ]: Cached model count updated: 2 models (estimate)
02:30:47.200209 [info ]: Cached model count updated: 2 models (accurate)
02:30:47.200242 [info ]: Started scheduling
02:30:47.200292 [info ]: Finished scheduling [  0.00s]
02:30:47.200306 [debug]: Compilation - 0 nodes selected: {}
02:30:47.200322 [warn ]: dbt1092: The selection criterion '+source:retail_ecommerce_dbt.kaggle_source.retail_online_stg' does not match any enabled nodes
02:30:47.200333 [warn ]: dbt1601: Nothing to do. Try checking your model configs and model specification args
02:30:47.201262 [info ]: DOWNLOADING deferral manifest
02:30:47.201415 [info ]: Finished loading project [  0.03s]
02:30:47.604672 [warn ]: dbt1203: Failed to download deferral manifest from the dbt platform for project 70471823559476, continuing without deferral. 404 Not Found: No deferral environment defined for project with ID 70471823559476 To target a specific environment, set `defer-env-id` in your dbt_project.yml under the `dbt-cloud` block.
02:30:47.816757 [info ]: Started building task graph
02:30:47.816799 [info ]: Finished building task graph [  0.00s]
02:30:47.819519 [info ]: Started scheduling
02:30:47.819582 [info ]: Finished scheduling [  0.00s]
02:30:47.820158 [info ]: Cached model count updated: 2 models (accurate)
02:30:47.954297 [info ]: Waiting for lease on 'target' directory
02:30:48.196086 [info ]: Started loading project
02:30:48.197979 [info ]: Loading ~/.dbt/profiles.yml
02:30:48.238947 [info ]: Cached model count updated: 2 models (estimate)
02:30:48.238995 [info ]: Cached model count updated: 2 models (accurate)
02:30:48.239054 [info ]: Started scheduling
02:30:48.239134 [info ]: Finished scheduling [  0.00s]
02:30:48.239156 [debug]: Compilation - 0 nodes selected: {}
02:30:48.239182 [warn ]: dbt1092: The selection criterion '+source:retail_ecommerce_dbt.kaggle_source.retail_online_stg' does not match any enabled nodes
02:30:48.239199 [warn ]: dbt1601: Nothing to do. Try checking your model configs and model specification args
02:30:48.240689 [info ]: DOWNLOADING deferral manifest
02:30:48.240872 [info ]: Finished loading project [  0.04s]
02:30:48.620348 [warn ]: dbt1203: Failed to download deferral manifest from the dbt platform for project 70471823559476, continuing without deferral. 404 Not Found: No deferral environment defined for project with ID 70471823559476 To target a specific environment, set `defer-env-id` in your dbt_project.yml under the `dbt-cloud` block.
02:30:48.832079 [info ]: Started building task graph
02:30:48.832125 [info ]: Finished building task graph [  0.00s]
02:30:48.834600 [info ]: Started scheduling
02:30:48.834687 [info ]: Finished scheduling [  0.00s]
02:30:48.835361 [info ]: Cached model count updated: 2 models (accurate)
02:30:48.955815 [info ]: Waiting for lease on 'target' directory
02:30:49.328038 [info ]: Started loading project
02:30:49.329883 [info ]: Loading ~/.dbt/profiles.yml
02:30:49.355733 [info ]: Cached model count updated: 2 models (estimate)
02:30:49.355764 [info ]: Cached model count updated: 2 models (accurate)
02:30:49.355802 [info ]: Started scheduling
02:30:49.355867 [info ]: Finished scheduling [  0.00s]
02:30:49.355887 [debug]: Compilation - 0 nodes selected: {}
02:30:49.355908 [warn ]: dbt1092: The selection criterion '+source:retail_ecommerce_dbt.kaggle_source.retail_online_stg' does not match any enabled nodes
02:30:49.355919 [warn ]: dbt1601: Nothing to do. Try checking your model configs and model specification args
02:30:49.356999 [info ]: DOWNLOADING deferral manifest
02:30:49.357163 [info ]: Finished loading project [  0.03s]
02:30:49.739973 [warn ]: dbt1203: Failed to download deferral manifest from the dbt platform for project 70471823559476, continuing without deferral. 404 Not Found: No deferral environment defined for project with ID 70471823559476 To target a specific environment, set `defer-env-id` in your dbt_project.yml under the `dbt-cloud` block.
02:30:49.939523 [info ]: Started building task graph
02:30:49.939591 [info ]: Finished building task graph [  0.00s]
02:30:49.944264 [info ]: Started scheduling
02:30:49.944335 [info ]: Finished scheduling [  0.00s]
02:30:49.946427 [info ]: Cached model count updated: 2 models (accurate)
02:30:51.563345 [info ]: Started loading project
02:30:51.564698 [info ]: Loading ~/.dbt/profiles.yml
02:30:51.601474 [info ]: Cached model count updated: 2 models (estimate)
02:30:51.601502 [info ]: Cached model count updated: 2 models (accurate)
02:30:51.601535 [info ]: Started scheduling
02:30:51.601583 [info ]: Finished scheduling [  0.00s]
02:30:51.601601 [debug]: Compilation - 0 nodes selected: {}
02:30:51.601621 [warn ]: dbt1092: The selection criterion '+source:retail_ecommerce_dbt.kaggle_source.retail_online_stg+' does not match any enabled nodes
02:30:51.601631 [warn ]: dbt1601: Nothing to do. Try checking your model configs and model specification args
02:30:51.602859 [info ]: DOWNLOADING deferral manifest
02:30:51.602955 [info ]: Finished loading project [  0.04s]
02:30:51.965404 [warn ]: dbt1203: Failed to download deferral manifest from the dbt platform for project 70471823559476, continuing without deferral. 404 Not Found: No deferral environment defined for project with ID 70471823559476 To target a specific environment, set `defer-env-id` in your dbt_project.yml under the `dbt-cloud` block.
02:30:52.151704 [info ]: Started building task graph
02:30:52.151750 [info ]: Finished building task graph [  0.00s]
02:30:52.155175 [info ]: Started scheduling
02:30:52.155232 [info ]: Finished scheduling [  0.00s]
02:30:52.156655 [info ]: Cached model count updated: 2 models (accurate)
02:30:53.761778 [info ]: Started loading project
02:30:53.763544 [info ]: Loading ~/.dbt/profiles.yml
02:30:53.819585 [info ]: Cached model count updated: 2 models (estimate)
02:30:53.819635 [info ]: Cached model count updated: 2 models (accurate)
02:30:53.819668 [info ]: Started scheduling
02:30:53.819745 [info ]: Finished scheduling [  0.00s]
02:30:53.819766 [debug]: Compilation - 2 nodes selected: {"model.retail_ecommerce_dbt.int_customer_metrics", "model.retail_ecommerce_dbt.stg_retail_transaction"}
02:30:53.820903 [info ]: DOWNLOADING deferral manifest
02:30:53.821080 [info ]: Finished loading project [  0.06s]
02:30:54.218650 [warn ]: dbt1203: Failed to download deferral manifest from the dbt platform for project 70471823559476, continuing without deferral. 404 Not Found: No deferral environment defined for project with ID 70471823559476 To target a specific environment, set `defer-env-id` in your dbt_project.yml under the `dbt-cloud` block.
02:30:54.400377 [info ]: Started building task graph
02:30:54.400450 [info ]: Finished building task graph [  0.00s]
02:30:54.400600 [info ]: Started rendering (2 nodes)
02:30:54.400628 [info ]: Started model ga4_data.int_customer_metrics
02:30:54.400646 [debug]: Started rendering model ga4_data.int_customer_metrics
02:30:54.400676 [info ]: Started model ga4_data_staging.stg_retail_transaction
02:30:54.400686 [debug]: Started rendering model ga4_data_staging.stg_retail_transaction
02:30:54.401183 [debug]: Compiled SQL for node model.retail_ecommerce_dbt.int_customer_metrics at target\.lsp\compiled\retail_ecommerce_dbt\models\intermediate\int_customer_metrics.sql
02:30:54.401341 [debug]: Finished rendering [  0.00s] model ga4_data.int_customer_metrics [success]
02:30:54.401397 [info ]: Started analyzing (2 nodes)
02:30:54.401413 [debug]: Started analyzing model ga4_data.int_customer_metrics
02:30:54.401469 [debug]: Compiled SQL for node model.retail_ecommerce_dbt.stg_retail_transaction at target\.lsp\compiled\retail_ecommerce_dbt\models\staging\stg_retail_transaction.sql
02:30:54.401547 [debug]: Finished rendering [  0.00s] model ga4_data_staging.stg_retail_transaction [success]
02:30:54.401589 [info ]: Finished rendering [  0.00s] (2 nodes, 0 skipped, 0 errors)
02:30:54.401623 [debug]: Started analyzing model ga4_data_staging.stg_retail_transaction
02:30:54.402057 [debug]: Finished analyzing [  0.00s] model ga4_data_staging.stg_retail_transaction [success]
02:30:54.402086 [info ]:  Succeeded [-------] model ga4_data_staging.stg_retail_transaction (view)
02:30:54.403154 [debug]: Finished analyzing [  0.00s] model ga4_data.int_customer_metrics [success]
02:30:54.403175 [info ]: Finished analyzing [  0.00s] (2 nodes, 0 skipped, 0 errors)
02:30:54.403182 [info ]:  Succeeded [  0.00s] model ga4_data.int_customer_metrics (table)
02:30:54.406324 [info ]: Started scheduling
02:30:54.406388 [info ]: Finished scheduling [  0.00s]
02:30:54.407694 [info ]: Cached model count updated: 2 models (accurate)
02:30:56.111450 [info ]: Started loading project
02:30:56.112430 [info ]: Loading ~/.dbt/profiles.yml
02:30:56.140605 [info ]: Cached model count updated: 2 models (estimate)
02:30:56.140645 [info ]: Cached model count updated: 2 models (accurate)
02:30:56.140689 [info ]: Started scheduling
02:30:56.140759 [info ]: Finished scheduling [  0.00s]
02:30:56.140785 [debug]: Compilation - 0 nodes selected: {}
02:30:56.140812 [warn ]: dbt1092: The selection criterion '+source:retail_ecommerce_dbt.kaggle_source.retail_online_stg' does not match any enabled nodes
02:30:56.140829 [warn ]: dbt1601: Nothing to do. Try checking your model configs and model specification args
02:30:56.143344 [info ]: Finished loading project [  0.03s]
02:30:56.143775 [info ]: DOWNLOADING deferral manifest
02:30:56.532161 [warn ]: dbt1203: Failed to download deferral manifest from the dbt platform for project 70471823559476, continuing without deferral. 404 Not Found: No deferral environment defined for project with ID 70471823559476 To target a specific environment, set `defer-env-id` in your dbt_project.yml under the `dbt-cloud` block.
02:30:56.743717 [info ]: Started building task graph
02:30:56.743772 [info ]: Finished building task graph [  0.00s]
02:30:56.747483 [info ]: Started scheduling
02:30:56.747598 [info ]: Finished scheduling [  0.00s]
02:30:56.748266 [info ]: Cached model count updated: 2 models (accurate)
02:30:58.376577 [info ]: Started loading project
02:30:58.378082 [info ]: Loading ~/.dbt/profiles.yml
02:30:58.406435 [info ]: Cached model count updated: 2 models (estimate)
02:30:58.406477 [info ]: Cached model count updated: 2 models (accurate)
02:30:58.406511 [info ]: Started scheduling
02:30:58.406562 [info ]: Finished scheduling [  0.00s]
02:30:58.406579 [debug]: Compilation - 0 nodes selected: {}
02:30:58.406595 [warn ]: dbt1092: The selection criterion '+source:retail_ecommerce_dbt.kaggle_source.retail_online_stg+' does not match any enabled nodes
02:30:58.406608 [warn ]: dbt1601: Nothing to do. Try checking your model configs and model specification args
02:30:58.407494 [info ]: DOWNLOADING deferral manifest
02:30:58.407652 [info ]: Finished loading project [  0.03s]
02:30:58.782239 [warn ]: dbt1203: Failed to download deferral manifest from the dbt platform for project 70471823559476, continuing without deferral. 404 Not Found: No deferral environment defined for project with ID 70471823559476 To target a specific environment, set `defer-env-id` in your dbt_project.yml under the `dbt-cloud` block.
02:30:59.001739 [info ]: Started building task graph
02:30:59.001782 [info ]: Finished building task graph [  0.00s]
02:30:59.004354 [info ]: Started scheduling
02:30:59.004447 [info ]: Finished scheduling [  0.00s]
02:30:59.007491 [info ]: Cached model count updated: 2 models (accurate)
02:31:00.682697 [info ]: Started loading project
02:31:00.684266 [info ]: Loading ~/.dbt/profiles.yml
02:31:00.720993 [info ]: Cached model count updated: 2 models (estimate)
02:31:00.721024 [info ]: Cached model count updated: 2 models (accurate)
02:31:00.721055 [info ]: Started scheduling
02:31:00.721117 [info ]: Finished scheduling [  0.00s]
02:31:00.721132 [debug]: Compilation - 2 nodes selected: {"model.retail_ecommerce_dbt.int_customer_metrics", "model.retail_ecommerce_dbt.stg_retail_transaction"}
02:31:00.722279 [info ]: DOWNLOADING deferral manifest
02:31:00.722438 [info ]: Finished loading project [  0.04s]
02:31:01.107366 [warn ]: dbt1203: Failed to download deferral manifest from the dbt platform for project 70471823559476, continuing without deferral. 404 Not Found: No deferral environment defined for project with ID 70471823559476 To target a specific environment, set `defer-env-id` in your dbt_project.yml under the `dbt-cloud` block.
02:31:01.309832 [info ]: Started building task graph
02:31:01.309902 [info ]: Finished building task graph [  0.00s]
02:31:01.310041 [info ]: Started rendering (2 nodes)
02:31:01.310062 [info ]: Started model ga4_data.int_customer_metrics
02:31:01.310077 [debug]: Started rendering model ga4_data.int_customer_metrics
02:31:01.310102 [info ]: Started model ga4_data_staging.stg_retail_transaction
02:31:01.310112 [debug]: Started rendering model ga4_data_staging.stg_retail_transaction
02:31:01.310675 [debug]: Compiled SQL for node model.retail_ecommerce_dbt.stg_retail_transaction at target\.lsp\compiled\retail_ecommerce_dbt\models\staging\stg_retail_transaction.sql
02:31:01.310727 [debug]: Compiled SQL for node model.retail_ecommerce_dbt.int_customer_metrics at target\.lsp\compiled\retail_ecommerce_dbt\models\intermediate\int_customer_metrics.sql
02:31:01.310835 [debug]: Finished rendering [  0.00s] model ga4_data_staging.stg_retail_transaction [success]
02:31:01.310887 [info ]: Started analyzing (2 nodes)
02:31:01.310904 [debug]: Started analyzing model ga4_data_staging.stg_retail_transaction
02:31:01.310941 [debug]: Finished rendering [  0.00s] model ga4_data.int_customer_metrics [success]
02:31:01.310957 [info ]: Finished rendering [  0.00s] (2 nodes, 0 skipped, 0 errors)
02:31:01.310971 [debug]: Started analyzing model ga4_data.int_customer_metrics
02:31:01.311355 [debug]: Finished analyzing [  0.00s] model ga4_data_staging.stg_retail_transaction [success]
02:31:01.311404 [info ]:  Succeeded [-------] model ga4_data_staging.stg_retail_transaction (view)
02:31:01.312417 [debug]: Finished analyzing [  0.00s] model ga4_data.int_customer_metrics [success]
02:31:01.312434 [info ]: Finished analyzing [  0.00s] (2 nodes, 0 skipped, 0 errors)
02:31:01.312441 [info ]:  Succeeded [  0.00s] model ga4_data.int_customer_metrics (table)
02:31:01.315119 [info ]: Started scheduling
02:31:01.315166 [info ]: Finished scheduling [  0.00s]
02:31:01.316689 [info ]: Cached model count updated: 2 models (accurate)
02:32:11.788324 [info ]: Started loading project
02:32:11.789558 [info ]: Loading ~/.dbt/profiles.yml
02:32:11.810777 [info ]: Cached model count updated: 2 models (estimate)
02:32:11.810804 [info ]: Cached model count updated: 2 models (accurate)
02:32:11.810837 [info ]: Started scheduling
02:32:11.810882 [info ]: Finished scheduling [  0.00s]
02:32:11.810895 [debug]: Compilation - 0 nodes selected: {}
02:32:11.810913 [warn ]: dbt1092: The selection criterion '+source:retail_ecommerce_dbt.kaggle_source.retail_online_stg' does not match any enabled nodes
02:32:11.810922 [warn ]: dbt1601: Nothing to do. Try checking your model configs and model specification args
02:32:11.811899 [info ]: DOWNLOADING deferral manifest
02:32:11.812058 [info ]: Finished loading project [  0.02s]
02:32:12.485767 [warn ]: dbt1203: Failed to download deferral manifest from the dbt platform for project 70471823559476, continuing without deferral. 404 Not Found: No deferral environment defined for project with ID 70471823559476 To target a specific environment, set `defer-env-id` in your dbt_project.yml under the `dbt-cloud` block.
02:32:12.681300 [info ]: Started building task graph
02:32:12.681336 [info ]: Finished building task graph [  0.00s]
02:32:12.683856 [info ]: Started scheduling
02:32:12.683901 [info ]: Finished scheduling [  0.00s]
02:32:12.684445 [info ]: Cached model count updated: 2 models (accurate)
02:32:12.870929 [info ]: Started loading project
02:32:12.871654 [info ]: Loading ~/.dbt/profiles.yml
02:32:12.898594 [info ]: Cached model count updated: 2 models (estimate)
02:32:12.898619 [info ]: Cached model count updated: 2 models (accurate)
02:32:12.898655 [info ]: Started scheduling
02:32:12.898712 [info ]: Finished scheduling [  0.00s]
02:32:12.898729 [debug]: Compilation - 0 nodes selected: {}
02:32:12.898747 [warn ]: dbt1092: The selection criterion '+source:retail_ecommerce_dbt.kaggle_source.retail_online_stg' does not match any enabled nodes
02:32:12.898761 [warn ]: dbt1601: Nothing to do. Try checking your model configs and model specification args
02:32:12.899902 [info ]: DOWNLOADING deferral manifest
02:32:12.899953 [info ]: Finished loading project [  0.03s]
02:32:13.306597 [warn ]: dbt1203: Failed to download deferral manifest from the dbt platform for project 70471823559476, continuing without deferral. 404 Not Found: No deferral environment defined for project with ID 70471823559476 To target a specific environment, set `defer-env-id` in your dbt_project.yml under the `dbt-cloud` block.
02:32:13.501326 [info ]: Started building task graph
02:32:13.501368 [info ]: Finished building task graph [  0.00s]
02:32:13.503885 [info ]: Started scheduling
02:32:13.503932 [info ]: Finished scheduling [  0.00s]
02:32:13.504516 [info ]: Cached model count updated: 2 models (accurate)
02:32:15.039763 [info ]: Started loading project
02:32:15.040603 [info ]: Loading ~/.dbt/profiles.yml
02:32:15.060227 [info ]: Cached model count updated: 2 models (estimate)
02:32:15.060257 [info ]: Cached model count updated: 2 models (accurate)
02:32:15.060304 [info ]: Started scheduling
02:32:15.060354 [info ]: Finished scheduling [  0.00s]
02:32:15.060370 [debug]: Compilation - 0 nodes selected: {}
02:32:15.060386 [warn ]: dbt1092: The selection criterion '+source:retail_ecommerce_dbt.kaggle_source.retail_online_stg' does not match any enabled nodes
02:32:15.060398 [warn ]: dbt1601: Nothing to do. Try checking your model configs and model specification args
02:32:15.061294 [info ]: DOWNLOADING deferral manifest
02:32:15.061458 [info ]: Finished loading project [  0.02s]
02:32:15.464708 [warn ]: dbt1203: Failed to download deferral manifest from the dbt platform for project 70471823559476, continuing without deferral. 404 Not Found: No deferral environment defined for project with ID 70471823559476 To target a specific environment, set `defer-env-id` in your dbt_project.yml under the `dbt-cloud` block.
02:32:15.650455 [info ]: Started building task graph
02:32:15.650494 [info ]: Finished building task graph [  0.00s]
02:32:15.652914 [info ]: Started scheduling
02:32:15.652964 [info ]: Finished scheduling [  0.00s]
02:32:15.653554 [info ]: Cached model count updated: 2 models (accurate)
02:32:15.715911 [info ]: Waiting for lease on 'target' directory
02:32:16.181154 [info ]: Started loading project
02:32:16.182338 [info ]: Loading ~/.dbt/profiles.yml
02:32:16.214018 [info ]: Cached model count updated: 2 models (estimate)
02:32:16.214049 [info ]: Cached model count updated: 2 models (accurate)
02:32:16.214082 [info ]: Started scheduling
02:32:16.214129 [info ]: Finished scheduling [  0.00s]
02:32:16.214143 [debug]: Compilation - 0 nodes selected: {}
02:32:16.214158 [warn ]: dbt1092: The selection criterion '+source:retail_ecommerce_dbt.kaggle_source.retail_online_stg' does not match any enabled nodes
02:32:16.214167 [warn ]: dbt1601: Nothing to do. Try checking your model configs and model specification args
02:32:16.215069 [info ]: DOWNLOADING deferral manifest
02:32:16.215225 [info ]: Finished loading project [  0.03s]
02:32:16.625190 [warn ]: dbt1203: Failed to download deferral manifest from the dbt platform for project 70471823559476, continuing without deferral. 404 Not Found: No deferral environment defined for project with ID 70471823559476 To target a specific environment, set `defer-env-id` in your dbt_project.yml under the `dbt-cloud` block.
02:32:16.831898 [info ]: Started building task graph
02:32:16.831937 [info ]: Finished building task graph [  0.00s]
02:32:16.836531 [info ]: Started scheduling
02:32:16.836609 [info ]: Finished scheduling [  0.00s]
02:32:16.837269 [info ]: Cached model count updated: 2 models (accurate)
02:32:18.410734 [info ]: Started loading project
02:32:18.413580 [info ]: Loading ~/.dbt/profiles.yml
02:32:18.442807 [info ]: Cached model count updated: 2 models (estimate)
02:32:18.442837 [info ]: Cached model count updated: 2 models (accurate)
02:32:18.442868 [info ]: Started scheduling
02:32:18.442918 [info ]: Finished scheduling [  0.00s]
02:32:18.442931 [debug]: Compilation - 0 nodes selected: {}
02:32:18.442946 [warn ]: dbt1092: The selection criterion '+source:retail_ecommerce_dbt.kaggle_source.retail_online_stg+' does not match any enabled nodes
02:32:18.442956 [warn ]: dbt1601: Nothing to do. Try checking your model configs and model specification args
02:32:18.443906 [info ]: DOWNLOADING deferral manifest
02:32:18.444065 [info ]: Finished loading project [  0.03s]
02:32:18.858432 [warn ]: dbt1203: Failed to download deferral manifest from the dbt platform for project 70471823559476, continuing without deferral. 404 Not Found: No deferral environment defined for project with ID 70471823559476 To target a specific environment, set `defer-env-id` in your dbt_project.yml under the `dbt-cloud` block.
02:32:18.863438 [info ]: Cached model count updated: 2 models (accurate)
02:32:18.864594 [info ]: Waiting for lease on 'target' directory
02:32:19.004701 [info ]: Started loading project
02:32:19.005739 [info ]: Loading ~/.dbt/profiles.yml
02:32:19.033065 [info ]: Cached model count updated: 2 models (estimate)
02:32:19.033090 [info ]: Cached model count updated: 2 models (accurate)
02:32:19.033124 [info ]: Started scheduling
02:32:19.033179 [info ]: Finished scheduling [  0.00s]
02:32:19.033197 [debug]: Compilation - 0 nodes selected: {}
02:32:19.033214 [warn ]: dbt1092: The selection criterion '+source:retail_ecommerce_dbt.kaggle_source.retail_online_stg' does not match any enabled nodes
02:32:19.033223 [warn ]: dbt1601: Nothing to do. Try checking your model configs and model specification args
02:32:19.035108 [info ]: DOWNLOADING deferral manifest
02:32:19.035186 [info ]: Finished loading project [  0.03s]
02:32:19.428990 [warn ]: dbt1203: Failed to download deferral manifest from the dbt platform for project 70471823559476, continuing without deferral. 404 Not Found: No deferral environment defined for project with ID 70471823559476 To target a specific environment, set `defer-env-id` in your dbt_project.yml under the `dbt-cloud` block.
02:32:19.620902 [info ]: Started building task graph
02:32:19.620942 [info ]: Finished building task graph [  0.00s]
02:32:19.623582 [info ]: Started scheduling
02:32:19.623631 [info ]: Finished scheduling [  0.00s]
02:32:19.624219 [info ]: Cached model count updated: 2 models (accurate)
02:32:21.278410 [info ]: Started loading project
02:32:21.279809 [info ]: Loading ~/.dbt/profiles.yml
02:32:21.323635 [info ]: Cached model count updated: 2 models (estimate)
02:32:21.323705 [info ]: Cached model count updated: 2 models (accurate)
02:32:21.323767 [info ]: Started scheduling
02:32:21.323861 [info ]: Finished scheduling [  0.00s]
02:32:21.323886 [debug]: Compilation - 0 nodes selected: {}
02:32:21.323914 [warn ]: dbt1092: The selection criterion '+source:retail_ecommerce_dbt.kaggle_source.retail_online_stg+' does not match any enabled nodes
02:32:21.323941 [warn ]: dbt1601: Nothing to do. Try checking your model configs and model specification args
02:32:21.325713 [info ]: DOWNLOADING deferral manifest
02:32:21.325842 [info ]: Finished loading project [  0.05s]
02:32:21.725730 [warn ]: dbt1203: Failed to download deferral manifest from the dbt platform for project 70471823559476, continuing without deferral. 404 Not Found: No deferral environment defined for project with ID 70471823559476 To target a specific environment, set `defer-env-id` in your dbt_project.yml under the `dbt-cloud` block.
02:32:21.917245 [info ]: Started building task graph
02:32:21.917286 [info ]: Finished building task graph [  0.00s]
02:32:21.919966 [info ]: Started scheduling
02:32:21.920021 [info ]: Finished scheduling [  0.00s]
02:32:21.921441 [info ]: Cached model count updated: 2 models (accurate)
02:32:22.049809 [info ]: Waiting for lease on 'target' directory
02:32:22.397252 [info ]: Started loading project
02:32:22.398460 [info ]: Loading ~/.dbt/profiles.yml
02:32:22.425917 [info ]: Cached model count updated: 2 models (estimate)
02:32:22.425949 [info ]: Cached model count updated: 2 models (accurate)
02:32:22.425990 [info ]: Started scheduling
02:32:22.426104 [info ]: Finished scheduling [  0.00s]
02:32:22.426126 [debug]: Compilation - 0 nodes selected: {}
02:32:22.426146 [warn ]: dbt1092: The selection criterion '+source:retail_ecommerce_dbt.kaggle_source.retail_online_stg' does not match any enabled nodes
02:32:22.426155 [warn ]: dbt1601: Nothing to do. Try checking your model configs and model specification args
02:32:22.427232 [info ]: DOWNLOADING deferral manifest
02:32:22.427349 [info ]: Finished loading project [  0.03s]
02:32:22.815489 [warn ]: dbt1203: Failed to download deferral manifest from the dbt platform for project 70471823559476, continuing without deferral. 404 Not Found: No deferral environment defined for project with ID 70471823559476 To target a specific environment, set `defer-env-id` in your dbt_project.yml under the `dbt-cloud` block.
02:32:22.998720 [info ]: Started building task graph
02:32:22.998915 [info ]: Finished building task graph [  0.00s]
02:32:23.001773 [info ]: Started scheduling
02:32:23.001817 [info ]: Finished scheduling [  0.00s]
02:32:23.002477 [info ]: Cached model count updated: 2 models (accurate)
02:32:23.011940 [info ]: Waiting for lease on 'target' directory
02:32:23.476965 [info ]: Started loading project
02:32:23.478411 [info ]: Loading ~/.dbt/profiles.yml
02:32:23.512171 [info ]: Cached model count updated: 2 models (estimate)
02:32:23.512199 [info ]: Cached model count updated: 2 models (accurate)
02:32:23.512235 [info ]: Started scheduling
02:32:23.512286 [info ]: Finished scheduling [  0.00s]
02:32:23.512300 [debug]: Compilation - 0 nodes selected: {}
02:32:23.512315 [warn ]: dbt1092: The selection criterion '+source:retail_ecommerce_dbt.kaggle_source.retail_online_stg' does not match any enabled nodes
02:32:23.512325 [warn ]: dbt1601: Nothing to do. Try checking your model configs and model specification args
02:32:23.513248 [info ]: DOWNLOADING deferral manifest
02:32:23.513405 [info ]: Finished loading project [  0.04s]
02:32:24.071442 [warn ]: dbt1203: Failed to download deferral manifest from the dbt platform for project 70471823559476, continuing without deferral. 404 Not Found: No deferral environment defined for project with ID 70471823559476 To target a specific environment, set `defer-env-id` in your dbt_project.yml under the `dbt-cloud` block.
02:32:24.324111 [info ]: Started building task graph
02:32:24.324155 [info ]: Finished building task graph [  0.00s]
02:32:24.327216 [info ]: Started scheduling
02:32:24.327270 [info ]: Finished scheduling [  0.00s]
02:32:24.327942 [info ]: Cached model count updated: 2 models (accurate)
02:32:24.529424 [info ]: Started loading project
02:32:24.530547 [info ]: Loading ~/.dbt/profiles.yml
02:32:24.555259 [info ]: Cached model count updated: 2 models (estimate)
02:32:24.555289 [info ]: Cached model count updated: 2 models (accurate)
02:32:24.555328 [info ]: Started scheduling
02:32:24.555395 [info ]: Finished scheduling [  0.00s]
02:32:24.555417 [debug]: Compilation - 0 nodes selected: {}
02:32:24.555439 [warn ]: dbt1092: The selection criterion '+source:retail_ecommerce_dbt.kaggle_source.retail_online_stg' does not match any enabled nodes
02:32:24.555450 [warn ]: dbt1601: Nothing to do. Try checking your model configs and model specification args
02:32:24.557201 [info ]: DOWNLOADING deferral manifest
02:32:24.557285 [info ]: Finished loading project [  0.03s]
02:32:24.952436 [warn ]: dbt1203: Failed to download deferral manifest from the dbt platform for project 70471823559476, continuing without deferral. 404 Not Found: No deferral environment defined for project with ID 70471823559476 To target a specific environment, set `defer-env-id` in your dbt_project.yml under the `dbt-cloud` block.
02:32:25.188470 [info ]: Started building task graph
02:32:25.188511 [info ]: Finished building task graph [  0.00s]
02:32:25.192025 [info ]: Started scheduling
02:32:25.192091 [info ]: Finished scheduling [  0.00s]
02:32:25.193005 [info ]: Cached model count updated: 2 models (accurate)
02:32:26.797472 [info ]: Started loading project
02:32:26.798877 [info ]: Loading ~/.dbt/profiles.yml
02:32:26.836422 [info ]: Cached model count updated: 2 models (estimate)
02:32:26.836453 [info ]: Cached model count updated: 2 models (accurate)
02:32:26.836491 [info ]: Started scheduling
02:32:26.836630 [info ]: Finished scheduling [  0.00s]
02:32:26.836666 [debug]: Compilation - 0 nodes selected: {}
02:32:26.836689 [warn ]: dbt1092: The selection criterion '+source:retail_ecommerce_dbt.kaggle_source.retail_online_stg+' does not match any enabled nodes
02:32:26.836700 [warn ]: dbt1601: Nothing to do. Try checking your model configs and model specification args
02:32:26.837882 [info ]: DOWNLOADING deferral manifest
02:32:26.838053 [info ]: Finished loading project [  0.04s]
02:32:27.387178 [warn ]: dbt1203: Failed to download deferral manifest from the dbt platform for project 70471823559476, continuing without deferral. 404 Not Found: No deferral environment defined for project with ID 70471823559476 To target a specific environment, set `defer-env-id` in your dbt_project.yml under the `dbt-cloud` block.
02:32:27.592405 [info ]: Started building task graph
02:32:27.592442 [info ]: Finished building task graph [  0.00s]
02:32:27.594971 [info ]: Started scheduling
02:32:27.595025 [info ]: Finished scheduling [  0.00s]
02:32:27.596253 [info ]: Cached model count updated: 2 models (accurate)
02:32:29.168906 [info ]: Started loading project
02:32:29.170240 [info ]: Loading ~/.dbt/profiles.yml
02:32:29.195688 [info ]: Cached model count updated: 2 models (estimate)
02:32:29.195717 [info ]: Cached model count updated: 2 models (accurate)
02:32:29.195748 [info ]: Started scheduling
02:32:29.195811 [info ]: Finished scheduling [  0.00s]
02:32:29.195827 [debug]: Compilation - 2 nodes selected: {"model.retail_ecommerce_dbt.int_customer_metrics", "model.retail_ecommerce_dbt.stg_retail_transaction"}
02:32:29.196860 [info ]: DOWNLOADING deferral manifest
02:32:29.197011 [info ]: Finished loading project [  0.03s]
02:32:30.623555 [warn ]: dbt1203: Failed to download deferral manifest from the dbt platform for project 70471823559476, continuing without deferral. 404 Not Found: No deferral environment defined for project with ID 70471823559476 To target a specific environment, set `defer-env-id` in your dbt_project.yml under the `dbt-cloud` block.
02:32:30.848339 [info ]: Started building task graph
02:32:30.848408 [info ]: Finished building task graph [  0.00s]
02:32:30.848543 [info ]: Started rendering (2 nodes)
02:32:30.848565 [info ]: Started model ga4_data.int_customer_metrics
02:32:30.848580 [debug]: Started rendering model ga4_data.int_customer_metrics
02:32:30.848605 [info ]: Started model ga4_data_staging.stg_retail_transaction
02:32:30.848614 [debug]: Started rendering model ga4_data_staging.stg_retail_transaction
02:32:30.849113 [debug]: Compiled SQL for node model.retail_ecommerce_dbt.int_customer_metrics at target\.lsp\compiled\retail_ecommerce_dbt\models\intermediate\int_customer_metrics.sql
02:32:30.849141 [debug]: Compiled SQL for node model.retail_ecommerce_dbt.stg_retail_transaction at target\.lsp\compiled\retail_ecommerce_dbt\models\staging\stg_retail_transaction.sql
02:32:30.849223 [debug]: Finished rendering [  0.00s] model ga4_data.int_customer_metrics [success]
02:32:30.849264 [info ]: Started analyzing (2 nodes)
02:32:30.849280 [debug]: Started analyzing model ga4_data.int_customer_metrics
02:32:30.849307 [debug]: Finished rendering [  0.00s] model ga4_data_staging.stg_retail_transaction [success]
02:32:30.849323 [info ]: Finished rendering [  0.00s] (2 nodes, 0 skipped, 0 errors)
02:32:30.849334 [debug]: Started analyzing model ga4_data_staging.stg_retail_transaction
02:32:30.849637 [debug]: Finished analyzing [  0.00s] model ga4_data_staging.stg_retail_transaction [success]
02:32:30.849679 [info ]:  Succeeded [-------] model ga4_data_staging.stg_retail_transaction (view)
02:32:30.851276 [debug]: Finished analyzing [  0.00s] model ga4_data.int_customer_metrics [success]
02:32:30.851309 [info ]: Finished analyzing [  0.00s] (2 nodes, 0 skipped, 0 errors)
02:32:30.851318 [info ]:  Succeeded [  0.00s] model ga4_data.int_customer_metrics (table)
02:32:30.853763 [info ]: Started scheduling
02:32:30.853811 [info ]: Finished scheduling [  0.00s]
02:32:30.854996 [info ]: Cached model count updated: 2 models (accurate)
02:32:32.754070 [info ]: Started loading project
02:32:32.754981 [info ]: Loading ~/.dbt/profiles.yml
02:32:32.776350 [info ]: Cached model count updated: 2 models (estimate)
02:32:32.776380 [info ]: Cached model count updated: 2 models (accurate)
02:32:32.776413 [info ]: Started scheduling
02:32:32.776478 [info ]: Finished scheduling [  0.00s]
02:32:32.776497 [debug]: Compilation - 0 nodes selected: {}
02:32:32.776514 [warn ]: dbt1092: The selection criterion '+source:retail_ecommerce_dbt.kaggle_source.retail_online_stg' does not match any enabled nodes
02:32:32.776527 [warn ]: dbt1601: Nothing to do. Try checking your model configs and model specification args
02:32:32.777572 [info ]: DOWNLOADING deferral manifest
02:32:32.777723 [info ]: Finished loading project [  0.02s]
02:32:33.171341 [warn ]: dbt1203: Failed to download deferral manifest from the dbt platform for project 70471823559476, continuing without deferral. 404 Not Found: No deferral environment defined for project with ID 70471823559476 To target a specific environment, set `defer-env-id` in your dbt_project.yml under the `dbt-cloud` block.
02:32:33.368144 [info ]: Started building task graph
02:32:33.368185 [info ]: Finished building task graph [  0.00s]
02:32:33.371603 [info ]: Started scheduling
02:32:33.371664 [info ]: Finished scheduling [  0.00s]
02:32:33.372376 [info ]: Cached model count updated: 2 models (accurate)
02:32:34.947678 [info ]: Started loading project
02:32:34.949100 [info ]: Loading ~/.dbt/profiles.yml
02:32:34.988232 [info ]: Cached model count updated: 2 models (estimate)
02:32:34.988409 [info ]: Cached model count updated: 2 models (accurate)
02:32:34.989015 [info ]: Started scheduling
02:32:34.989131 [info ]: Finished scheduling [  0.00s]
02:32:34.989166 [debug]: Compilation - 0 nodes selected: {}
02:32:34.989201 [warn ]: dbt1092: The selection criterion '+source:retail_ecommerce_dbt.kaggle_source.retail_online_stg+' does not match any enabled nodes
02:32:34.989219 [warn ]: dbt1601: Nothing to do. Try checking your model configs and model specification args
02:32:34.991109 [info ]: DOWNLOADING deferral manifest
02:32:34.991329 [info ]: Finished loading project [  0.04s]
02:32:35.431936 [warn ]: dbt1203: Failed to download deferral manifest from the dbt platform for project 70471823559476, continuing without deferral. 404 Not Found: No deferral environment defined for project with ID 70471823559476 To target a specific environment, set `defer-env-id` in your dbt_project.yml under the `dbt-cloud` block.
02:32:35.437704 [info ]: Cached model count updated: 2 models (accurate)
02:32:35.438859 [info ]: Waiting for lease on 'target' directory
02:32:35.578405 [info ]: Started loading project
02:32:35.579248 [info ]: Loading ~/.dbt/profiles.yml
02:32:35.600471 [info ]: Cached model count updated: 2 models (estimate)
02:32:35.600502 [info ]: Cached model count updated: 2 models (accurate)
02:32:35.600540 [info ]: Started scheduling
02:32:35.600595 [info ]: Finished scheduling [  0.00s]
02:32:35.600610 [debug]: Compilation - 0 nodes selected: {}
02:32:35.600629 [warn ]: dbt1092: The selection criterion '+source:retail_ecommerce_dbt.kaggle_source.retail_online_stg' does not match any enabled nodes
02:32:35.600642 [warn ]: dbt1601: Nothing to do. Try checking your model configs and model specification args
02:32:35.601629 [info ]: DOWNLOADING deferral manifest
02:32:35.601785 [info ]: Finished loading project [  0.02s]
02:32:35.993316 [warn ]: dbt1203: Failed to download deferral manifest from the dbt platform for project 70471823559476, continuing without deferral. 404 Not Found: No deferral environment defined for project with ID 70471823559476 To target a specific environment, set `defer-env-id` in your dbt_project.yml under the `dbt-cloud` block.
02:32:36.161982 [info ]: Started building task graph
02:32:36.162023 [info ]: Finished building task graph [  0.00s]
02:32:36.165482 [info ]: Started scheduling
02:32:36.165537 [info ]: Finished scheduling [  0.00s]
02:32:36.166158 [info ]: Cached model count updated: 2 models (accurate)
02:32:36.841357 [info ]: Started loading project
02:32:36.842776 [info ]: Loading ~/.dbt/profiles.yml
02:32:36.877283 [info ]: Cached model count updated: 2 models (estimate)
02:32:36.877315 [info ]: Cached model count updated: 2 models (accurate)
02:32:36.877350 [info ]: Started scheduling
02:32:36.877401 [info ]: Finished scheduling [  0.00s]
02:32:36.877414 [debug]: Compilation - 0 nodes selected: {}
02:32:36.877430 [warn ]: dbt1092: The selection criterion '+source:retail_ecommerce_dbt.kaggle_source.retail_online_stg' does not match any enabled nodes
02:32:36.877440 [warn ]: dbt1601: Nothing to do. Try checking your model configs and model specification args
02:32:36.878420 [info ]: DOWNLOADING deferral manifest
02:32:36.878558 [info ]: Finished loading project [  0.04s]
02:32:37.282737 [warn ]: dbt1203: Failed to download deferral manifest from the dbt platform for project 70471823559476, continuing without deferral. 404 Not Found: No deferral environment defined for project with ID 70471823559476 To target a specific environment, set `defer-env-id` in your dbt_project.yml under the `dbt-cloud` block.
02:32:37.445943 [info ]: Started building task graph
02:32:37.445987 [info ]: Finished building task graph [  0.00s]
02:32:37.448581 [info ]: Started scheduling
02:32:37.448633 [info ]: Finished scheduling [  0.00s]
02:32:37.449308 [info ]: Cached model count updated: 2 models (accurate)
02:32:37.547927 [info ]: Waiting for lease on 'target' directory
02:32:37.905036 [info ]: Started loading project
02:32:37.905912 [info ]: Loading ~/.dbt/profiles.yml
02:32:37.964566 [info ]: Cached model count updated: 2 models (estimate)
02:32:37.964624 [info ]: Cached model count updated: 2 models (accurate)
02:32:37.965395 [info ]: Started scheduling
02:32:37.965515 [info ]: Finished scheduling [  0.00s]
02:32:37.965604 [debug]: Compilation - 0 nodes selected: {}
02:32:37.965637 [warn ]: dbt1092: The selection criterion '+source:retail_ecommerce_dbt.kaggle_source.retail_online_stg' does not match any enabled nodes
02:32:37.965659 [warn ]: dbt1601: Nothing to do. Try checking your model configs and model specification args
02:32:37.967193 [info ]: DOWNLOADING deferral manifest
02:32:37.967332 [info ]: Finished loading project [  0.06s]
02:32:38.378576 [warn ]: dbt1203: Failed to download deferral manifest from the dbt platform for project 70471823559476, continuing without deferral. 404 Not Found: No deferral environment defined for project with ID 70471823559476 To target a specific environment, set `defer-env-id` in your dbt_project.yml under the `dbt-cloud` block.
02:32:38.578745 [info ]: Started building task graph
02:32:38.578786 [info ]: Finished building task graph [  0.00s]
02:32:38.581402 [info ]: Started scheduling
02:32:38.581448 [info ]: Finished scheduling [  0.00s]
02:32:38.582016 [info ]: Cached model count updated: 2 models (accurate)
02:32:38.609161 [info ]: Waiting for lease on 'target' directory
02:32:38.960291 [info ]: Started loading project
02:32:38.961630 [info ]: Loading ~/.dbt/profiles.yml
02:32:38.992631 [info ]: Cached model count updated: 2 models (estimate)
02:32:38.992665 [info ]: Cached model count updated: 2 models (accurate)
02:32:38.992710 [info ]: Started scheduling
02:32:38.992772 [info ]: Finished scheduling [  0.00s]
02:32:38.992789 [debug]: Compilation - 0 nodes selected: {}
02:32:38.992810 [warn ]: dbt1092: The selection criterion '+source:retail_ecommerce_dbt.kaggle_source.retail_online_stg' does not match any enabled nodes
02:32:38.992823 [warn ]: dbt1601: Nothing to do. Try checking your model configs and model specification args
02:32:38.994030 [info ]: DOWNLOADING deferral manifest
02:32:38.994200 [info ]: Finished loading project [  0.03s]
02:32:39.416309 [warn ]: dbt1203: Failed to download deferral manifest from the dbt platform for project 70471823559476, continuing without deferral. 404 Not Found: No deferral environment defined for project with ID 70471823559476 To target a specific environment, set `defer-env-id` in your dbt_project.yml under the `dbt-cloud` block.
02:32:39.628196 [info ]: Started building task graph
02:32:39.628237 [info ]: Finished building task graph [  0.00s]
02:32:39.630715 [info ]: Started scheduling
02:32:39.630770 [info ]: Finished scheduling [  0.00s]
02:32:39.631361 [info ]: Cached model count updated: 2 models (accurate)
02:32:40.590118 [info ]: Started loading project
02:32:40.591155 [info ]: Loading ~/.dbt/profiles.yml
02:32:40.611081 [info ]: Cached model count updated: 2 models (estimate)
02:32:40.611107 [info ]: Cached model count updated: 2 models (accurate)
02:32:40.611141 [info ]: Started scheduling
02:32:40.611193 [info ]: Finished scheduling [  0.00s]
02:32:40.611206 [debug]: Compilation - 0 nodes selected: {}
02:32:40.611221 [warn ]: dbt1092: The selection criterion '+source:retail_ecommerce_dbt.kaggle_source.retail_online_stg' does not match any enabled nodes
02:32:40.611230 [warn ]: dbt1601: Nothing to do. Try checking your model configs and model specification args
02:32:40.612304 [info ]: DOWNLOADING deferral manifest
02:32:40.612464 [info ]: Finished loading project [  0.02s]
02:32:41.027577 [warn ]: dbt1203: Failed to download deferral manifest from the dbt platform for project 70471823559476, continuing without deferral. 404 Not Found: No deferral environment defined for project with ID 70471823559476 To target a specific environment, set `defer-env-id` in your dbt_project.yml under the `dbt-cloud` block.
02:32:41.248807 [info ]: Started building task graph
02:32:41.248848 [info ]: Finished building task graph [  0.00s]
02:32:41.251439 [info ]: Started scheduling
02:32:41.251486 [info ]: Finished scheduling [  0.00s]
02:32:41.252082 [info ]: Cached model count updated: 2 models (accurate)
02:32:41.725082 [info ]: Started loading project
02:32:41.725894 [info ]: Loading ~/.dbt/profiles.yml
02:32:41.746019 [info ]: Cached model count updated: 2 models (estimate)
02:32:41.746049 [info ]: Cached model count updated: 2 models (accurate)
02:32:41.746084 [info ]: Started scheduling
02:32:41.746135 [info ]: Finished scheduling [  0.00s]
02:32:41.746153 [debug]: Compilation - 0 nodes selected: {}
02:32:41.746170 [warn ]: dbt1092: The selection criterion '+source:retail_ecommerce_dbt.kaggle_source.retail_online_stg' does not match any enabled nodes
02:32:41.746182 [warn ]: dbt1601: Nothing to do. Try checking your model configs and model specification args
02:32:41.747132 [info ]: DOWNLOADING deferral manifest
02:32:41.747297 [info ]: Finished loading project [  0.02s]
02:32:42.142334 [warn ]: dbt1203: Failed to download deferral manifest from the dbt platform for project 70471823559476, continuing without deferral. 404 Not Found: No deferral environment defined for project with ID 70471823559476 To target a specific environment, set `defer-env-id` in your dbt_project.yml under the `dbt-cloud` block.
02:32:42.349643 [info ]: Started building task graph
02:32:42.349707 [info ]: Finished building task graph [  0.00s]
02:32:42.355506 [info ]: Started scheduling
02:32:42.355583 [info ]: Finished scheduling [  0.00s]
02:32:42.357302 [info ]: Cached model count updated: 2 models (accurate)
02:32:43.967209 [info ]: Started loading project
02:32:43.968677 [info ]: Loading ~/.dbt/profiles.yml
02:32:44.010473 [info ]: Cached model count updated: 2 models (estimate)
02:32:44.010506 [info ]: Cached model count updated: 2 models (accurate)
02:32:44.010542 [info ]: Started scheduling
02:32:44.010592 [info ]: Finished scheduling [  0.00s]
02:32:44.010606 [debug]: Compilation - 0 nodes selected: {}
02:32:44.010621 [warn ]: dbt1092: The selection criterion '+source:retail_ecommerce_dbt.kaggle_source.retail_online_stg+' does not match any enabled nodes
02:32:44.010631 [warn ]: dbt1601: Nothing to do. Try checking your model configs and model specification args
02:32:44.011749 [info ]: DOWNLOADING deferral manifest
02:32:44.011844 [info ]: Finished loading project [  0.04s]
02:32:44.422054 [warn ]: dbt1203: Failed to download deferral manifest from the dbt platform for project 70471823559476, continuing without deferral. 404 Not Found: No deferral environment defined for project with ID 70471823559476 To target a specific environment, set `defer-env-id` in your dbt_project.yml under the `dbt-cloud` block.
02:32:44.426927 [info ]: Cached model count updated: 2 models (accurate)
02:32:44.428084 [info ]: Waiting for lease on 'target' directory
02:32:44.563199 [info ]: Started loading project
02:32:44.565314 [info ]: Loading ~/.dbt/profiles.yml
02:32:44.592339 [info ]: Cached model count updated: 2 models (estimate)
02:32:44.592373 [info ]: Cached model count updated: 2 models (accurate)
02:32:44.592409 [info ]: Started scheduling
02:32:44.592462 [info ]: Finished scheduling [  0.00s]
02:32:44.592476 [debug]: Compilation - 0 nodes selected: {}
02:32:44.592494 [warn ]: dbt1092: The selection criterion '+source:retail_ecommerce_dbt.kaggle_source.retail_online_stg' does not match any enabled nodes
02:32:44.592503 [warn ]: dbt1601: Nothing to do. Try checking your model configs and model specification args
02:32:44.593463 [info ]: DOWNLOADING deferral manifest
02:32:44.593620 [info ]: Finished loading project [  0.03s]
02:32:44.994054 [warn ]: dbt1203: Failed to download deferral manifest from the dbt platform for project 70471823559476, continuing without deferral. 404 Not Found: No deferral environment defined for project with ID 70471823559476 To target a specific environment, set `defer-env-id` in your dbt_project.yml under the `dbt-cloud` block.
02:32:45.198203 [info ]: Started building task graph
02:32:45.198261 [info ]: Finished building task graph [  0.00s]
02:32:45.204126 [info ]: Started scheduling
02:32:45.204232 [info ]: Finished scheduling [  0.00s]
02:32:45.207033 [info ]: Cached model count updated: 2 models (accurate)
02:32:46.810653 [info ]: Started loading project
02:32:46.812032 [info ]: Loading ~/.dbt/profiles.yml
02:32:46.850062 [info ]: Cached model count updated: 2 models (estimate)
02:32:46.850094 [info ]: Cached model count updated: 2 models (accurate)
02:32:46.850130 [info ]: Started scheduling
02:32:46.850191 [info ]: Finished scheduling [  0.00s]
02:32:46.850207 [debug]: Compilation - 0 nodes selected: {}
02:32:46.850230 [warn ]: dbt1092: The selection criterion '+source:retail_ecommerce_dbt.kaggle_source.retail_online_stg+' does not match any enabled nodes
02:32:46.850244 [warn ]: dbt1601: Nothing to do. Try checking your model configs and model specification args
02:32:46.851279 [info ]: DOWNLOADING deferral manifest
02:32:46.851451 [info ]: Finished loading project [  0.04s]
02:32:47.263342 [warn ]: dbt1203: Failed to download deferral manifest from the dbt platform for project 70471823559476, continuing without deferral. 404 Not Found: No deferral environment defined for project with ID 70471823559476 To target a specific environment, set `defer-env-id` in your dbt_project.yml under the `dbt-cloud` block.
02:32:47.466738 [info ]: Started building task graph
02:32:47.466779 [info ]: Finished building task graph [  0.00s]
02:32:47.469364 [info ]: Started scheduling
02:32:47.469416 [info ]: Finished scheduling [  0.00s]
02:32:47.470777 [info ]: Cached model count updated: 2 models (accurate)
02:32:49.054330 [info ]: Started loading project
02:32:49.055479 [info ]: Loading ~/.dbt/profiles.yml
02:32:49.100350 [info ]: Cached model count updated: 2 models (estimate)
02:32:49.100403 [info ]: Cached model count updated: 2 models (accurate)
02:32:49.100463 [info ]: Started scheduling
02:32:49.100584 [info ]: Finished scheduling [  0.00s]
02:32:49.100623 [debug]: Compilation - 2 nodes selected: {"model.retail_ecommerce_dbt.int_customer_metrics", "model.retail_ecommerce_dbt.stg_retail_transaction"}
02:32:49.102497 [info ]: DOWNLOADING deferral manifest
02:32:49.102722 [info ]: Finished loading project [  0.05s]
02:32:49.506011 [warn ]: dbt1203: Failed to download deferral manifest from the dbt platform for project 70471823559476, continuing without deferral. 404 Not Found: No deferral environment defined for project with ID 70471823559476 To target a specific environment, set `defer-env-id` in your dbt_project.yml under the `dbt-cloud` block.
02:32:49.773179 [info ]: Started building task graph
02:32:49.773255 [info ]: Finished building task graph [  0.00s]
02:32:49.773408 [info ]: Started rendering (2 nodes)
02:32:49.773442 [info ]: Started model ga4_data.int_customer_metrics
02:32:49.773465 [debug]: Started rendering model ga4_data.int_customer_metrics
02:32:49.773506 [info ]: Started model ga4_data_staging.stg_retail_transaction
02:32:49.773521 [debug]: Started rendering model ga4_data_staging.stg_retail_transaction
02:32:49.774201 [debug]: Compiled SQL for node model.retail_ecommerce_dbt.int_customer_metrics at target\.lsp\compiled\retail_ecommerce_dbt\models\intermediate\int_customer_metrics.sql
02:32:49.774224 [debug]: Compiled SQL for node model.retail_ecommerce_dbt.stg_retail_transaction at target\.lsp\compiled\retail_ecommerce_dbt\models\staging\stg_retail_transaction.sql
02:32:49.774331 [debug]: Finished rendering [  0.00s] model ga4_data_staging.stg_retail_transaction [success]
02:32:49.774395 [info ]: Started analyzing (2 nodes)
02:32:49.774424 [debug]: Started analyzing model ga4_data_staging.stg_retail_transaction
02:32:49.774477 [debug]: Finished rendering [  0.00s] model ga4_data.int_customer_metrics [success]
02:32:49.774504 [info ]: Finished rendering [  0.00s] (2 nodes, 0 skipped, 0 errors)
02:32:49.774526 [debug]: Started analyzing model ga4_data.int_customer_metrics
02:32:49.774967 [debug]: Finished analyzing [  0.00s] model ga4_data_staging.stg_retail_transaction [success]
02:32:49.775007 [info ]:  Succeeded [-------] model ga4_data_staging.stg_retail_transaction (view)
02:32:49.776426 [debug]: Finished analyzing [  0.00s] model ga4_data.int_customer_metrics [success]
02:32:49.776466 [info ]: Finished analyzing [  0.00s] (2 nodes, 0 skipped, 0 errors)
02:32:49.776480 [info ]:  Succeeded [  0.00s] model ga4_data.int_customer_metrics (table)
02:32:49.779154 [info ]: Started scheduling
02:32:49.779213 [info ]: Finished scheduling [  0.00s]
02:32:49.780831 [info ]: Cached model count updated: 2 models (accurate)
02:32:52.541932 [info ]: Started loading project
02:32:52.542676 [info ]: Loading ~/.dbt/profiles.yml
02:32:52.569284 [info ]: Cached model count updated: 2 models (estimate)
02:32:52.569322 [info ]: Cached model count updated: 2 models (accurate)
02:32:52.569371 [info ]: Started scheduling
02:32:52.569443 [info ]: Finished scheduling [  0.00s]
02:32:52.569468 [debug]: Compilation - 0 nodes selected: {}
02:32:52.569497 [warn ]: dbt1092: The selection criterion '+source:retail_ecommerce_dbt.kaggle_source.retail_online_stg' does not match any enabled nodes
02:32:52.569516 [warn ]: dbt1601: Nothing to do. Try checking your model configs and model specification args
02:32:52.571168 [info ]: DOWNLOADING deferral manifest
02:32:52.571277 [info ]: Finished loading project [  0.03s]
02:32:53.024817 [warn ]: dbt1203: Failed to download deferral manifest from the dbt platform for project 70471823559476, continuing without deferral. 404 Not Found: No deferral environment defined for project with ID 70471823559476 To target a specific environment, set `defer-env-id` in your dbt_project.yml under the `dbt-cloud` block.
02:32:53.234104 [info ]: Started building task graph
02:32:53.234158 [info ]: Finished building task graph [  0.00s]
02:32:53.236971 [info ]: Started scheduling
02:32:53.237027 [info ]: Finished scheduling [  0.00s]
02:32:53.237635 [info ]: Cached model count updated: 2 models (accurate)
02:32:54.864168 [info ]: Started loading project
02:32:54.865566 [info ]: Loading ~/.dbt/profiles.yml
02:32:54.904912 [info ]: Cached model count updated: 2 models (estimate)
02:32:54.904953 [info ]: Cached model count updated: 2 models (accurate)
02:32:54.905007 [info ]: Started scheduling
02:32:54.905097 [info ]: Finished scheduling [  0.00s]
02:32:54.905128 [debug]: Compilation - 0 nodes selected: {}
02:32:54.905157 [warn ]: dbt1092: The selection criterion '+source:retail_ecommerce_dbt.kaggle_source.retail_online_stg+' does not match any enabled nodes
02:32:54.905173 [warn ]: dbt1601: Nothing to do. Try checking your model configs and model specification args
02:32:54.906906 [info ]: DOWNLOADING deferral manifest
02:32:54.907129 [info ]: Finished loading project [  0.04s]
02:32:55.323785 [warn ]: dbt1203: Failed to download deferral manifest from the dbt platform for project 70471823559476, continuing without deferral. 404 Not Found: No deferral environment defined for project with ID 70471823559476 To target a specific environment, set `defer-env-id` in your dbt_project.yml under the `dbt-cloud` block.
02:32:55.328819 [info ]: Cached model count updated: 2 models (accurate)
02:32:55.330107 [info ]: Waiting for lease on 'target' directory
02:32:55.471141 [info ]: Started loading project
02:32:55.472164 [info ]: Loading ~/.dbt/profiles.yml
02:32:55.511044 [info ]: Started parsing
02:32:55.530117 [info ]: Finished loading project [  0.06s]
02:32:55.531905 [error]: dbt1013: YAML error: did not find expected key at line 18 column 17, while parsing a block mapping at line 16 column 13
  --> models\schema.yml:18:17
02:32:55.533419 [debug]: Finished parsing models\schema.yml [  0.00s]
02:32:55.535567 [warn ]: dbt1097: Configuration paths exist in your dbt_project.yml file which do not apply to any resources.
There are 1 unused configuration paths:
- models.retail_ecommerce_dbt.marts
02:32:55.541445 [info ]: DOWNLOADING deferral manifest
02:32:55.541543 [info ]: Finished parsing [  0.03s]
02:32:55.948838 [warn ]: dbt1203: Failed to download deferral manifest from the dbt platform for project 70471823559476, continuing without deferral. 404 Not Found: No deferral environment defined for project with ID 70471823559476 To target a specific environment, set `defer-env-id` in your dbt_project.yml under the `dbt-cloud` block.
02:32:55.952298 [info ]: Cached model count updated: 2 models (estimate)
02:32:55.952348 [info ]: Cached model count updated: 2 models (accurate)
02:32:55.952401 [info ]: Started scheduling
02:32:55.952467 [info ]: Finished scheduling [  0.00s]
02:32:55.952491 [debug]: Compilation - 0 nodes selected: {}
02:32:55.952520 [warn ]: dbt1092: The selection criterion '' does not match any enabled nodes
02:32:55.952547 [warn ]: dbt1601: Nothing to do. Try checking your model configs and model specification args
02:32:55.955808 [info ]: DOWNLOADING deferral manifest
02:32:56.368089 [warn ]: dbt1203: Failed to download deferral manifest from the dbt platform for project 70471823559476, continuing without deferral. 404 Not Found: No deferral environment defined for project with ID 70471823559476 To target a specific environment, set `defer-env-id` in your dbt_project.yml under the `dbt-cloud` block.
02:32:56.580776 [info ]: Started building task graph
02:32:56.580817 [info ]: Finished building task graph [  0.00s]
02:32:56.583219 [info ]: Started scheduling
02:32:56.583266 [info ]: Finished scheduling [  0.00s]
02:32:56.584084 [info ]: Cached model count updated: 2 models (accurate)
02:32:58.179036 [info ]: Started loading project
02:32:58.180071 [info ]: Loading ~/.dbt/profiles.yml
02:32:58.217403 [info ]: Cached model count updated: 2 models (estimate)
02:32:58.217432 [info ]: Cached model count updated: 2 models (accurate)
02:32:58.217464 [info ]: Started scheduling
02:32:58.217500 [info ]: Finished scheduling [  0.00s]
02:32:58.217514 [debug]: Compilation - 0 nodes selected: {}
02:32:58.217528 [warn ]: dbt1092: The selection criterion '' does not match any enabled nodes
02:32:58.217542 [warn ]: dbt1601: Nothing to do. Try checking your model configs and model specification args
02:32:58.219087 [info ]: DOWNLOADING deferral manifest
02:32:58.219288 [info ]: Finished loading project [  0.04s]
02:32:58.676475 [warn ]: dbt1203: Failed to download deferral manifest from the dbt platform for project 70471823559476, continuing without deferral. 404 Not Found: No deferral environment defined for project with ID 70471823559476 To target a specific environment, set `defer-env-id` in your dbt_project.yml under the `dbt-cloud` block.
02:32:58.906956 [info ]: Started building task graph
02:32:58.906996 [info ]: Finished building task graph [  0.00s]
02:32:58.909972 [info ]: Started scheduling
02:32:58.910031 [info ]: Finished scheduling [  0.00s]
02:32:58.911283 [info ]: Cached model count updated: 2 models (accurate)
02:33:00.528116 [info ]: Started loading project
02:33:00.529555 [info ]: Loading ~/.dbt/profiles.yml
02:33:00.563483 [info ]: Cached model count updated: 2 models (estimate)
02:33:00.563512 [info ]: Cached model count updated: 2 models (accurate)
02:33:00.563538 [info ]: Started scheduling
02:33:00.563593 [info ]: Finished scheduling [  0.00s]
02:33:00.563608 [debug]: Compilation - 2 nodes selected: {"model.retail_ecommerce_dbt.int_customer_metrics", "model.retail_ecommerce_dbt.stg_retail_transaction"}
02:33:00.564501 [info ]: DOWNLOADING deferral manifest
02:33:00.564658 [info ]: Finished loading project [  0.04s]
02:33:00.960077 [warn ]: dbt1203: Failed to download deferral manifest from the dbt platform for project 70471823559476, continuing without deferral. 404 Not Found: No deferral environment defined for project with ID 70471823559476 To target a specific environment, set `defer-env-id` in your dbt_project.yml under the `dbt-cloud` block.
02:33:01.181104 [info ]: Started building task graph
02:33:01.181171 [info ]: Finished building task graph [  0.00s]
02:33:01.181316 [info ]: Started rendering (2 nodes)
02:33:01.181337 [info ]: Started model ga4_data.int_customer_metrics
02:33:01.181353 [debug]: Started rendering model ga4_data.int_customer_metrics
02:33:01.181380 [info ]: Started model ga4_data_staging.stg_retail_transaction
02:33:01.181389 [debug]: Started rendering model ga4_data_staging.stg_retail_transaction
02:33:01.181877 [debug]: Compiled SQL for node model.retail_ecommerce_dbt.stg_retail_transaction at target\.lsp\compiled\retail_ecommerce_dbt\models\staging\stg_retail_transaction.sql
02:33:01.181877 [debug]: Compiled SQL for node model.retail_ecommerce_dbt.int_customer_metrics at target\.lsp\compiled\retail_ecommerce_dbt\models\intermediate\int_customer_metrics.sql
02:33:01.181950 [debug]: Finished rendering [  0.00s] model ga4_data_staging.stg_retail_transaction [success]
02:33:01.181984 [info ]: Started analyzing (2 nodes)
02:33:01.181996 [debug]: Started analyzing model ga4_data_staging.stg_retail_transaction
02:33:01.182017 [debug]: Finished rendering [  0.00s] model ga4_data.int_customer_metrics [success]
02:33:01.182027 [info ]: Finished rendering [  0.00s] (2 nodes, 0 skipped, 0 errors)
02:33:01.182034 [debug]: Started analyzing model ga4_data.int_customer_metrics
02:33:01.182253 [debug]: Finished analyzing [  0.00s] model ga4_data_staging.stg_retail_transaction [success]
02:33:01.182266 [info ]:  Succeeded [-------] model ga4_data_staging.stg_retail_transaction (view)
02:33:01.183161 [debug]: Finished analyzing [  0.00s] model ga4_data.int_customer_metrics [success]
02:33:01.183182 [info ]: Finished analyzing [  0.00s] (2 nodes, 0 skipped, 0 errors)
02:33:01.183190 [info ]:  Succeeded [  0.00s] model ga4_data.int_customer_metrics (table)
02:33:01.185646 [info ]: Started scheduling
02:33:01.185707 [info ]: Finished scheduling [  0.00s]
02:33:01.187435 [info ]: Cached model count updated: 2 models (accurate)
02:33:51.150035 [info ]: Started loading project
02:33:51.151056 [info ]: Loading ~/.dbt/profiles.yml
02:33:51.172453 [info ]: Started parsing
02:33:51.190239 [info ]: Finished loading project [  0.04s]
02:33:51.192324 [error]: dbt1059: Duplicate key `name`. This key overwrites a previous definition of the same key at line 9 column 9. YAML path: `sources[0].tables[0].name`.
  --> models\schema.yml:18:9
02:33:51.192535 [error]: dbt1059: Duplicate key `description`. This key overwrites a previous definition of the same key at line 10 column 9. YAML path: `sources[0].tables[0].description`.
  --> models\schema.yml:19:9
02:33:51.192703 [error]: dbt1059: Duplicate key `columns`. This key overwrites a previous definition of the same key at line 11 column 9. YAML path: `sources[0].tables[0].columns`.
  --> models\schema.yml:20:9
02:33:51.193766 [debug]: Finished parsing models\schema.yml [  0.00s]
02:33:51.195882 [warn ]: dbt1097: Configuration paths exist in your dbt_project.yml file which do not apply to any resources.
There are 1 unused configuration paths:
- models.retail_ecommerce_dbt.marts
02:33:51.203902 [info ]: Finished parsing [  0.03s]
02:33:51.203813 [info ]: DOWNLOADING deferral manifest
02:33:51.823159 [warn ]: dbt1203: Failed to download deferral manifest from the dbt platform for project 70471823559476, continuing without deferral. 404 Not Found: No deferral environment defined for project with ID 70471823559476 To target a specific environment, set `defer-env-id` in your dbt_project.yml under the `dbt-cloud` block.
02:33:51.824470 [info ]: Cached model count updated: 2 models (estimate)
02:33:51.824522 [info ]: Cached model count updated: 2 models (accurate)
02:33:51.824587 [info ]: Started scheduling
02:33:51.824712 [info ]: Finished scheduling [  0.00s]
02:33:51.824745 [debug]: Compilation - 0 nodes selected: {}
02:33:51.824776 [warn ]: dbt1092: The selection criterion '+source:retail_ecommerce_dbt.kaggle_source.retail_transaction_int' does not match any enabled nodes
02:33:51.824789 [warn ]: dbt1601: Nothing to do. Try checking your model configs and model specification args
02:33:51.826649 [info ]: DOWNLOADING deferral manifest
02:33:52.224202 [warn ]: dbt1203: Failed to download deferral manifest from the dbt platform for project 70471823559476, continuing without deferral. 404 Not Found: No deferral environment defined for project with ID 70471823559476 To target a specific environment, set `defer-env-id` in your dbt_project.yml under the `dbt-cloud` block.
02:33:52.485622 [info ]: Started building task graph
02:33:52.485675 [info ]: Finished building task graph [  0.00s]
02:33:52.488366 [info ]: Started scheduling
02:33:52.488443 [info ]: Finished scheduling [  0.00s]
02:33:52.489297 [info ]: Cached model count updated: 2 models (accurate)
02:33:52.505310 [info ]: Waiting for lease on 'target' directory
02:33:52.745927 [info ]: Started loading project
02:33:52.748295 [info ]: Loading ~/.dbt/profiles.yml
02:33:52.784146 [info ]: Cached model count updated: 2 models (estimate)
02:33:52.784179 [info ]: Cached model count updated: 2 models (accurate)
02:33:52.784217 [info ]: Started scheduling
02:33:52.784272 [info ]: Finished scheduling [  0.00s]
02:33:52.784286 [debug]: Compilation - 0 nodes selected: {}
02:33:52.784304 [warn ]: dbt1092: The selection criterion '+source:retail_ecommerce_dbt.kaggle_source.retail_transaction_int' does not match any enabled nodes
02:33:52.784316 [warn ]: dbt1601: Nothing to do. Try checking your model configs and model specification args
02:33:52.785635 [info ]: DOWNLOADING deferral manifest
02:33:52.785810 [info ]: Finished loading project [  0.04s]
02:33:53.193598 [warn ]: dbt1203: Failed to download deferral manifest from the dbt platform for project 70471823559476, continuing without deferral. 404 Not Found: No deferral environment defined for project with ID 70471823559476 To target a specific environment, set `defer-env-id` in your dbt_project.yml under the `dbt-cloud` block.
02:33:53.378598 [info ]: Started building task graph
02:33:53.378641 [info ]: Finished building task graph [  0.00s]
02:33:53.382686 [info ]: Started scheduling
02:33:53.382765 [info ]: Finished scheduling [  0.00s]
02:33:53.383683 [info ]: Cached model count updated: 2 models (accurate)
02:33:55.068917 [info ]: Started loading project
02:33:55.070961 [info ]: Loading ~/.dbt/profiles.yml
02:33:55.102335 [info ]: Cached model count updated: 2 models (estimate)
02:33:55.102371 [info ]: Cached model count updated: 2 models (accurate)
02:33:55.102415 [info ]: Started scheduling
02:33:55.102484 [info ]: Finished scheduling [  0.00s]
02:33:55.102509 [debug]: Compilation - 0 nodes selected: {}
02:33:55.102531 [warn ]: dbt1092: The selection criterion '+source:retail_ecommerce_dbt.kaggle_source.retail_transaction_int+' does not match any enabled nodes
02:33:55.102547 [warn ]: dbt1601: Nothing to do. Try checking your model configs and model specification args
02:33:55.103908 [info ]: DOWNLOADING deferral manifest
02:33:55.103989 [info ]: Finished loading project [  0.04s]
02:33:55.635712 [warn ]: dbt1203: Failed to download deferral manifest from the dbt platform for project 70471823559476, continuing without deferral. 404 Not Found: No deferral environment defined for project with ID 70471823559476 To target a specific environment, set `defer-env-id` in your dbt_project.yml under the `dbt-cloud` block.
02:33:55.829343 [info ]: Started building task graph
02:33:55.829387 [info ]: Finished building task graph [  0.00s]
02:33:55.832736 [info ]: Cached model count updated: 2 models (accurate)
02:33:55.833334 [info ]: Waiting for lease on 'target' directory
02:33:56.191586 [info ]: Started loading project
02:33:56.192599 [info ]: Loading ~/.dbt/profiles.yml
02:33:56.216171 [info ]: Cached model count updated: 2 models (estimate)
02:33:56.216200 [info ]: Cached model count updated: 2 models (accurate)
02:33:56.216233 [info ]: Started scheduling
02:33:56.216283 [info ]: Finished scheduling [  0.00s]
02:33:56.216300 [debug]: Compilation - 0 nodes selected: {}
02:33:56.216317 [warn ]: dbt1092: The selection criterion '+source:retail_ecommerce_dbt.kaggle_source.retail_transaction_int' does not match any enabled nodes
02:33:56.216328 [warn ]: dbt1601: Nothing to do. Try checking your model configs and model specification args
02:33:56.217192 [info ]: DOWNLOADING deferral manifest
02:33:56.217243 [info ]: Finished loading project [  0.03s]
02:33:56.778823 [warn ]: dbt1203: Failed to download deferral manifest from the dbt platform for project 70471823559476, continuing without deferral. 404 Not Found: No deferral environment defined for project with ID 70471823559476 To target a specific environment, set `defer-env-id` in your dbt_project.yml under the `dbt-cloud` block.
02:33:57.021473 [info ]: Started building task graph
02:33:57.021516 [info ]: Finished building task graph [  0.00s]
02:33:57.024153 [info ]: Started scheduling
02:33:57.024213 [info ]: Finished scheduling [  0.00s]
02:33:57.024835 [info ]: Cached model count updated: 2 models (accurate)
02:33:57.064495 [info ]: Waiting for lease on 'target' directory
02:33:57.306677 [info ]: Started loading project
02:33:57.307634 [info ]: Loading ~/.dbt/profiles.yml
02:33:57.330828 [info ]: Cached model count updated: 2 models (estimate)
02:33:57.330856 [info ]: Cached model count updated: 2 models (accurate)
02:33:57.330895 [info ]: Started scheduling
02:33:57.330947 [info ]: Finished scheduling [  0.00s]
02:33:57.330964 [debug]: Compilation - 0 nodes selected: {}
02:33:57.330983 [warn ]: dbt1092: The selection criterion '+source:retail_ecommerce_dbt.kaggle_source.retail_transaction_int' does not match any enabled nodes
02:33:57.330996 [warn ]: dbt1601: Nothing to do. Try checking your model configs and model specification args
02:33:57.331915 [info ]: DOWNLOADING deferral manifest
02:33:57.332031 [info ]: Finished loading project [  0.03s]
02:33:57.741063 [warn ]: dbt1203: Failed to download deferral manifest from the dbt platform for project 70471823559476, continuing without deferral. 404 Not Found: No deferral environment defined for project with ID 70471823559476 To target a specific environment, set `defer-env-id` in your dbt_project.yml under the `dbt-cloud` block.
02:33:57.959908 [info ]: Started building task graph
02:33:57.959948 [info ]: Finished building task graph [  0.00s]
02:33:57.963032 [info ]: Started scheduling
02:33:57.963083 [info ]: Finished scheduling [  0.00s]
02:33:57.963696 [info ]: Cached model count updated: 2 models (accurate)
02:33:57.967220 [info ]: Waiting for lease on 'target' directory
02:33:58.420677 [info ]: Started loading project
02:33:58.422610 [info ]: Loading ~/.dbt/profiles.yml
02:33:58.456924 [info ]: Cached model count updated: 2 models (estimate)
02:33:58.456951 [info ]: Cached model count updated: 2 models (accurate)
02:33:58.456988 [info ]: Started scheduling
02:33:58.457037 [info ]: Finished scheduling [  0.00s]
02:33:58.457053 [debug]: Compilation - 0 nodes selected: {}
02:33:58.457071 [warn ]: dbt1092: The selection criterion '+source:retail_ecommerce_dbt.kaggle_source.retail_transaction_int' does not match any enabled nodes
02:33:58.457080 [warn ]: dbt1601: Nothing to do. Try checking your model configs and model specification args
02:33:58.458716 [info ]: DOWNLOADING deferral manifest
02:33:58.458826 [info ]: Finished loading project [  0.04s]
02:33:58.889763 [warn ]: dbt1203: Failed to download deferral manifest from the dbt platform for project 70471823559476, continuing without deferral. 404 Not Found: No deferral environment defined for project with ID 70471823559476 To target a specific environment, set `defer-env-id` in your dbt_project.yml under the `dbt-cloud` block.
02:33:59.093457 [info ]: Started building task graph
02:33:59.093501 [info ]: Finished building task graph [  0.00s]
02:33:59.095851 [info ]: Started scheduling
02:33:59.095907 [info ]: Finished scheduling [  0.00s]
02:33:59.096541 [info ]: Cached model count updated: 2 models (accurate)
02:33:59.099532 [info ]: Waiting for lease on 'target' directory
02:33:59.459672 [info ]: Started loading project
02:33:59.460384 [info ]: Loading ~/.dbt/profiles.yml
02:33:59.485391 [info ]: Cached model count updated: 2 models (estimate)
02:33:59.485430 [info ]: Cached model count updated: 2 models (accurate)
02:33:59.485471 [info ]: Started scheduling
02:33:59.485523 [info ]: Finished scheduling [  0.00s]
02:33:59.485537 [debug]: Compilation - 0 nodes selected: {}
02:33:59.485554 [warn ]: dbt1092: The selection criterion '+source:retail_ecommerce_dbt.kaggle_source.retail_transaction_int' does not match any enabled nodes
02:33:59.485564 [warn ]: dbt1601: Nothing to do. Try checking your model configs and model specification args
02:33:59.486550 [info ]: DOWNLOADING deferral manifest
02:33:59.486649 [info ]: Finished loading project [  0.03s]
02:33:59.891901 [warn ]: dbt1203: Failed to download deferral manifest from the dbt platform for project 70471823559476, continuing without deferral. 404 Not Found: No deferral environment defined for project with ID 70471823559476 To target a specific environment, set `defer-env-id` in your dbt_project.yml under the `dbt-cloud` block.
02:34:00.088942 [info ]: Started building task graph
02:34:00.089005 [info ]: Finished building task graph [  0.00s]
02:34:00.092567 [info ]: Started scheduling
02:34:00.092625 [info ]: Finished scheduling [  0.00s]
02:34:00.093227 [info ]: Cached model count updated: 2 models (accurate)
02:34:00.096584 [info ]: Waiting for lease on 'target' directory
02:34:00.545749 [info ]: Started loading project
02:34:00.547590 [info ]: Loading ~/.dbt/profiles.yml
02:34:00.586702 [info ]: Cached model count updated: 2 models (estimate)
02:34:00.586729 [info ]: Cached model count updated: 2 models (accurate)
02:34:00.586769 [info ]: Started scheduling
02:34:00.586824 [info ]: Finished scheduling [  0.00s]
02:34:00.586837 [debug]: Compilation - 0 nodes selected: {}
02:34:00.586854 [warn ]: dbt1092: The selection criterion '+source:retail_ecommerce_dbt.kaggle_source.retail_transaction_int' does not match any enabled nodes
02:34:00.586863 [warn ]: dbt1601: Nothing to do. Try checking your model configs and model specification args
02:34:00.589716 [info ]: DOWNLOADING deferral manifest
02:34:00.589832 [info ]: Finished loading project [  0.04s]
02:34:00.988842 [warn ]: dbt1203: Failed to download deferral manifest from the dbt platform for project 70471823559476, continuing without deferral. 404 Not Found: No deferral environment defined for project with ID 70471823559476 To target a specific environment, set `defer-env-id` in your dbt_project.yml under the `dbt-cloud` block.
02:34:01.168231 [info ]: Started building task graph
02:34:01.168269 [info ]: Finished building task graph [  0.00s]
02:34:01.171879 [info ]: Started scheduling
02:34:01.171936 [info ]: Finished scheduling [  0.00s]
02:34:01.172906 [info ]: Cached model count updated: 2 models (accurate)
02:34:01.175891 [info ]: Waiting for lease on 'target' directory
02:34:01.650332 [info ]: Started loading project
02:34:01.651749 [info ]: Loading ~/.dbt/profiles.yml
02:34:01.676433 [info ]: Cached model count updated: 2 models (estimate)
02:34:01.676464 [info ]: Cached model count updated: 2 models (accurate)
02:34:01.676497 [info ]: Started scheduling
02:34:01.676547 [info ]: Finished scheduling [  0.00s]
02:34:01.676566 [debug]: Compilation - 0 nodes selected: {}
02:34:01.676586 [warn ]: dbt1092: The selection criterion '+source:retail_ecommerce_dbt.kaggle_source.retail_transaction_int' does not match any enabled nodes
02:34:01.676597 [warn ]: dbt1601: Nothing to do. Try checking your model configs and model specification args
02:34:01.677654 [info ]: DOWNLOADING deferral manifest
02:34:01.677718 [info ]: Finished loading project [  0.03s]
02:34:02.129402 [warn ]: dbt1203: Failed to download deferral manifest from the dbt platform for project 70471823559476, continuing without deferral. 404 Not Found: No deferral environment defined for project with ID 70471823559476 To target a specific environment, set `defer-env-id` in your dbt_project.yml under the `dbt-cloud` block.
02:34:02.336060 [info ]: Started building task graph
02:34:02.336105 [info ]: Finished building task graph [  0.00s]
02:34:02.340095 [info ]: Started scheduling
02:34:02.340164 [info ]: Finished scheduling [  0.00s]
02:34:02.340837 [info ]: Cached model count updated: 2 models (accurate)
02:34:02.345676 [info ]: Waiting for lease on 'target' directory
02:34:02.695516 [info ]: Started loading project
02:34:02.697132 [info ]: Loading ~/.dbt/profiles.yml
02:34:02.724405 [info ]: Cached model count updated: 2 models (estimate)
02:34:02.724435 [info ]: Cached model count updated: 2 models (accurate)
02:34:02.724472 [info ]: Started scheduling
02:34:02.724524 [info ]: Finished scheduling [  0.00s]
02:34:02.724540 [debug]: Compilation - 0 nodes selected: {}
02:34:02.724557 [warn ]: dbt1092: The selection criterion '+source:retail_ecommerce_dbt.kaggle_source.retail_transaction_int' does not match any enabled nodes
02:34:02.724566 [warn ]: dbt1601: Nothing to do. Try checking your model configs and model specification args
02:34:02.725989 [info ]: DOWNLOADING deferral manifest
02:34:02.726258 [info ]: Finished loading project [  0.03s]
02:34:03.124586 [warn ]: dbt1203: Failed to download deferral manifest from the dbt platform for project 70471823559476, continuing without deferral. 404 Not Found: No deferral environment defined for project with ID 70471823559476 To target a specific environment, set `defer-env-id` in your dbt_project.yml under the `dbt-cloud` block.
02:34:03.320793 [info ]: Started building task graph
02:34:03.320838 [info ]: Finished building task graph [  0.00s]
02:34:03.323720 [info ]: Started scheduling
02:34:03.323774 [info ]: Finished scheduling [  0.00s]
02:34:03.324396 [info ]: Cached model count updated: 2 models (accurate)
02:34:03.327813 [info ]: Waiting for lease on 'target' directory
02:34:03.787704 [info ]: Started loading project
02:34:03.789170 [info ]: Loading ~/.dbt/profiles.yml
02:34:03.822451 [info ]: Cached model count updated: 2 models (estimate)
02:34:03.822481 [info ]: Cached model count updated: 2 models (accurate)
02:34:03.822520 [info ]: Started scheduling
02:34:03.822573 [info ]: Finished scheduling [  0.00s]
02:34:03.822587 [debug]: Compilation - 0 nodes selected: {}
02:34:03.822604 [warn ]: dbt1092: The selection criterion '+source:retail_ecommerce_dbt.kaggle_source.retail_transaction_int' does not match any enabled nodes
02:34:03.822614 [warn ]: dbt1601: Nothing to do. Try checking your model configs and model specification args
02:34:03.823633 [info ]: DOWNLOADING deferral manifest
02:34:03.823698 [info ]: Finished loading project [  0.04s]
02:34:04.246847 [warn ]: dbt1203: Failed to download deferral manifest from the dbt platform for project 70471823559476, continuing without deferral. 404 Not Found: No deferral environment defined for project with ID 70471823559476 To target a specific environment, set `defer-env-id` in your dbt_project.yml under the `dbt-cloud` block.
02:34:04.445038 [info ]: Started building task graph
02:34:04.445092 [info ]: Finished building task graph [  0.00s]
02:34:04.448570 [info ]: Started scheduling
02:34:04.448638 [info ]: Finished scheduling [  0.00s]
02:34:04.449247 [info ]: Cached model count updated: 2 models (accurate)
02:34:04.454187 [info ]: Waiting for lease on 'target' directory
02:34:04.906857 [info ]: Started loading project
02:34:04.907618 [info ]: Loading ~/.dbt/profiles.yml
02:34:04.930382 [info ]: Cached model count updated: 2 models (estimate)
02:34:04.930412 [info ]: Cached model count updated: 2 models (accurate)
02:34:04.930448 [info ]: Started scheduling
02:34:04.930499 [info ]: Finished scheduling [  0.00s]
02:34:04.930517 [debug]: Compilation - 0 nodes selected: {}
02:34:04.930534 [warn ]: dbt1092: The selection criterion '+source:retail_ecommerce_dbt.kaggle_source.retail_transaction_int' does not match any enabled nodes
02:34:04.930545 [warn ]: dbt1601: Nothing to do. Try checking your model configs and model specification args
02:34:04.931602 [info ]: DOWNLOADING deferral manifest
02:34:04.931782 [info ]: Finished loading project [  0.02s]
02:34:05.327344 [warn ]: dbt1203: Failed to download deferral manifest from the dbt platform for project 70471823559476, continuing without deferral. 404 Not Found: No deferral environment defined for project with ID 70471823559476 To target a specific environment, set `defer-env-id` in your dbt_project.yml under the `dbt-cloud` block.
02:34:05.524296 [info ]: Started building task graph
02:34:05.524340 [info ]: Finished building task graph [  0.00s]
02:34:05.526985 [info ]: Started scheduling
02:34:05.527039 [info ]: Finished scheduling [  0.00s]
02:34:05.527635 [info ]: Cached model count updated: 2 models (accurate)
02:34:05.531994 [info ]: Waiting for lease on 'target' directory
02:34:05.990966 [info ]: Started loading project
02:34:05.992004 [info ]: Loading ~/.dbt/profiles.yml
02:34:06.018362 [info ]: Cached model count updated: 2 models (estimate)
02:34:06.018389 [info ]: Cached model count updated: 2 models (accurate)
02:34:06.018424 [info ]: Started scheduling
02:34:06.018473 [info ]: Finished scheduling [  0.00s]
02:34:06.018487 [debug]: Compilation - 0 nodes selected: {}
02:34:06.018504 [warn ]: dbt1092: The selection criterion '+source:retail_ecommerce_dbt.kaggle_source.retail_transaction_int' does not match any enabled nodes
02:34:06.018513 [warn ]: dbt1601: Nothing to do. Try checking your model configs and model specification args
02:34:06.019431 [info ]: DOWNLOADING deferral manifest
02:34:06.019511 [info ]: Finished loading project [  0.03s]
02:34:06.441817 [warn ]: dbt1203: Failed to download deferral manifest from the dbt platform for project 70471823559476, continuing without deferral. 404 Not Found: No deferral environment defined for project with ID 70471823559476 To target a specific environment, set `defer-env-id` in your dbt_project.yml under the `dbt-cloud` block.
02:34:06.641668 [info ]: Started building task graph
02:34:06.641731 [info ]: Finished building task graph [  0.00s]
02:34:06.645593 [info ]: Started scheduling
02:34:06.645676 [info ]: Finished scheduling [  0.00s]
02:34:06.646676 [info ]: Cached model count updated: 2 models (accurate)
02:34:06.653244 [info ]: Waiting for lease on 'target' directory
02:34:07.112984 [info ]: Started loading project
02:34:07.114295 [info ]: Loading ~/.dbt/profiles.yml
02:34:07.141000 [info ]: Cached model count updated: 2 models (estimate)
02:34:07.141029 [info ]: Cached model count updated: 2 models (accurate)
02:34:07.141063 [info ]: Started scheduling
02:34:07.141113 [info ]: Finished scheduling [  0.00s]
02:34:07.141127 [debug]: Compilation - 0 nodes selected: {}
02:34:07.141144 [warn ]: dbt1092: The selection criterion '+source:retail_ecommerce_dbt.kaggle_source.retail_transaction_int' does not match any enabled nodes
02:34:07.141153 [warn ]: dbt1601: Nothing to do. Try checking your model configs and model specification args
02:34:07.142049 [info ]: DOWNLOADING deferral manifest
02:34:07.142193 [info ]: Finished loading project [  0.03s]
02:34:07.541322 [warn ]: dbt1203: Failed to download deferral manifest from the dbt platform for project 70471823559476, continuing without deferral. 404 Not Found: No deferral environment defined for project with ID 70471823559476 To target a specific environment, set `defer-env-id` in your dbt_project.yml under the `dbt-cloud` block.
02:34:07.747507 [info ]: Started building task graph
02:34:07.747576 [info ]: Finished building task graph [  0.00s]
02:34:07.753364 [info ]: Started scheduling
02:34:07.753424 [info ]: Finished scheduling [  0.00s]
02:34:07.754656 [info ]: Cached model count updated: 2 models (accurate)
02:34:07.764085 [info ]: Waiting for lease on 'target' directory
02:34:08.227062 [info ]: Started loading project
02:34:08.228314 [info ]: Loading ~/.dbt/profiles.yml
02:34:08.273825 [info ]: Cached model count updated: 2 models (estimate)
02:34:08.273857 [info ]: Cached model count updated: 2 models (accurate)
02:34:08.273893 [info ]: Started scheduling
02:34:08.273955 [info ]: Finished scheduling [  0.00s]
02:34:08.273975 [debug]: Compilation - 0 nodes selected: {}
02:34:08.273997 [warn ]: dbt1092: The selection criterion '+source:retail_ecommerce_dbt.kaggle_source.retail_transaction_int' does not match any enabled nodes
02:34:08.274007 [warn ]: dbt1601: Nothing to do. Try checking your model configs and model specification args
02:34:08.275230 [info ]: DOWNLOADING deferral manifest
02:34:08.275330 [info ]: Finished loading project [  0.05s]
02:34:08.674856 [warn ]: dbt1203: Failed to download deferral manifest from the dbt platform for project 70471823559476, continuing without deferral. 404 Not Found: No deferral environment defined for project with ID 70471823559476 To target a specific environment, set `defer-env-id` in your dbt_project.yml under the `dbt-cloud` block.
02:34:08.868941 [info ]: Started building task graph
02:34:08.868984 [info ]: Finished building task graph [  0.00s]
02:34:08.871844 [info ]: Started scheduling
02:34:08.871898 [info ]: Finished scheduling [  0.00s]
02:34:08.872617 [info ]: Cached model count updated: 2 models (accurate)
02:34:08.876759 [info ]: Waiting for lease on 'target' directory
02:34:09.353695 [info ]: Started loading project
02:34:09.355125 [info ]: Loading ~/.dbt/profiles.yml
02:34:09.396521 [info ]: Cached model count updated: 2 models (estimate)
02:34:09.396567 [info ]: Cached model count updated: 2 models (accurate)
02:34:09.396632 [info ]: Started scheduling
02:34:09.396723 [info ]: Finished scheduling [  0.00s]
02:34:09.396739 [debug]: Compilation - 0 nodes selected: {}
02:34:09.396760 [warn ]: dbt1092: The selection criterion '+source:retail_ecommerce_dbt.kaggle_source.retail_transaction_int' does not match any enabled nodes
02:34:09.396777 [warn ]: dbt1601: Nothing to do. Try checking your model configs and model specification args
02:34:09.397831 [info ]: DOWNLOADING deferral manifest
02:34:09.397916 [info ]: Finished loading project [  0.04s]
02:34:09.788898 [warn ]: dbt1203: Failed to download deferral manifest from the dbt platform for project 70471823559476, continuing without deferral. 404 Not Found: No deferral environment defined for project with ID 70471823559476 To target a specific environment, set `defer-env-id` in your dbt_project.yml under the `dbt-cloud` block.
02:34:10.016700 [info ]: Started building task graph
02:34:10.016777 [info ]: Finished building task graph [  0.00s]
02:34:10.019604 [info ]: Started scheduling
02:34:10.019658 [info ]: Finished scheduling [  0.00s]
02:34:10.020236 [info ]: Cached model count updated: 2 models (accurate)
02:34:10.023745 [info ]: Waiting for lease on 'target' directory
02:34:10.376418 [info ]: Started loading project
02:34:10.377779 [info ]: Loading ~/.dbt/profiles.yml
02:34:10.408682 [info ]: Cached model count updated: 2 models (estimate)
02:34:10.408711 [info ]: Cached model count updated: 2 models (accurate)
02:34:10.408747 [info ]: Started scheduling
02:34:10.408799 [info ]: Finished scheduling [  0.00s]
02:34:10.408814 [debug]: Compilation - 0 nodes selected: {}
02:34:10.408829 [warn ]: dbt1092: The selection criterion '+source:retail_ecommerce_dbt.kaggle_source.retail_transaction_int' does not match any enabled nodes
02:34:10.408839 [warn ]: dbt1601: Nothing to do. Try checking your model configs and model specification args
02:34:10.409836 [info ]: DOWNLOADING deferral manifest
02:34:10.409990 [info ]: Finished loading project [  0.03s]
02:34:10.799655 [warn ]: dbt1203: Failed to download deferral manifest from the dbt platform for project 70471823559476, continuing without deferral. 404 Not Found: No deferral environment defined for project with ID 70471823559476 To target a specific environment, set `defer-env-id` in your dbt_project.yml under the `dbt-cloud` block.
02:34:10.975061 [info ]: Started building task graph
02:34:10.975108 [info ]: Finished building task graph [  0.00s]
02:34:10.978369 [info ]: Started scheduling
02:34:10.978442 [info ]: Finished scheduling [  0.00s]
02:34:10.979419 [info ]: Cached model count updated: 2 models (accurate)
02:34:10.985216 [info ]: Waiting for lease on 'target' directory
02:34:11.461335 [info ]: Started loading project
02:34:11.462179 [info ]: Loading ~/.dbt/profiles.yml
02:34:11.485090 [info ]: Cached model count updated: 2 models (estimate)
02:34:11.485120 [info ]: Cached model count updated: 2 models (accurate)
02:34:11.485155 [info ]: Started scheduling
02:34:11.485212 [info ]: Finished scheduling [  0.00s]
02:34:11.485229 [debug]: Compilation - 0 nodes selected: {}
02:34:11.485247 [warn ]: dbt1092: The selection criterion '+source:retail_ecommerce_dbt.kaggle_source.retail_transaction_int' does not match any enabled nodes
02:34:11.485256 [warn ]: dbt1601: Nothing to do. Try checking your model configs and model specification args
02:34:11.486157 [info ]: DOWNLOADING deferral manifest
02:34:11.486256 [info ]: Finished loading project [  0.02s]
02:34:11.896635 [warn ]: dbt1203: Failed to download deferral manifest from the dbt platform for project 70471823559476, continuing without deferral. 404 Not Found: No deferral environment defined for project with ID 70471823559476 To target a specific environment, set `defer-env-id` in your dbt_project.yml under the `dbt-cloud` block.
02:34:12.139478 [info ]: Started building task graph
02:34:12.139518 [info ]: Finished building task graph [  0.00s]
02:34:12.142297 [info ]: Started scheduling
02:34:12.142355 [info ]: Finished scheduling [  0.00s]
02:34:12.143070 [info ]: Cached model count updated: 2 models (accurate)
02:34:12.148614 [info ]: Waiting for lease on 'target' directory
02:34:12.512011 [info ]: Started loading project
02:34:12.513447 [info ]: Loading ~/.dbt/profiles.yml
02:34:12.537215 [info ]: Cached model count updated: 2 models (estimate)
02:34:12.537244 [info ]: Cached model count updated: 2 models (accurate)
02:34:12.537278 [info ]: Started scheduling
02:34:12.537328 [info ]: Finished scheduling [  0.00s]
02:34:12.537341 [debug]: Compilation - 0 nodes selected: {}
02:34:12.537357 [warn ]: dbt1092: The selection criterion '+source:retail_ecommerce_dbt.kaggle_source.retail_transaction_int' does not match any enabled nodes
02:34:12.537366 [warn ]: dbt1601: Nothing to do. Try checking your model configs and model specification args
02:34:12.538247 [info ]: DOWNLOADING deferral manifest
02:34:12.538394 [info ]: Finished loading project [  0.03s]
02:34:13.067654 [warn ]: dbt1203: Failed to download deferral manifest from the dbt platform for project 70471823559476, continuing without deferral. 404 Not Found: No deferral environment defined for project with ID 70471823559476 To target a specific environment, set `defer-env-id` in your dbt_project.yml under the `dbt-cloud` block.
02:34:13.319991 [info ]: Started building task graph
02:34:13.320036 [info ]: Finished building task graph [  0.00s]
02:34:13.322706 [info ]: Started scheduling
02:34:13.322770 [info ]: Finished scheduling [  0.00s]
02:34:13.323430 [info ]: Cached model count updated: 2 models (accurate)
02:34:13.330230 [info ]: Waiting for lease on 'target' directory
02:34:13.580859 [info ]: Started loading project
02:34:13.581857 [info ]: Loading ~/.dbt/profiles.yml
02:34:13.603791 [info ]: Cached model count updated: 2 models (estimate)
02:34:13.603821 [info ]: Cached model count updated: 2 models (accurate)
02:34:13.603857 [info ]: Started scheduling
02:34:13.603908 [info ]: Finished scheduling [  0.00s]
02:34:13.603926 [debug]: Compilation - 0 nodes selected: {}
02:34:13.603941 [warn ]: dbt1092: The selection criterion '+source:retail_ecommerce_dbt.kaggle_source.retail_transaction_int' does not match any enabled nodes
02:34:13.603951 [warn ]: dbt1601: Nothing to do. Try checking your model configs and model specification args
02:34:13.604832 [info ]: DOWNLOADING deferral manifest
02:34:13.604928 [info ]: Finished loading project [  0.02s]
02:34:13.993359 [warn ]: dbt1203: Failed to download deferral manifest from the dbt platform for project 70471823559476, continuing without deferral. 404 Not Found: No deferral environment defined for project with ID 70471823559476 To target a specific environment, set `defer-env-id` in your dbt_project.yml under the `dbt-cloud` block.
02:34:14.184171 [info ]: Started building task graph
02:34:14.184231 [info ]: Finished building task graph [  0.00s]
02:34:14.188379 [info ]: Started scheduling
02:34:14.188465 [info ]: Finished scheduling [  0.00s]
02:34:14.189487 [info ]: Cached model count updated: 2 models (accurate)
02:34:14.197110 [info ]: Waiting for lease on 'target' directory
02:34:14.664703 [info ]: Started loading project
02:34:14.666198 [info ]: Loading ~/.dbt/profiles.yml
02:34:14.691255 [info ]: Cached model count updated: 2 models (estimate)
02:34:14.691286 [info ]: Cached model count updated: 2 models (accurate)
02:34:14.691323 [info ]: Started scheduling
02:34:14.691377 [info ]: Finished scheduling [  0.00s]
02:34:14.691403 [debug]: Compilation - 0 nodes selected: {}
02:34:14.691421 [warn ]: dbt1092: The selection criterion '+source:retail_ecommerce_dbt.kaggle_source.retail_transaction_int' does not match any enabled nodes
02:34:14.691431 [warn ]: dbt1601: Nothing to do. Try checking your model configs and model specification args
02:34:14.692330 [info ]: DOWNLOADING deferral manifest
02:34:14.692502 [info ]: Finished loading project [  0.03s]
02:34:15.095164 [warn ]: dbt1203: Failed to download deferral manifest from the dbt platform for project 70471823559476, continuing without deferral. 404 Not Found: No deferral environment defined for project with ID 70471823559476 To target a specific environment, set `defer-env-id` in your dbt_project.yml under the `dbt-cloud` block.
02:34:15.272259 [info ]: Started building task graph
02:34:15.272296 [info ]: Finished building task graph [  0.00s]
02:34:15.276586 [info ]: Started scheduling
02:34:15.276704 [info ]: Finished scheduling [  0.00s]
02:34:15.277677 [info ]: Cached model count updated: 2 models (accurate)
02:34:15.282988 [info ]: Waiting for lease on 'target' directory
02:34:15.729519 [info ]: Started loading project
02:34:15.730961 [info ]: Loading ~/.dbt/profiles.yml
02:34:15.754064 [info ]: Cached model count updated: 2 models (estimate)
02:34:15.754091 [info ]: Cached model count updated: 2 models (accurate)
02:34:15.754125 [info ]: Started scheduling
02:34:15.754173 [info ]: Finished scheduling [  0.00s]
02:34:15.754187 [debug]: Compilation - 0 nodes selected: {}
02:34:15.754202 [warn ]: dbt1092: The selection criterion '+source:retail_ecommerce_dbt.kaggle_source.retail_transaction_int' does not match any enabled nodes
02:34:15.754211 [warn ]: dbt1601: Nothing to do. Try checking your model configs and model specification args
02:34:15.755100 [info ]: DOWNLOADING deferral manifest
02:34:15.755264 [info ]: Finished loading project [  0.03s]
02:34:16.154175 [warn ]: dbt1203: Failed to download deferral manifest from the dbt platform for project 70471823559476, continuing without deferral. 404 Not Found: No deferral environment defined for project with ID 70471823559476 To target a specific environment, set `defer-env-id` in your dbt_project.yml under the `dbt-cloud` block.
02:34:16.384778 [info ]: Started building task graph
02:34:16.384823 [info ]: Finished building task graph [  0.00s]
02:34:16.387636 [info ]: Started scheduling
02:34:16.387697 [info ]: Finished scheduling [  0.00s]
02:34:16.388293 [info ]: Cached model count updated: 2 models (accurate)
02:34:16.391919 [info ]: Waiting for lease on 'target' directory
02:34:16.855209 [info ]: Started loading project
02:34:16.855979 [info ]: Loading ~/.dbt/profiles.yml
02:34:16.879732 [info ]: Cached model count updated: 2 models (estimate)
02:34:16.879762 [info ]: Cached model count updated: 2 models (accurate)
02:34:16.879796 [info ]: Started scheduling
02:34:16.879847 [info ]: Finished scheduling [  0.00s]
02:34:16.879865 [debug]: Compilation - 0 nodes selected: {}
02:34:16.879881 [warn ]: dbt1092: The selection criterion '+source:retail_ecommerce_dbt.kaggle_source.retail_transaction_int' does not match any enabled nodes
02:34:16.879893 [warn ]: dbt1601: Nothing to do. Try checking your model configs and model specification args
02:34:16.880816 [info ]: DOWNLOADING deferral manifest
02:34:16.880918 [info ]: Finished loading project [  0.03s]
02:34:17.427367 [warn ]: dbt1203: Failed to download deferral manifest from the dbt platform for project 70471823559476, continuing without deferral. 404 Not Found: No deferral environment defined for project with ID 70471823559476 To target a specific environment, set `defer-env-id` in your dbt_project.yml under the `dbt-cloud` block.
02:34:17.615392 [info ]: Started building task graph
02:34:17.615430 [info ]: Finished building task graph [  0.00s]
02:34:17.618480 [info ]: Started scheduling
02:34:17.618620 [info ]: Finished scheduling [  0.00s]
02:34:17.621233 [info ]: Cached model count updated: 2 models (accurate)
02:34:17.628575 [info ]: Waiting for lease on 'target' directory
02:34:17.996324 [info ]: Cached model count updated: 2 models (accurate)
02:34:17.997434 [info ]: Waiting for lease on 'target' directory
02:34:18.571963 [info ]: Started loading project
02:34:18.573877 [info ]: Loading ~/.dbt/profiles.yml
02:34:18.594772 [info ]: Started parsing
02:34:18.617829 [info ]: Finished parsing [  0.02s]
02:34:18.618339 [info ]: Finished loading project [  0.05s]
02:34:18.619121 [info ]: Cached model count updated: 2 models (accurate)
02:34:18.619839 [info ]: Waiting for lease on 'target' directory
02:34:19.077605 [info ]: Cached model count updated: 2 models (accurate)
02:34:19.078524 [info ]: Waiting for lease on 'target' directory
02:34:19.652550 [info ]: Cached model count updated: 2 models (accurate)
02:34:19.653551 [info ]: Waiting for lease on 'target' directory
02:34:20.222399 [info ]: Cached model count updated: 2 models (accurate)
02:34:20.223523 [info ]: Waiting for lease on 'target' directory
02:34:20.811533 [info ]: Started loading project
02:34:20.813577 [info ]: Loading ~/.dbt/profiles.yml
02:34:20.827541 [info ]: Started parsing
02:34:20.854639 [info ]: Finished loading project [  0.04s]
02:34:20.855418 [debug]: Finished parsing models\schema.yml [  0.00s]
02:34:20.858081 [warn ]: dbt1097: Configuration paths exist in your dbt_project.yml file which do not apply to any resources.
There are 1 unused configuration paths:
- models.retail_ecommerce_dbt.marts
02:34:20.867216 [info ]: DOWNLOADING deferral manifest
02:34:20.867386 [info ]: Finished parsing [  0.04s]
02:34:21.430107 [warn ]: dbt1203: Failed to download deferral manifest from the dbt platform for project 70471823559476, continuing without deferral. 404 Not Found: No deferral environment defined for project with ID 70471823559476 To target a specific environment, set `defer-env-id` in your dbt_project.yml under the `dbt-cloud` block.
02:34:21.431888 [info ]: Cached model count updated: 2 models (estimate)
02:34:21.431933 [info ]: Cached model count updated: 2 models (accurate)
02:34:21.431996 [info ]: Started scheduling
02:34:21.432094 [info ]: Finished scheduling [  0.00s]
02:34:21.432127 [debug]: Compilation - 0 nodes selected: {}
02:34:21.432160 [warn ]: dbt1092: The selection criterion '+source:retail_ecommerce_dbt.kaggle_source.retail_transaction_int +source:retail_ecommerce_dbt.kaggle_source.retail_online_stg' does not match any enabled nodes
02:34:21.432176 [warn ]: dbt1601: Nothing to do. Try checking your model configs and model specification args
02:34:21.433864 [info ]: DOWNLOADING deferral manifest
02:34:21.853005 [warn ]: dbt1203: Failed to download deferral manifest from the dbt platform for project 70471823559476, continuing without deferral. 404 Not Found: No deferral environment defined for project with ID 70471823559476 To target a specific environment, set `defer-env-id` in your dbt_project.yml under the `dbt-cloud` block.
02:34:22.033093 [info ]: Started building task graph
02:34:22.033134 [info ]: Finished building task graph [  0.00s]
02:34:22.035612 [info ]: Started scheduling
02:34:22.035685 [info ]: Finished scheduling [  0.00s]
02:34:22.036522 [info ]: Cached model count updated: 2 models (accurate)
02:34:22.592413 [info ]: Started loading project
02:34:22.593286 [info ]: Loading ~/.dbt/profiles.yml
02:34:22.599687 [info ]: Started parsing
02:34:22.629057 [info ]: Finished loading project [  0.04s]
02:34:22.630026 [debug]: Finished parsing models\schema.yml [  0.00s]
02:34:22.632521 [warn ]: dbt1097: Configuration paths exist in your dbt_project.yml file which do not apply to any resources.
There are 1 unused configuration paths:
- models.retail_ecommerce_dbt.marts
02:34:22.638321 [info ]: DOWNLOADING deferral manifest
02:34:22.638398 [info ]: Finished parsing [  0.04s]
02:34:23.040739 [warn ]: dbt1203: Failed to download deferral manifest from the dbt platform for project 70471823559476, continuing without deferral. 404 Not Found: No deferral environment defined for project with ID 70471823559476 To target a specific environment, set `defer-env-id` in your dbt_project.yml under the `dbt-cloud` block.
02:34:23.042006 [info ]: Cached model count updated: 2 models (estimate)
02:34:23.042028 [info ]: Cached model count updated: 2 models (accurate)
02:34:23.042073 [info ]: Started scheduling
02:34:23.042145 [info ]: Finished scheduling [  0.00s]
02:34:23.042165 [debug]: Compilation - 0 nodes selected: {}
02:34:23.042186 [warn ]: dbt1092: The selection criterion '+source:retail_ecommerce_dbt.kaggle_source.retail_transaction_int +source:retail_ecommerce_dbt.kaggle_source.retail_online_stg' does not match any enabled nodes
02:34:23.042198 [warn ]: dbt1601: Nothing to do. Try checking your model configs and model specification args
02:34:23.043486 [info ]: DOWNLOADING deferral manifest
02:34:23.440844 [warn ]: dbt1203: Failed to download deferral manifest from the dbt platform for project 70471823559476, continuing without deferral. 404 Not Found: No deferral environment defined for project with ID 70471823559476 To target a specific environment, set `defer-env-id` in your dbt_project.yml under the `dbt-cloud` block.
02:34:23.648176 [info ]: Started building task graph
02:34:23.648217 [info ]: Finished building task graph [  0.00s]
02:34:23.651050 [info ]: Started scheduling
02:34:23.651143 [info ]: Finished scheduling [  0.00s]
02:34:23.652271 [info ]: Cached model count updated: 2 models (accurate)
02:34:25.282603 [info ]: Started loading project
02:34:25.283917 [info ]: Loading ~/.dbt/profiles.yml
02:34:25.320120 [info ]: Cached model count updated: 2 models (estimate)
02:34:25.320366 [info ]: Cached model count updated: 2 models (accurate)
02:34:25.320425 [info ]: Started scheduling
02:34:25.320567 [info ]: Finished scheduling [  0.00s]
02:34:25.320588 [debug]: Compilation - 0 nodes selected: {}
02:34:25.320607 [warn ]: dbt1092: The selection criterion '+source:retail_ecommerce_dbt.kaggle_source.retail_online_stg+ +source:retail_ecommerce_dbt.kaggle_source.retail_transaction_int+' does not match any enabled nodes
02:34:25.320619 [warn ]: dbt1601: Nothing to do. Try checking your model configs and model specification args
02:34:25.321748 [info ]: DOWNLOADING deferral manifest
02:34:25.321902 [info ]: Finished loading project [  0.04s]
02:34:25.768851 [warn ]: dbt1203: Failed to download deferral manifest from the dbt platform for project 70471823559476, continuing without deferral. 404 Not Found: No deferral environment defined for project with ID 70471823559476 To target a specific environment, set `defer-env-id` in your dbt_project.yml under the `dbt-cloud` block.
02:34:25.933868 [info ]: Started building task graph
02:34:25.933910 [info ]: Finished building task graph [  0.00s]
02:34:25.936572 [info ]: Started scheduling
02:34:25.936626 [info ]: Finished scheduling [  0.00s]
02:34:25.938460 [info ]: Cached model count updated: 2 models (accurate)
02:34:27.526525 [info ]: Started loading project
02:34:27.528016 [info ]: Loading ~/.dbt/profiles.yml
02:34:27.554118 [info ]: Cached model count updated: 2 models (estimate)
02:34:27.554148 [info ]: Cached model count updated: 2 models (accurate)
02:34:27.554179 [info ]: Started scheduling
02:34:27.554239 [info ]: Finished scheduling [  0.00s]
02:34:27.554253 [debug]: Compilation - 2 nodes selected: {"model.retail_ecommerce_dbt.int_customer_metrics", "model.retail_ecommerce_dbt.stg_retail_transaction"}
02:34:27.555254 [info ]: DOWNLOADING deferral manifest
02:34:27.555306 [info ]: Finished loading project [  0.03s]
02:34:27.944675 [warn ]: dbt1203: Failed to download deferral manifest from the dbt platform for project 70471823559476, continuing without deferral. 404 Not Found: No deferral environment defined for project with ID 70471823559476 To target a specific environment, set `defer-env-id` in your dbt_project.yml under the `dbt-cloud` block.
02:34:28.115416 [info ]: Started building task graph
02:34:28.115549 [info ]: Finished building task graph [  0.00s]
02:34:28.115807 [info ]: Started rendering (2 nodes)
02:34:28.115857 [info ]: Started model ga4_data.int_customer_metrics
02:34:28.115885 [debug]: Started rendering model ga4_data.int_customer_metrics
02:34:28.116070 [info ]: Started model ga4_data_staging.stg_retail_transaction
02:34:28.116244 [debug]: Started rendering model ga4_data_staging.stg_retail_transaction
02:34:28.117070 [debug]: Compiled SQL for node model.retail_ecommerce_dbt.int_customer_metrics at target\.lsp\compiled\retail_ecommerce_dbt\models\intermediate\int_customer_metrics.sql
02:34:28.117381 [debug]: Finished rendering [  0.00s] model ga4_data.int_customer_metrics [success]
02:34:28.117505 [info ]: Started analyzing (2 nodes)
02:34:28.117546 [debug]: Started analyzing model ga4_data.int_customer_metrics
02:34:28.118169 [debug]: Compiled SQL for node model.retail_ecommerce_dbt.stg_retail_transaction at target\.lsp\compiled\retail_ecommerce_dbt\models\staging\stg_retail_transaction.sql
02:34:28.118367 [debug]: Finished rendering [  0.00s] model ga4_data_staging.stg_retail_transaction [success]
02:34:28.118429 [info ]: Finished rendering [  0.00s] (2 nodes, 0 skipped, 0 errors)
02:34:28.118477 [debug]: Started analyzing model ga4_data_staging.stg_retail_transaction
02:34:28.119013 [debug]: Finished analyzing [  0.00s] model ga4_data_staging.stg_retail_transaction [success]
02:34:28.119073 [info ]:  Succeeded [  0.00s] model ga4_data_staging.stg_retail_transaction (view)
02:34:28.120261 [debug]: Finished analyzing [  0.00s] model ga4_data.int_customer_metrics [success]
02:34:28.120307 [info ]: Finished analyzing [  0.00s] (2 nodes, 0 skipped, 0 errors)
02:34:28.120323 [info ]:  Succeeded [  0.00s] model ga4_data.int_customer_metrics (table)
02:34:28.125887 [info ]: Started scheduling
02:34:28.125951 [info ]: Finished scheduling [  0.00s]
02:34:28.128942 [info ]: Cached model count updated: 2 models (accurate)
02:35:38.328220 [info ]: Loading ~/.dbt/profiles.yml
02:35:38.362410 [info ]: Started loading project
02:35:38.363419 [info ]: Loading ~/.dbt/profiles.yml
02:35:38.368002 [info ]: Started loading project
02:35:38.368636 [info ]: Loading ~/.dbt/profiles.yml
02:35:38.368794 [info ]: Finished loading project [  0.01s]
02:35:38.373593 [debug]:    Started loading packages
02:35:38.376037 [debug]:     Loaded [  0.00s] packages
02:35:38.376937 [info ]: Started parsing
02:35:38.401255 [error]: dbt1013: Invalid model definition `retail_ecommerce_dbt.intermediate.+chema`: models.retail_ecommerce_dbt.intermediate.+chema: invalid type: string "intermediate", expected struct ProjectModelConfig at line 26 column 15
  --> dbt_project.yml:26:15
02:35:38.401492 [info ]: Finished loading project [  0.03s]
02:35:38.404606 [debug]: Finished parsing models\schema.yml [  0.00s]
02:35:38.405347 [debug]: Finished parsing models\sources.yml [  0.00s]
02:35:38.410659 [debug]: Finished parsing models\intermediate\int_customer_metrics.sql [  0.00s]
02:35:38.414751 [debug]: Finished parsing models\staging\stg_retail_transaction.sql [  0.00s]
02:35:38.415808 [warn ]: dbt1097: Configuration paths exist in your dbt_project.yml file which do not apply to any resources.
There are 1 unused configuration paths:
- models.retail_ecommerce_dbt.marts
02:35:38.426833 [info ]: DOWNLOADING deferral manifest
02:35:38.427071 [info ]: Finished parsing [  0.05s]
02:35:39.120032 [warn ]: dbt1203: Failed to download deferral manifest from the dbt platform for project 70471823559476, continuing without deferral. 404 Not Found: No deferral environment defined for project with ID 70471823559476 To target a specific environment, set `defer-env-id` in your dbt_project.yml under the `dbt-cloud` block.
02:35:39.121458 [info ]: Cached model count updated: 2 models (estimate)
02:35:39.121504 [info ]: Cached model count updated: 2 models (accurate)
02:35:39.121958 [info ]: Started scheduling
02:35:39.122088 [info ]: Finished scheduling [  0.00s]
02:35:39.122136 [debug]: Compilation - 0 nodes selected: {}
02:35:39.122193 [warn ]: dbt1092: The selection criterion '' does not match any enabled nodes
02:35:39.122231 [warn ]: dbt1601: Nothing to do. Try checking your model configs and model specification args
02:35:39.122263 [info ]: Started scheduling
02:35:39.122350 [info ]: Finished scheduling [  0.00s]
02:35:39.122451 [debug]: Initializing schema store with entry: Frontier(CanonicalFqn { catalog: "ga4-project-496021", schema: "ga4_data", table: "retail_online_raw" }) and interval: None
02:35:39.124991 [info ]: DOWNLOADING deferral manifest
02:35:39.522425 [warn ]: dbt1203: Failed to download deferral manifest from the dbt platform for project 70471823559476, continuing without deferral. 404 Not Found: No deferral environment defined for project with ID 70471823559476 To target a specific environment, set `defer-env-id` in your dbt_project.yml under the `dbt-cloud` block.
02:35:39.939797 [info ]: Started building task graph
02:35:39.939851 [info ]: Finished building task graph [  0.00s]
02:35:39.945471 [info ]: Started scheduling
02:35:39.945563 [info ]: Finished scheduling [  0.00s]
02:35:39.951502 [info ]: Cached model count updated: 2 models (accurate)
02:35:41.594106 [info ]: Started loading project
02:35:41.597604 [info ]: Loading ~/.dbt/profiles.yml
02:35:41.643084 [info ]: Cached model count updated: 2 models (estimate)
02:35:41.643157 [info ]: Cached model count updated: 2 models (accurate)
02:35:41.643225 [info ]: Started scheduling
02:35:41.643311 [info ]: Finished scheduling [  0.00s]
02:35:41.643336 [debug]: Compilation - 2 nodes selected: {"model.retail_ecommerce_dbt.int_customer_metrics", "model.retail_ecommerce_dbt.stg_retail_transaction"}
02:35:41.645001 [info ]: DOWNLOADING deferral manifest
02:35:41.645064 [info ]: Finished loading project [  0.05s]
02:35:42.022014 [warn ]: dbt1203: Failed to download deferral manifest from the dbt platform for project 70471823559476, continuing without deferral. 404 Not Found: No deferral environment defined for project with ID 70471823559476 To target a specific environment, set `defer-env-id` in your dbt_project.yml under the `dbt-cloud` block.
02:35:42.196136 [info ]: Started building task graph
02:35:42.196249 [info ]: Finished building task graph [  0.00s]
02:35:42.196511 [info ]: Started rendering (2 nodes)
02:35:42.196556 [info ]: Started model ga4_data.int_customer_metrics
02:35:42.196577 [debug]: Started rendering model ga4_data.int_customer_metrics
02:35:42.196620 [info ]: Started model ga4_data_staging.stg_retail_transaction
02:35:42.196630 [debug]: Started rendering model ga4_data_staging.stg_retail_transaction
02:35:42.199797 [debug]: Compiled SQL for node model.retail_ecommerce_dbt.stg_retail_transaction at target\.lsp\compiled\retail_ecommerce_dbt\models\staging\stg_retail_transaction.sql
02:35:42.200039 [debug]: Finished rendering [  0.00s] model ga4_data_staging.stg_retail_transaction [success]
02:35:42.200091 [info ]: Started analyzing (2 nodes)
02:35:42.200107 [debug]: Started analyzing model ga4_data_staging.stg_retail_transaction
02:35:42.200433 [debug]: Compiled SQL for node model.retail_ecommerce_dbt.int_customer_metrics at target\.lsp\compiled\retail_ecommerce_dbt\models\intermediate\int_customer_metrics.sql
02:35:42.200457 [debug]: Finished analyzing [  0.00s] model ga4_data_staging.stg_retail_transaction [success]
02:35:42.200476 [info ]:  Succeeded [  0.00s] model ga4_data_staging.stg_retail_transaction (view)
02:35:42.200601 [debug]: Finished rendering [  0.00s] model ga4_data.int_customer_metrics [success]
02:35:42.200627 [info ]: Finished rendering [  0.00s] (2 nodes, 0 skipped, 0 errors)
02:35:42.200651 [debug]: Started analyzing model ga4_data.int_customer_metrics
02:35:42.203509 [debug]: Finished analyzing [  0.00s] model ga4_data.int_customer_metrics [success]
02:35:42.203657 [info ]: Finished analyzing [  0.00s] (2 nodes, 0 skipped, 0 errors)
02:35:42.203687 [info ]:  Succeeded [  0.01s] model ga4_data.int_customer_metrics (table)
02:35:42.206823 [info ]: Started scheduling
02:35:42.206882 [info ]: Finished scheduling [  0.00s]
02:35:42.208065 [info ]: Cached model count updated: 2 models (accurate)
02:35:53.076113 [info ]: Loading ~/.dbt/profiles.yml
02:35:53.109777 [info ]: Started loading project
02:35:53.110534 [info ]: Loading ~/.dbt/profiles.yml
02:35:53.114033 [info ]: Started loading project
02:35:53.114622 [info ]: Loading ~/.dbt/profiles.yml
02:35:53.114699 [info ]: Finished loading project [  0.00s]
02:35:53.118913 [debug]:    Started loading packages
02:35:53.121526 [debug]:     Loaded [  0.00s] packages
02:35:53.122404 [info ]: Started parsing
02:35:53.146626 [error]: dbt1013: Invalid model definition `retail_ecommerce_dbt.intermediate.+chema`: models.retail_ecommerce_dbt.intermediate.+chema: invalid type: string "intermediate", expected struct ProjectModelConfig at line 26 column 15
  --> dbt_project.yml:26:15
02:35:53.146793 [info ]: Finished loading project [  0.03s]
02:35:53.148492 [debug]: Finished parsing models\schema.yml [  0.00s]
02:35:53.149483 [debug]: Finished parsing models\sources.yml [  0.00s]
02:35:53.154337 [debug]: Finished parsing models\intermediate\int_customer_metrics.sql [  0.00s]
02:35:53.157213 [debug]: Finished parsing models\staging\stg_retail_transaction.sql [  0.00s]
02:35:53.158098 [warn ]: dbt1097: Configuration paths exist in your dbt_project.yml file which do not apply to any resources.
There are 1 unused configuration paths:
- models.retail_ecommerce_dbt.marts
02:35:53.164201 [info ]: DOWNLOADING deferral manifest
02:35:53.164308 [info ]: Finished parsing [  0.04s]
02:35:53.537881 [warn ]: dbt1203: Failed to download deferral manifest from the dbt platform for project 70471823559476, continuing without deferral. 404 Not Found: No deferral environment defined for project with ID 70471823559476 To target a specific environment, set `defer-env-id` in your dbt_project.yml under the `dbt-cloud` block.
02:35:53.539925 [info ]: Cached model count updated: 2 models (estimate)
02:35:53.539968 [info ]: Cached model count updated: 2 models (accurate)
02:35:53.540069 [info ]: Started scheduling
02:35:53.540153 [info ]: Finished scheduling [  0.00s]
02:35:53.540190 [debug]: Compilation - 0 nodes selected: {}
02:35:53.540220 [warn ]: dbt1092: The selection criterion '' does not match any enabled nodes
02:35:53.540241 [warn ]: dbt1601: Nothing to do. Try checking your model configs and model specification args
02:35:53.540258 [info ]: Started scheduling
02:35:53.540338 [info ]: Finished scheduling [  0.00s]
02:35:53.540482 [debug]: Initializing schema store with entry: Frontier(CanonicalFqn { catalog: "ga4-project-496021", schema: "ga4_data", table: "retail_online_raw" }) and interval: None
02:35:53.542753 [info ]: DOWNLOADING deferral manifest
02:35:53.987331 [warn ]: dbt1203: Failed to download deferral manifest from the dbt platform for project 70471823559476, continuing without deferral. 404 Not Found: No deferral environment defined for project with ID 70471823559476 To target a specific environment, set `defer-env-id` in your dbt_project.yml under the `dbt-cloud` block.
02:35:54.164750 [info ]: Started building task graph
02:35:54.164814 [info ]: Finished building task graph [  0.00s]
02:35:54.167613 [info ]: Started scheduling
02:35:54.167670 [info ]: Finished scheduling [  0.00s]
02:35:54.170551 [info ]: Cached model count updated: 2 models (accurate)
02:35:55.794587 [info ]: Started loading project
02:35:55.796100 [info ]: Loading ~/.dbt/profiles.yml
02:35:55.833906 [info ]: Cached model count updated: 2 models (estimate)
02:35:55.833935 [info ]: Cached model count updated: 2 models (accurate)
02:35:55.833965 [info ]: Started scheduling
02:35:55.834023 [info ]: Finished scheduling [  0.00s]
02:35:55.834037 [debug]: Compilation - 2 nodes selected: {"model.retail_ecommerce_dbt.int_customer_metrics", "model.retail_ecommerce_dbt.stg_retail_transaction"}
02:35:55.835017 [info ]: DOWNLOADING deferral manifest
02:35:55.835187 [info ]: Finished loading project [  0.04s]
02:35:56.203233 [warn ]: dbt1203: Failed to download deferral manifest from the dbt platform for project 70471823559476, continuing without deferral. 404 Not Found: No deferral environment defined for project with ID 70471823559476 To target a specific environment, set `defer-env-id` in your dbt_project.yml under the `dbt-cloud` block.
02:35:56.391473 [info ]: Started building task graph
02:35:56.391542 [info ]: Finished building task graph [  0.00s]
02:35:56.391675 [info ]: Started rendering (2 nodes)
02:35:56.391696 [info ]: Started model ga4_data.int_customer_metrics
02:35:56.391710 [debug]: Started rendering model ga4_data.int_customer_metrics
02:35:56.391737 [info ]: Started model ga4_data_staging.stg_retail_transaction
02:35:56.391746 [debug]: Started rendering model ga4_data_staging.stg_retail_transaction
02:35:56.393224 [debug]: Compiled SQL for node model.retail_ecommerce_dbt.int_customer_metrics at target\.lsp\compiled\retail_ecommerce_dbt\models\intermediate\int_customer_metrics.sql
02:35:56.393417 [debug]: Finished rendering [  0.00s] model ga4_data.int_customer_metrics [success]
02:35:56.393477 [info ]: Started analyzing (2 nodes)
02:35:56.393501 [debug]: Started analyzing model ga4_data.int_customer_metrics
02:35:56.394848 [debug]: Finished analyzing [  0.00s] model ga4_data.int_customer_metrics [success]
02:35:56.394881 [info ]:  Succeeded [  0.00s] model ga4_data.int_customer_metrics (table)
02:35:56.395039 [debug]: Compiled SQL for node model.retail_ecommerce_dbt.stg_retail_transaction at target\.lsp\compiled\retail_ecommerce_dbt\models\staging\stg_retail_transaction.sql
02:35:56.395153 [debug]: Finished rendering [  0.00s] model ga4_data_staging.stg_retail_transaction [success]
02:35:56.395171 [info ]: Finished rendering [  0.00s] (2 nodes, 0 skipped, 0 errors)
02:35:56.395211 [debug]: Started analyzing model ga4_data_staging.stg_retail_transaction
02:35:56.395657 [debug]: Finished analyzing [  0.00s] model ga4_data_staging.stg_retail_transaction [success]
02:35:56.395692 [info ]: Finished analyzing [  0.00s] (2 nodes, 0 skipped, 0 errors)
02:35:56.395704 [info ]:  Succeeded [  0.00s] model ga4_data_staging.stg_retail_transaction (view)
02:35:56.398512 [info ]: Started scheduling
02:35:56.398575 [info ]: Finished scheduling [  0.00s]
02:35:56.399693 [info ]: Cached model count updated: 2 models (accurate)
02:37:19.918547 [info ]: Loading ~/.dbt/profiles.yml
02:37:19.952875 [info ]: Started loading project
02:37:19.953650 [info ]: Loading ~/.dbt/profiles.yml
02:37:19.957713 [info ]: Started loading project
02:37:19.958366 [info ]: Loading ~/.dbt/profiles.yml
02:37:19.958517 [info ]: Finished loading project [  0.01s]
02:37:19.963628 [debug]:    Started loading packages
02:37:19.966580 [debug]:     Loaded [  0.00s] packages
02:37:19.967821 [info ]: Started parsing
02:37:19.995972 [info ]: Finished loading project [  0.04s]
02:37:19.996795 [debug]: Finished parsing models\schema.yml [  0.00s]
02:37:19.997280 [debug]: Finished parsing models\sources.yml [  0.00s]
02:37:20.000964 [debug]: Finished parsing models\intermediate\int_customer_metrics.sql [  0.00s]
02:37:20.003325 [debug]: Finished parsing models\staging\stg_retail_transaction.sql [  0.00s]
02:37:20.004032 [warn ]: dbt1097: Configuration paths exist in your dbt_project.yml file which do not apply to any resources.
There are 1 unused configuration paths:
- models.retail_ecommerce_dbt.marts
02:37:20.009922 [info ]: DOWNLOADING deferral manifest
02:37:20.010091 [info ]: Finished parsing [  0.04s]
02:37:20.643390 [warn ]: dbt1203: Failed to download deferral manifest from the dbt platform for project 70471823559476, continuing without deferral. 404 Not Found: No deferral environment defined for project with ID 70471823559476 To target a specific environment, set `defer-env-id` in your dbt_project.yml under the `dbt-cloud` block.
02:37:20.644598 [info ]: Cached model count updated: 2 models (estimate)
02:37:20.644636 [info ]: Cached model count updated: 2 models (accurate)
02:37:20.644701 [info ]: Started scheduling
02:37:20.644763 [info ]: Finished scheduling [  0.00s]
02:37:20.644787 [debug]: Compilation - 0 nodes selected: {}
02:37:20.644807 [warn ]: dbt1092: The selection criterion '' does not match any enabled nodes
02:37:20.644820 [warn ]: dbt1601: Nothing to do. Try checking your model configs and model specification args
02:37:20.644832 [info ]: Started scheduling
02:37:20.644894 [info ]: Finished scheduling [  0.00s]
02:37:20.644957 [debug]: Initializing schema store with entry: Frontier(CanonicalFqn { catalog: "ga4-project-496021", schema: "ga4_data", table: "retail_online_raw" }) and interval: None
02:37:20.646566 [info ]: DOWNLOADING deferral manifest
02:37:21.049625 [warn ]: dbt1203: Failed to download deferral manifest from the dbt platform for project 70471823559476, continuing without deferral. 404 Not Found: No deferral environment defined for project with ID 70471823559476 To target a specific environment, set `defer-env-id` in your dbt_project.yml under the `dbt-cloud` block.
02:37:21.240575 [info ]: Started building task graph
02:37:21.240639 [info ]: Finished building task graph [  0.00s]
02:37:21.243988 [info ]: Started scheduling
02:37:21.244047 [info ]: Finished scheduling [  0.00s]
02:37:21.247786 [info ]: Cached model count updated: 2 models (accurate)
02:37:22.859534 [info ]: Started loading project
02:37:22.860956 [info ]: Loading ~/.dbt/profiles.yml
02:37:22.892643 [info ]: Cached model count updated: 2 models (estimate)
02:37:22.892673 [info ]: Cached model count updated: 2 models (accurate)
02:37:22.892699 [info ]: Started scheduling
02:37:22.892754 [info ]: Finished scheduling [  0.00s]
02:37:22.892769 [debug]: Compilation - 2 nodes selected: {"model.retail_ecommerce_dbt.int_customer_metrics", "model.retail_ecommerce_dbt.stg_retail_transaction"}
02:37:22.893700 [info ]: DOWNLOADING deferral manifest
02:37:22.893817 [info ]: Finished loading project [  0.03s]
02:37:23.298486 [warn ]: dbt1203: Failed to download deferral manifest from the dbt platform for project 70471823559476, continuing without deferral. 404 Not Found: No deferral environment defined for project with ID 70471823559476 To target a specific environment, set `defer-env-id` in your dbt_project.yml under the `dbt-cloud` block.
02:37:23.460205 [info ]: Started building task graph
02:37:23.460272 [info ]: Finished building task graph [  0.00s]
02:37:23.460419 [info ]: Started rendering (2 nodes)
02:37:23.460439 [info ]: Started model ga4_data_intermediate.int_customer_metrics
02:37:23.460451 [debug]: Started rendering model ga4_data_intermediate.int_customer_metrics
02:37:23.460478 [info ]: Started model ga4_data_staging.stg_retail_transaction
02:37:23.460484 [debug]: Started rendering model ga4_data_staging.stg_retail_transaction
02:37:23.462353 [debug]: Compiled SQL for node model.retail_ecommerce_dbt.int_customer_metrics at target\.lsp\compiled\retail_ecommerce_dbt\models\intermediate\int_customer_metrics.sql
02:37:23.462500 [debug]: Finished rendering [  0.00s] model ga4_data_intermediate.int_customer_metrics [success]
02:37:23.462553 [info ]: Started analyzing (2 nodes)
02:37:23.462567 [debug]: Started analyzing model ga4_data_intermediate.int_customer_metrics
02:37:23.462622 [debug]: Compiled SQL for node model.retail_ecommerce_dbt.stg_retail_transaction at target\.lsp\compiled\retail_ecommerce_dbt\models\staging\stg_retail_transaction.sql
02:37:23.462806 [debug]: Finished rendering [  0.00s] model ga4_data_staging.stg_retail_transaction [success]
02:37:23.462825 [info ]: Finished rendering [  0.00s] (2 nodes, 0 skipped, 0 errors)
02:37:23.462843 [debug]: Started analyzing model ga4_data_staging.stg_retail_transaction
02:37:23.463044 [debug]: Finished analyzing [  0.00s] model ga4_data_staging.stg_retail_transaction [success]
02:37:23.463057 [info ]:  Succeeded [  0.00s] model ga4_data_staging.stg_retail_transaction (view)
02:37:23.464022 [debug]: Finished analyzing [  0.00s] model ga4_data_intermediate.int_customer_metrics [success]
02:37:23.464046 [info ]: Finished analyzing [  0.00s] (2 nodes, 0 skipped, 0 errors)
02:37:23.464054 [info ]:  Succeeded [  0.00s] model ga4_data_intermediate.int_customer_metrics (table)
02:37:23.466855 [info ]: Started scheduling
02:37:23.466913 [info ]: Finished scheduling [  0.00s]
02:37:23.468676 [info ]: Cached model count updated: 2 models (accurate)
02:48:05.493546 [info ]: Started loading project
02:48:05.495498 [info ]: Loading ~/.dbt/profiles.yml
02:48:05.502777 [info ]: Started loading project
02:48:05.503684 [info ]: Loading ~/.dbt/profiles.yml
02:48:05.503790 [info ]: Finished loading project [  0.01s]
02:48:05.508974 [debug]:    Started loading packages
02:48:05.511681 [debug]:     Loaded [  0.00s] packages
02:48:05.512647 [info ]: Started parsing
02:48:05.548868 [info ]: Finished loading project [  0.05s]
02:48:05.551448 [debug]: Finished parsing models\schema.yml [  0.00s]
02:48:05.552830 [debug]: Finished parsing models\sources.yml [  0.00s]
02:48:05.556888 [debug]: Finished parsing models\intermediate\int_customer_metrics.sql [  0.00s]
02:48:05.558060 [debug]: Finished parsing models\marts\marts_analytics.sql [  0.00s]
02:48:05.562607 [debug]: Finished parsing models\staging\stg_retail_transaction.sql [  0.00s]
02:48:05.564932 [info ]: Finished parsing [  0.05s]
02:48:05.570328 [info ]: DOWNLOADING deferral manifest
02:48:06.250230 [warn ]: dbt1203: Failed to download deferral manifest from the dbt platform for project 70471823559476, continuing without deferral. 404 Not Found: No deferral environment defined for project with ID 70471823559476 To target a specific environment, set `defer-env-id` in your dbt_project.yml under the `dbt-cloud` block.
02:48:06.252403 [info ]: Cached model count updated: 3 models (estimate)
02:48:06.252449 [info ]: Cached model count updated: 3 models (accurate)
02:48:06.252659 [info ]: Started scheduling
02:48:06.252805 [info ]: Finished scheduling [  0.00s]
02:48:06.252842 [debug]: Compilation - 0 nodes selected: {}
02:48:06.252875 [warn ]: dbt1092: The selection criterion '' does not match any enabled nodes
02:48:06.252891 [warn ]: dbt1601: Nothing to do. Try checking your model configs and model specification args
02:48:06.252910 [info ]: Started scheduling
02:48:06.253016 [info ]: Finished scheduling [  0.00s]
02:48:06.253105 [debug]: Initializing schema store with entry: Frontier(CanonicalFqn { catalog: "ga4-project-496021", schema: "ga4_data", table: "retail_online_raw" }) and interval: None
02:48:06.254998 [info ]: DOWNLOADING deferral manifest
02:48:06.647019 [warn ]: dbt1203: Failed to download deferral manifest from the dbt platform for project 70471823559476, continuing without deferral. 404 Not Found: No deferral environment defined for project with ID 70471823559476 To target a specific environment, set `defer-env-id` in your dbt_project.yml under the `dbt-cloud` block.
02:48:06.829187 [info ]: Started building task graph
02:48:06.829247 [info ]: Finished building task graph [  0.00s]
02:48:06.832469 [info ]: Started scheduling
02:48:06.832585 [info ]: Finished scheduling [  0.00s]
02:48:06.836707 [info ]: Cached model count updated: 3 models (accurate)
02:48:08.418418 [info ]: Started loading project
02:48:08.420188 [info ]: Loading ~/.dbt/profiles.yml
02:48:08.459647 [info ]: Cached model count updated: 3 models (estimate)
02:48:08.459676 [info ]: Cached model count updated: 3 models (accurate)
02:48:08.459707 [info ]: Started scheduling
02:48:08.459818 [info ]: Finished scheduling [  0.00s]
02:48:08.459837 [debug]: Compilation - 2 nodes selected: {"model.retail_ecommerce_dbt.int_customer_metrics", "model.retail_ecommerce_dbt.stg_retail_transaction"}
02:48:08.460847 [info ]: DOWNLOADING deferral manifest
02:48:08.460931 [info ]: Finished loading project [  0.04s]
02:48:09.010009 [warn ]: dbt1203: Failed to download deferral manifest from the dbt platform for project 70471823559476, continuing without deferral. 404 Not Found: No deferral environment defined for project with ID 70471823559476 To target a specific environment, set `defer-env-id` in your dbt_project.yml under the `dbt-cloud` block.
02:48:09.014911 [info ]: Cached model count updated: 3 models (accurate)
02:48:09.015670 [info ]: Waiting for lease on 'target' directory
02:48:09.476897 [info ]: Started loading project
02:48:09.477872 [info ]: Loading ~/.dbt/profiles.yml
02:48:09.485728 [info ]: Started parsing
02:48:09.506681 [info ]: Finished loading project [  0.03s]
02:48:09.522927 [debug]: Finished parsing models\marts\marts_analytics.sql [  0.01s]
02:48:09.524277 [info ]: Finished parsing [  0.04s]
02:48:09.529660 [info ]: DOWNLOADING deferral manifest
02:48:09.906144 [warn ]: dbt1203: Failed to download deferral manifest from the dbt platform for project 70471823559476, continuing without deferral. 404 Not Found: No deferral environment defined for project with ID 70471823559476 To target a specific environment, set `defer-env-id` in your dbt_project.yml under the `dbt-cloud` block.
02:48:09.907419 [info ]: Cached model count updated: 3 models (estimate)
02:48:09.907452 [info ]: Cached model count updated: 3 models (accurate)
02:48:09.907505 [info ]: Started scheduling
02:48:09.907638 [info ]: Finished scheduling [  0.00s]
02:48:09.907665 [debug]: Compilation - 3 nodes selected: {"model.retail_ecommerce_dbt.int_customer_metrics", "model.retail_ecommerce_dbt.marts_analytics", "model.retail_ecommerce_dbt.stg_retail_transaction"}
02:48:09.908904 [info ]: DOWNLOADING deferral manifest
02:48:10.291724 [warn ]: dbt1203: Failed to download deferral manifest from the dbt platform for project 70471823559476, continuing without deferral. 404 Not Found: No deferral environment defined for project with ID 70471823559476 To target a specific environment, set `defer-env-id` in your dbt_project.yml under the `dbt-cloud` block.
02:48:10.537760 [info ]: Started building task graph
02:48:10.537858 [info ]: Finished building task graph [  0.00s]
02:48:10.538125 [info ]: Started rendering (3 nodes)
02:48:10.538174 [info ]: Started model ga4_data_marts.marts_analytics
02:48:10.538207 [debug]: Started rendering model ga4_data_marts.marts_analytics
02:48:10.538263 [info ]: Started model ga4_data_intermediate.int_customer_metrics
02:48:10.538278 [debug]: Started rendering model ga4_data_intermediate.int_customer_metrics
02:48:10.538297 [info ]: Started model ga4_data_staging.stg_retail_transaction
02:48:10.538315 [debug]: Started rendering model ga4_data_staging.stg_retail_transaction
02:48:10.542916 [debug]: Compiled SQL for node model.retail_ecommerce_dbt.stg_retail_transaction at target\.lsp\compiled\retail_ecommerce_dbt\models\staging\stg_retail_transaction.sql
02:48:10.543212 [debug]: Finished rendering [  0.00s] model ga4_data_staging.stg_retail_transaction [success]
02:48:10.543307 [info ]: Started analyzing (3 nodes)
02:48:10.543334 [debug]: Started analyzing model ga4_data_staging.stg_retail_transaction
02:48:10.543593 [debug]: Compiled SQL for node model.retail_ecommerce_dbt.int_customer_metrics at target\.lsp\compiled\retail_ecommerce_dbt\models\intermediate\int_customer_metrics.sql
02:48:10.543875 [debug]: Finished rendering [  0.01s] model ga4_data_intermediate.int_customer_metrics [success]
02:48:10.544279 [debug]: Started analyzing model ga4_data_intermediate.int_customer_metrics
02:48:10.544354 [debug]: Compiled SQL for node model.retail_ecommerce_dbt.marts_analytics at target\.lsp\compiled\retail_ecommerce_dbt\models\marts\marts_analytics.sql
02:48:10.545007 [debug]: Finished analyzing [  0.00s] model ga4_data_staging.stg_retail_transaction [success]
02:48:10.545079 [info ]:  Succeeded [  0.01s] model ga4_data_staging.stg_retail_transaction (view)
02:48:10.545156 [debug]: Finished rendering [  0.01s] model ga4_data_marts.marts_analytics [success]
02:48:10.545180 [info ]: Finished rendering [  0.01s] (3 nodes, 0 skipped, 0 errors)
02:48:10.545220 [debug]: Started analyzing model ga4_data_marts.marts_analytics
02:48:10.548001 [debug]: Finished analyzing [  0.00s] model ga4_data_intermediate.int_customer_metrics [success]
02:48:10.548112 [info ]:  Succeeded [  0.01s] model ga4_data_intermediate.int_customer_metrics (table)
02:48:10.558373 [debug]: Finished analyzing [  0.01s] model ga4_data_marts.marts_analytics [success]
02:48:10.558442 [info ]: Finished analyzing [  0.02s] (3 nodes, 0 skipped, 0 errors)
02:48:10.558466 [info ]:  Succeeded [  0.02s] model ga4_data_marts.marts_analytics (table)
02:48:10.562510 [info ]: Started scheduling
02:48:10.562615 [info ]: Finished scheduling [  0.00s]
02:48:10.563566 [info ]: Cached model count updated: 3 models (accurate)
02:48:12.140657 [info ]: Started loading project
02:48:12.143142 [info ]: Loading ~/.dbt/profiles.yml
02:48:12.173241 [info ]: Cached model count updated: 3 models (estimate)
02:48:12.173270 [info ]: Cached model count updated: 3 models (accurate)
02:48:12.173309 [info ]: Started scheduling
02:48:12.173393 [info ]: Finished scheduling [  0.00s]
02:48:12.173414 [debug]: Compilation - 3 nodes selected: {"model.retail_ecommerce_dbt.int_customer_metrics", "model.retail_ecommerce_dbt.marts_analytics", "model.retail_ecommerce_dbt.stg_retail_transaction"}
02:48:12.174530 [info ]: DOWNLOADING deferral manifest
02:48:12.174623 [info ]: Finished loading project [  0.03s]
02:48:12.552313 [warn ]: dbt1203: Failed to download deferral manifest from the dbt platform for project 70471823559476, continuing without deferral. 404 Not Found: No deferral environment defined for project with ID 70471823559476 To target a specific environment, set `defer-env-id` in your dbt_project.yml under the `dbt-cloud` block.
02:48:12.767929 [info ]: Started building task graph
02:48:12.768012 [info ]: Finished building task graph [  0.00s]
02:48:12.768172 [info ]: Started rendering (3 nodes)
02:48:12.768195 [info ]: Started model ga4_data_marts.marts_analytics
02:48:12.768212 [debug]: Started rendering model ga4_data_marts.marts_analytics
02:48:12.768241 [info ]: Started model ga4_data_intermediate.int_customer_metrics
02:48:12.768251 [debug]: Started rendering model ga4_data_intermediate.int_customer_metrics
02:48:12.768268 [info ]: Started model ga4_data_staging.stg_retail_transaction
02:48:12.768299 [debug]: Started rendering model ga4_data_staging.stg_retail_transaction
02:48:12.768801 [debug]: Compiled SQL for node model.retail_ecommerce_dbt.stg_retail_transaction at target\.lsp\compiled\retail_ecommerce_dbt\models\staging\stg_retail_transaction.sql
02:48:12.768800 [debug]: Compiled SQL for node model.retail_ecommerce_dbt.marts_analytics at target\.lsp\compiled\retail_ecommerce_dbt\models\marts\marts_analytics.sql
02:48:12.768883 [debug]: Finished rendering [  0.00s] model ga4_data_marts.marts_analytics [success]
02:48:12.768925 [debug]: Compiled SQL for node model.retail_ecommerce_dbt.int_customer_metrics at target\.lsp\compiled\retail_ecommerce_dbt\models\intermediate\int_customer_metrics.sql
02:48:12.768943 [info ]: Started analyzing (3 nodes)
02:48:12.768967 [debug]: Started analyzing model ga4_data_marts.marts_analytics
02:48:12.769002 [debug]: Finished rendering [  0.00s] model ga4_data_staging.stg_retail_transaction [success]
02:48:12.769028 [debug]: Started analyzing model ga4_data_staging.stg_retail_transaction
02:48:12.769057 [debug]: Finished rendering [  0.00s] model ga4_data_intermediate.int_customer_metrics [success]
02:48:12.769077 [info ]: Finished rendering [  0.00s] (3 nodes, 0 skipped, 0 errors)
02:48:12.769091 [debug]: Started analyzing model ga4_data_intermediate.int_customer_metrics
02:48:12.769399 [debug]: Finished analyzing [  0.00s] model ga4_data_staging.stg_retail_transaction [success]
02:48:12.769466 [info ]:  Succeeded [-------] model ga4_data_staging.stg_retail_transaction (view)
02:48:12.769552 [debug]: Finished analyzing [  0.00s] model ga4_data_marts.marts_analytics [success]
02:48:12.769575 [info ]:  Succeeded [-------] model ga4_data_marts.marts_analytics (table)
02:48:12.770286 [debug]: Finished analyzing [  0.00s] model ga4_data_intermediate.int_customer_metrics [success]
02:48:12.770310 [info ]: Finished analyzing [  0.00s] (3 nodes, 0 skipped, 0 errors)
02:48:12.770318 [info ]:  Succeeded [  0.00s] model ga4_data_intermediate.int_customer_metrics (table)
02:48:12.774009 [info ]: Started scheduling
02:48:12.774089 [info ]: Finished scheduling [  0.00s]
02:48:12.776141 [info ]: Cached model count updated: 3 models (accurate)
02:48:14.366294 [info ]: Started loading project
02:48:14.368245 [info ]: Loading ~/.dbt/profiles.yml
02:48:14.406975 [info ]: Cached model count updated: 3 models (estimate)
02:48:14.407004 [info ]: Cached model count updated: 3 models (accurate)
02:48:14.407035 [info ]: Started scheduling
02:48:14.407104 [info ]: Finished scheduling [  0.00s]
02:48:14.407118 [debug]: Compilation - 3 nodes selected: {"model.retail_ecommerce_dbt.int_customer_metrics", "model.retail_ecommerce_dbt.marts_analytics", "model.retail_ecommerce_dbt.stg_retail_transaction"}
02:48:14.408069 [info ]: DOWNLOADING deferral manifest
02:48:14.408237 [info ]: Finished loading project [  0.04s]
02:48:14.781345 [warn ]: dbt1203: Failed to download deferral manifest from the dbt platform for project 70471823559476, continuing without deferral. 404 Not Found: No deferral environment defined for project with ID 70471823559476 To target a specific environment, set `defer-env-id` in your dbt_project.yml under the `dbt-cloud` block.
02:48:14.987257 [info ]: Started building task graph
02:48:14.987329 [info ]: Finished building task graph [  0.00s]
02:48:14.987470 [info ]: Started rendering (3 nodes)
02:48:14.987492 [info ]: Started model ga4_data_marts.marts_analytics
02:48:14.987507 [debug]: Started rendering model ga4_data_marts.marts_analytics
02:48:14.987534 [info ]: Started model ga4_data_intermediate.int_customer_metrics
02:48:14.987544 [debug]: Started rendering model ga4_data_intermediate.int_customer_metrics
02:48:14.987555 [info ]: Started model ga4_data_staging.stg_retail_transaction
02:48:14.987560 [debug]: Started rendering model ga4_data_staging.stg_retail_transaction
02:48:14.988079 [debug]: Compiled SQL for node model.retail_ecommerce_dbt.stg_retail_transaction at target\.lsp\compiled\retail_ecommerce_dbt\models\staging\stg_retail_transaction.sql
02:48:14.988083 [debug]: Compiled SQL for node model.retail_ecommerce_dbt.int_customer_metrics at target\.lsp\compiled\retail_ecommerce_dbt\models\intermediate\int_customer_metrics.sql
02:48:14.988165 [debug]: Compiled SQL for node model.retail_ecommerce_dbt.marts_analytics at target\.lsp\compiled\retail_ecommerce_dbt\models\marts\marts_analytics.sql
02:48:14.988166 [debug]: Finished rendering [  0.00s] model ga4_data_staging.stg_retail_transaction [success]
02:48:14.988203 [info ]: Started analyzing (3 nodes)
02:48:14.988239 [debug]: Started analyzing model ga4_data_staging.stg_retail_transaction
02:48:14.988304 [debug]: Finished rendering [  0.00s] model ga4_data_intermediate.int_customer_metrics [success]
02:48:14.988340 [debug]: Started analyzing model ga4_data_intermediate.int_customer_metrics
02:48:14.988380 [debug]: Finished rendering [  0.00s] model ga4_data_marts.marts_analytics [success]
02:48:14.988398 [info ]: Finished rendering [  0.00s] (3 nodes, 0 skipped, 0 errors)
02:48:14.988413 [debug]: Started analyzing model ga4_data_marts.marts_analytics
02:48:14.988853 [debug]: Finished analyzing [  0.00s] model ga4_data_staging.stg_retail_transaction [success]
02:48:14.988899 [info ]:  Succeeded [-------] model ga4_data_staging.stg_retail_transaction (view)
02:48:14.989464 [debug]: Finished analyzing [  0.00s] model ga4_data_marts.marts_analytics [success]
02:48:14.989505 [info ]:  Succeeded [  0.00s] model ga4_data_marts.marts_analytics (table)
02:48:14.990756 [debug]: Finished analyzing [  0.00s] model ga4_data_intermediate.int_customer_metrics [success]
02:48:14.990783 [info ]: Finished analyzing [  0.00s] (3 nodes, 0 skipped, 0 errors)
02:48:14.990791 [info ]:  Succeeded [  0.00s] model ga4_data_intermediate.int_customer_metrics (table)
02:48:14.994304 [info ]: Started scheduling
02:48:14.994368 [info ]: Finished scheduling [  0.00s]
02:48:14.995695 [info ]: Cached model count updated: 3 models (accurate)
03:39:03.714827 [info ]: Started loading project
03:39:03.746351 [info ]: Loading ~/.dbt/profiles.yml
03:39:03.800901 [info ]: Started parsing
03:39:03.838785 [info ]: Finished loading project [  0.12s]
03:39:03.853419 [debug]: Finished parsing models\marts\marts_analytics.sql [  0.01s]
03:39:03.857755 [info ]: Finished parsing [  0.06s]
03:39:03.867383 [info ]: DOWNLOADING deferral manifest
03:39:04.947765 [warn ]: dbt1203: Failed to download deferral manifest from the dbt platform for project 70471823559476, continuing without deferral. 404 Not Found: No deferral environment defined for project with ID 70471823559476 To target a specific environment, set `defer-env-id` in your dbt_project.yml under the `dbt-cloud` block.
03:39:04.952170 [info ]: Cached model count updated: 3 models (estimate)
03:39:04.952241 [info ]: Cached model count updated: 3 models (accurate)
03:39:04.952405 [info ]: Started scheduling
03:39:04.952870 [info ]: Finished scheduling [  0.00s]
03:39:04.952946 [debug]: Compilation - 3 nodes selected: {"model.retail_ecommerce_dbt.int_customer_metrics", "model.retail_ecommerce_dbt.marts_analytics", "model.retail_ecommerce_dbt.stg_retail_transaction"}
03:39:04.959817 [info ]: DOWNLOADING deferral manifest
03:39:05.345403 [warn ]: dbt1203: Failed to download deferral manifest from the dbt platform for project 70471823559476, continuing without deferral. 404 Not Found: No deferral environment defined for project with ID 70471823559476 To target a specific environment, set `defer-env-id` in your dbt_project.yml under the `dbt-cloud` block.
03:39:05.608115 [info ]: Started building task graph
03:39:05.608211 [info ]: Finished building task graph [  0.00s]
03:39:05.608394 [info ]: Started rendering (3 nodes)
03:39:05.608424 [info ]: Started model ga4_data_marts.marts_analytics
03:39:05.608443 [debug]: Started rendering model ga4_data_marts.marts_analytics
03:39:05.608474 [info ]: Started model ga4_data_intermediate.int_customer_metrics
03:39:05.608485 [debug]: Started rendering model ga4_data_intermediate.int_customer_metrics
03:39:05.608497 [info ]: Started model ga4_data_staging.stg_retail_transaction
03:39:05.608504 [debug]: Started rendering model ga4_data_staging.stg_retail_transaction
03:39:05.614609 [debug]: Compiled SQL for node model.retail_ecommerce_dbt.marts_analytics at target\.lsp\compiled\retail_ecommerce_dbt\models\marts\marts_analytics.sql
03:39:05.614858 [debug]: Finished rendering [  0.01s] model ga4_data_marts.marts_analytics [success]
03:39:05.614929 [info ]: Started analyzing (3 nodes)
03:39:05.614950 [debug]: Started analyzing model ga4_data_marts.marts_analytics
03:39:05.616440 [debug]: Finished analyzing [  0.00s] model ga4_data_marts.marts_analytics [success]
03:39:05.616560 [info ]:  Succeeded [  0.01s] model ga4_data_marts.marts_analytics (table)
03:39:05.653616 [debug]: Compiled SQL for node model.retail_ecommerce_dbt.int_customer_metrics at target\.lsp\compiled\retail_ecommerce_dbt\models\intermediate\int_customer_metrics.sql
03:39:05.653897 [debug]: Finished rendering [  0.05s] model ga4_data_intermediate.int_customer_metrics [success]
03:39:05.654012 [debug]: Started analyzing model ga4_data_intermediate.int_customer_metrics
03:39:05.656351 [debug]: Finished analyzing [  0.00s] model ga4_data_intermediate.int_customer_metrics [success]
03:39:05.656413 [info ]:  Succeeded [  0.05s] model ga4_data_intermediate.int_customer_metrics (table)
==================== 2026-05-20T16:36:37.663419Z | 0d345c8a-a56c-41e4-af2e-503ff781dac1 ====================
16:36:37.664593 [info ]: Starting dbt LSP server
16:36:37.664700 [info ]: Connecting to LSP client on port 8000
16:36:37.670992 [info ]: Successfully connected to LSP client
16:36:37.671035 [info ]: Creating LSP service...
16:36:37.892639 [info ]: Creating LSP server...
16:36:37.892684 [info ]: Starting LSP server...
16:36:38.223667 [info ]: Loading ~/.dbt/profiles.yml
16:36:38.459897 [info ]: Started loading project
16:36:38.462930 [info ]: Loading ~/.dbt/profiles.yml
16:36:38.482376 [debug]:    Started loading packages
16:36:38.496706 [debug]:     Loaded [  0.01s] packages
16:36:38.517682 [info ]: Started parsing
16:36:38.613879 [info ]: Finished loading project [  0.15s]
16:36:38.644777 [debug]: Finished parsing models\schema.yml [  0.02s]
16:36:38.657816 [debug]: Finished parsing models\sources.yml [  0.01s]
16:36:38.689309 [debug]: Finished parsing models\intermediate\int_customer_metrics.sql [  0.02s]
16:36:38.690301 [debug]: Finished parsing models\marts\marts_analytics.sql [  0.00s]
16:36:38.699771 [debug]: Finished parsing models\staging\stg_retail_transaction.sql [  0.01s]
16:36:38.707634 [info ]: Finished parsing [  0.19s]
16:36:38.716458 [info ]: DOWNLOADING deferral manifest
16:36:39.119794 [warn ]: dbt1203: Failed to download deferral manifest from the dbt platform for project 70471823559476, continuing without deferral. 404 Not Found: No deferral environment defined for project with ID 70471823559476 To target a specific environment, set `defer-env-id` in your dbt_project.yml under the `dbt-cloud` block.
16:36:39.122259 [info ]: Cached model count updated: 3 models (estimate)
16:36:39.122284 [info ]: Cached model count updated: 3 models (accurate)
16:36:39.125976 [info ]: Started scheduling
16:36:39.131827 [info ]: Finished scheduling [  0.01s]
16:36:39.132321 [debug]: Compilation - 3 nodes selected: {"model.retail_ecommerce_dbt.int_customer_metrics", "model.retail_ecommerce_dbt.marts_analytics", "model.retail_ecommerce_dbt.stg_retail_transaction"}
16:36:39.132667 [info ]: Started scheduling
16:36:39.132884 [info ]: Finished scheduling [  0.00s]
16:36:39.137257 [debug]: Initializing schema store with entry: Frontier(CanonicalFqn { catalog: "ga4-project-496021", schema: "ga4_data", table: "retail_online_raw" }) and interval: None
16:36:39.142466 [info ]: DOWNLOADING deferral manifest
16:36:39.595466 [warn ]: dbt1203: Failed to download deferral manifest from the dbt platform for project 70471823559476, continuing without deferral. 404 Not Found: No deferral environment defined for project with ID 70471823559476 To target a specific environment, set `defer-env-id` in your dbt_project.yml under the `dbt-cloud` block.
16:36:39.816109 [info ]: Started building task graph
16:36:39.821095 [info ]: Finished building task graph [  0.00s]
16:36:39.827617 [info ]: Started rendering (3 nodes)
16:36:39.829036 [info ]: Started model ga4_data_marts.marts_analytics
16:36:39.829885 [debug]: Started rendering model ga4_data_marts.marts_analytics
16:36:39.830515 [info ]: Started model ga4_data_intermediate.int_customer_metrics
16:36:39.830558 [debug]: Started rendering model ga4_data_intermediate.int_customer_metrics
16:36:39.830599 [info ]: Started model ga4_data_staging.stg_retail_transaction
16:36:39.830620 [debug]: Started rendering model ga4_data_staging.stg_retail_transaction
16:36:39.841954 [debug]: Compiled SQL for node model.retail_ecommerce_dbt.stg_retail_transaction at target\.lsp\compiled\retail_ecommerce_dbt\models\staging\stg_retail_transaction.sql
16:36:39.842134 [debug]: Compiled SQL for node model.retail_ecommerce_dbt.int_customer_metrics at target\.lsp\compiled\retail_ecommerce_dbt\models\intermediate\int_customer_metrics.sql
16:36:39.842617 [debug]: Compiled SQL for node model.retail_ecommerce_dbt.marts_analytics at target\.lsp\compiled\retail_ecommerce_dbt\models\marts\marts_analytics.sql
16:36:39.845297 [debug]: Finished rendering [  0.01s] model ga4_data_staging.stg_retail_transaction [success]
16:36:39.845565 [info ]: Started analyzing (3 nodes)
16:36:39.845598 [debug]: Started analyzing model ga4_data_staging.stg_retail_transaction
16:36:39.845650 [debug]: Finished rendering [  0.02s] model ga4_data_marts.marts_analytics [success]
16:36:39.845672 [debug]: Started analyzing model ga4_data_marts.marts_analytics
16:36:39.845696 [debug]: Finished rendering [  0.02s] model ga4_data_intermediate.int_customer_metrics [success]
16:36:39.845705 [info ]: Finished rendering [  0.02s] (3 nodes, 0 skipped, 0 errors)
16:36:39.845718 [debug]: Started analyzing model ga4_data_intermediate.int_customer_metrics
16:36:39.880121 [debug]: Finished analyzing [  0.03s] model ga4_data_staging.stg_retail_transaction [success]
16:36:39.880156 [info ]:  Succeeded [  0.05s] model ga4_data_staging.stg_retail_transaction (view)
16:36:39.880379 [debug]: Finished analyzing [  0.03s] model ga4_data_marts.marts_analytics [success]
16:36:39.880397 [info ]:  Succeeded [  0.05s] model ga4_data_marts.marts_analytics (table)
16:36:39.883339 [debug]: Finished analyzing [  0.04s] model ga4_data_intermediate.int_customer_metrics [success]
16:36:39.883391 [info ]: Finished analyzing [  0.04s] (3 nodes, 0 skipped, 0 errors)
16:36:39.883414 [info ]:  Succeeded [  0.05s] model ga4_data_intermediate.int_customer_metrics (table)
16:36:39.892311 [info ]: Started scheduling
16:36:39.892370 [info ]: Finished scheduling [  0.00s]
16:36:39.893177 [info ]: Cached model count updated: 3 models (accurate)
16:36:41.480845 [info ]: Started loading project
16:36:41.483443 [info ]: Loading ~/.dbt/profiles.yml
16:36:41.545265 [info ]: Cached model count updated: 3 models (estimate)
16:36:41.545310 [info ]: Cached model count updated: 3 models (accurate)
16:36:41.545372 [info ]: Started scheduling
16:36:41.545491 [info ]: Finished scheduling [  0.00s]
16:36:41.545524 [debug]: Compilation - 3 nodes selected: {"model.retail_ecommerce_dbt.int_customer_metrics", "model.retail_ecommerce_dbt.marts_analytics", "model.retail_ecommerce_dbt.stg_retail_transaction"}
16:36:41.547905 [info ]: DOWNLOADING deferral manifest
16:36:41.548043 [info ]: Finished loading project [  0.07s]
16:36:41.961837 [warn ]: dbt1203: Failed to download deferral manifest from the dbt platform for project 70471823559476, continuing without deferral. 404 Not Found: No deferral environment defined for project with ID 70471823559476 To target a specific environment, set `defer-env-id` in your dbt_project.yml under the `dbt-cloud` block.
16:36:42.318135 [info ]: Started building task graph
16:36:42.318235 [info ]: Finished building task graph [  0.00s]
16:36:42.318466 [info ]: Started rendering (3 nodes)
16:36:42.318776 [info ]: Started model ga4_data_marts.marts_analytics
16:36:42.318824 [debug]: Started rendering model ga4_data_marts.marts_analytics
16:36:42.318966 [info ]: Started model ga4_data_intermediate.int_customer_metrics
16:36:42.318989 [debug]: Started rendering model ga4_data_intermediate.int_customer_metrics
16:36:42.319014 [info ]: Started model ga4_data_staging.stg_retail_transaction
16:36:42.319031 [debug]: Started rendering model ga4_data_staging.stg_retail_transaction
16:36:42.320833 [debug]: Compiled SQL for node model.retail_ecommerce_dbt.int_customer_metrics at target\.lsp\compiled\retail_ecommerce_dbt\models\intermediate\int_customer_metrics.sql
16:36:42.320945 [debug]: Finished rendering [  0.00s] model ga4_data_intermediate.int_customer_metrics [success]
16:36:42.321003 [info ]: Started analyzing (3 nodes)
16:36:42.321022 [debug]: Started analyzing model ga4_data_intermediate.int_customer_metrics
16:36:42.321344 [debug]: Compiled SQL for node model.retail_ecommerce_dbt.marts_analytics at target\.lsp\compiled\retail_ecommerce_dbt\models\marts\marts_analytics.sql
16:36:42.321433 [debug]: Compiled SQL for node model.retail_ecommerce_dbt.stg_retail_transaction at target\.lsp\compiled\retail_ecommerce_dbt\models\staging\stg_retail_transaction.sql
16:36:42.322926 [debug]: Finished analyzing [  0.00s] model ga4_data_intermediate.int_customer_metrics [success]
16:36:42.322964 [info ]:  Succeeded [  0.00s] model ga4_data_intermediate.int_customer_metrics (table)
16:36:42.323037 [debug]: Finished rendering [  0.00s] model ga4_data_marts.marts_analytics [success]
16:36:42.323067 [debug]: Started analyzing model ga4_data_marts.marts_analytics
16:36:42.323352 [debug]: Finished rendering [  0.00s] model ga4_data_staging.stg_retail_transaction [success]
16:36:42.323383 [info ]: Finished rendering [  0.00s] (3 nodes, 0 skipped, 0 errors)
16:36:42.323409 [debug]: Started analyzing model ga4_data_staging.stg_retail_transaction
16:36:42.323667 [debug]: Finished analyzing [  0.00s] model ga4_data_marts.marts_analytics [success]
16:36:42.323700 [info ]:  Succeeded [  0.00s] model ga4_data_marts.marts_analytics (table)
16:36:42.323732 [debug]: Finished analyzing [  0.00s] model ga4_data_staging.stg_retail_transaction [success]
16:36:42.323749 [info ]: Finished analyzing [  0.00s] (3 nodes, 0 skipped, 0 errors)
16:36:42.323758 [info ]:  Succeeded [  0.00s] model ga4_data_staging.stg_retail_transaction (view)
16:36:42.334802 [info ]: Started scheduling
16:36:42.335253 [info ]: Finished scheduling [  0.00s]
16:36:42.340470 [info ]: Cached model count updated: 3 models (accurate)
16:36:43.957985 [info ]: Started loading project
16:36:43.961510 [info ]: Loading ~/.dbt/profiles.yml
16:36:44.017195 [info ]: Cached model count updated: 3 models (estimate)
16:36:44.017240 [info ]: Cached model count updated: 3 models (accurate)
16:36:44.017283 [info ]: Started scheduling
16:36:44.017373 [info ]: Finished scheduling [  0.00s]
16:36:44.017405 [debug]: Compilation - 3 nodes selected: {"model.retail_ecommerce_dbt.int_customer_metrics", "model.retail_ecommerce_dbt.marts_analytics", "model.retail_ecommerce_dbt.stg_retail_transaction"}
16:36:44.019151 [info ]: DOWNLOADING deferral manifest
16:36:44.019296 [info ]: Finished loading project [  0.06s]
16:36:44.584260 [warn ]: dbt1203: Failed to download deferral manifest from the dbt platform for project 70471823559476, continuing without deferral. 404 Not Found: No deferral environment defined for project with ID 70471823559476 To target a specific environment, set `defer-env-id` in your dbt_project.yml under the `dbt-cloud` block.
16:36:44.978541 [info ]: Started building task graph
16:36:44.978648 [info ]: Finished building task graph [  0.00s]
16:36:44.980778 [info ]: Started rendering (3 nodes)
16:36:44.980832 [info ]: Started model ga4_data_marts.marts_analytics
16:36:44.980850 [debug]: Started rendering model ga4_data_marts.marts_analytics
16:36:44.980907 [info ]: Started model ga4_data_intermediate.int_customer_metrics
16:36:44.980929 [debug]: Started rendering model ga4_data_intermediate.int_customer_metrics
16:36:44.980949 [info ]: Started model ga4_data_staging.stg_retail_transaction
16:36:44.980963 [debug]: Started rendering model ga4_data_staging.stg_retail_transaction
16:36:44.981795 [debug]: Compiled SQL for node model.retail_ecommerce_dbt.int_customer_metrics at target\.lsp\compiled\retail_ecommerce_dbt\models\intermediate\int_customer_metrics.sql
16:36:44.981819 [debug]: Compiled SQL for node model.retail_ecommerce_dbt.marts_analytics at target\.lsp\compiled\retail_ecommerce_dbt\models\marts\marts_analytics.sql
16:36:44.981944 [debug]: Finished rendering [  0.00s] model ga4_data_intermediate.int_customer_metrics [success]
16:36:44.982407 [info ]: Started analyzing (3 nodes)
16:36:44.982426 [debug]: Started analyzing model ga4_data_intermediate.int_customer_metrics
16:36:44.982475 [debug]: Finished rendering [  0.00s] model ga4_data_marts.marts_analytics [success]
16:36:44.982500 [debug]: Started analyzing model ga4_data_marts.marts_analytics
16:36:44.983036 [debug]: Compiled SQL for node model.retail_ecommerce_dbt.stg_retail_transaction at target\.lsp\compiled\retail_ecommerce_dbt\models\staging\stg_retail_transaction.sql
16:36:44.983162 [debug]: Finished rendering [  0.00s] model ga4_data_staging.stg_retail_transaction [success]
16:36:44.983185 [info ]: Finished rendering [  0.00s] (3 nodes, 0 skipped, 0 errors)
16:36:44.983209 [debug]: Started analyzing model ga4_data_staging.stg_retail_transaction
16:36:44.983428 [debug]: Finished analyzing [  0.00s] model ga4_data_marts.marts_analytics [success]
16:36:44.983467 [info ]:  Succeeded [  0.00s] model ga4_data_marts.marts_analytics (table)
16:36:44.983506 [debug]: Finished analyzing [  0.00s] model ga4_data_staging.stg_retail_transaction [success]
16:36:44.983521 [info ]:  Succeeded [  0.00s] model ga4_data_staging.stg_retail_transaction (view)
16:36:44.984699 [debug]: Finished analyzing [  0.00s] model ga4_data_intermediate.int_customer_metrics [success]
16:36:44.984745 [info ]: Finished analyzing [  0.00s] (3 nodes, 0 skipped, 0 errors)
16:36:44.984763 [info ]:  Succeeded [  0.00s] model ga4_data_intermediate.int_customer_metrics (table)
16:36:44.991452 [info ]: Started scheduling
16:36:44.991533 [info ]: Finished scheduling [  0.00s]
16:36:44.995155 [info ]: Cached model count updated: 3 models (accurate)
16:54:30.517548 [info ]: Started loading project
16:54:30.538229 [info ]: Loading ~/.dbt/profiles.yml
16:54:30.605704 [info ]: Finished loading project [  0.09s]
16:54:30.606354 [info ]: Cached model count updated: 3 models (accurate)
16:54:32.173040 [info ]: Started loading project
16:54:32.183650 [info ]: Loading ~/.dbt/profiles.yml
16:54:32.219521 [info ]: Cached model count updated: 3 models (estimate)
16:54:32.219551 [info ]: Cached model count updated: 3 models (accurate)
16:54:32.219590 [info ]: Started scheduling
16:54:32.219676 [info ]: Finished scheduling [  0.00s]
16:54:32.219693 [debug]: Compilation - 3 nodes selected: {"model.retail_ecommerce_dbt.int_customer_metrics", "model.retail_ecommerce_dbt.marts_analytics", "model.retail_ecommerce_dbt.stg_retail_transaction"}
16:54:32.220963 [info ]: DOWNLOADING deferral manifest
16:54:32.221134 [info ]: Finished loading project [  0.05s]
16:54:33.233570 [warn ]: dbt1203: Failed to download deferral manifest from the dbt platform for project 70471823559476, continuing without deferral. 404 Not Found: No deferral environment defined for project with ID 70471823559476 To target a specific environment, set `defer-env-id` in your dbt_project.yml under the `dbt-cloud` block.
16:54:33.424751 [info ]: Started building task graph
16:54:33.424825 [info ]: Finished building task graph [  0.00s]
16:54:33.424985 [info ]: Started rendering (3 nodes)
16:54:33.425009 [info ]: Started model ga4_data_marts.marts_analytics
16:54:33.425026 [debug]: Started rendering model ga4_data_marts.marts_analytics
16:54:33.425053 [info ]: Started model ga4_data_intermediate.int_customer_metrics
16:54:33.425063 [debug]: Started rendering model ga4_data_intermediate.int_customer_metrics
16:54:33.425074 [info ]: Started model ga4_data_staging.stg_retail_transaction
16:54:33.425081 [debug]: Started rendering model ga4_data_staging.stg_retail_transaction
16:54:33.437750 [debug]: Compiled SQL for node model.retail_ecommerce_dbt.marts_analytics at target\.lsp\compiled\retail_ecommerce_dbt\models\marts\marts_analytics.sql
16:54:33.437885 [debug]: Finished rendering [  0.01s] model ga4_data_marts.marts_analytics [success]
16:54:33.438326 [info ]: Started analyzing (3 nodes)
16:54:33.438361 [debug]: Started analyzing model ga4_data_marts.marts_analytics
16:54:33.439478 [debug]: Finished analyzing [  0.00s] model ga4_data_marts.marts_analytics [success]
16:54:33.439513 [info ]:  Succeeded [  0.01s] model ga4_data_marts.marts_analytics (table)
16:54:33.471011 [debug]: Compiled SQL for node model.retail_ecommerce_dbt.stg_retail_transaction at target\.lsp\compiled\retail_ecommerce_dbt\models\staging\stg_retail_transaction.sql
16:54:33.471305 [debug]: Finished rendering [  0.05s] model ga4_data_staging.stg_retail_transaction [success]
16:54:33.471317 [debug]: Started analyzing model ga4_data_staging.stg_retail_transaction
16:54:33.471655 [debug]: Finished analyzing [  0.00s] model ga4_data_staging.stg_retail_transaction [success]
16:54:33.471690 [info ]:  Succeeded [  0.05s] model ga4_data_staging.stg_retail_transaction (view)
16:54:33.473188 [debug]: Compiled SQL for node model.retail_ecommerce_dbt.int_customer_metrics at target\.lsp\compiled\retail_ecommerce_dbt\models\intermediate\int_customer_metrics.sql
16:54:33.473294 [debug]: Finished rendering [  0.05s] model ga4_data_intermediate.int_customer_metrics [success]
16:54:33.473320 [info ]: Finished rendering [  0.05s] (3 nodes, 0 skipped, 0 errors)
16:54:33.473352 [debug]: Started analyzing model ga4_data_intermediate.int_customer_metrics
16:54:33.475270 [debug]: Finished analyzing [  0.00s] model ga4_data_intermediate.int_customer_metrics [success]
16:54:33.475325 [info ]: Finished analyzing [  0.04s] (3 nodes, 0 skipped, 0 errors)
16:54:33.475345 [info ]:  Succeeded [  0.05s] model ga4_data_intermediate.int_customer_metrics (table)
16:54:33.480501 [info ]: Started scheduling
16:54:33.480557 [info ]: Finished scheduling [  0.00s]
16:54:33.482325 [info ]: Cached model count updated: 3 models (accurate)
16:55:08.062044 [info ]: Started loading project
16:55:08.064075 [info ]: Loading ~/.dbt/profiles.yml
16:55:08.074791 [info ]: Started loading project
16:55:08.077054 [info ]: Loading ~/.dbt/profiles.yml
16:55:08.077201 [info ]: Finished loading project [  0.02s]
16:55:08.086293 [debug]:    Started loading packages
16:55:08.092518 [debug]:     Loaded [  0.01s] packages
16:55:08.094705 [info ]: Started parsing
16:55:08.152200 [info ]: Finished loading project [  0.08s]
16:55:08.155674 [debug]: Finished parsing models\marts\schema.yml [  0.00s]
16:55:08.186554 [debug]: Finished parsing models\schema.yml [  0.03s]
16:55:08.215877 [debug]: Finished parsing models\sources.yml [  0.03s]
16:55:08.251509 [debug]: Finished parsing models\intermediate\int_customer_metrics.sql [  0.03s]
16:55:08.276301 [debug]: Finished parsing models\marts\marts_analytics.sql [  0.02s]
16:55:08.303402 [debug]: Finished parsing models\staging\stg_retail_transaction.sql [  0.03s]
16:55:08.309511 [info ]: Finished parsing [  0.21s]
16:55:08.318820 [info ]: DOWNLOADING deferral manifest
16:55:08.762967 [warn ]: dbt1203: Failed to download deferral manifest from the dbt platform for project 70471823559476, continuing without deferral. 404 Not Found: No deferral environment defined for project with ID 70471823559476 To target a specific environment, set `defer-env-id` in your dbt_project.yml under the `dbt-cloud` block.
16:55:08.764581 [info ]: Cached model count updated: 3 models (estimate)
16:55:08.764622 [info ]: Cached model count updated: 3 models (accurate)
16:55:08.764709 [info ]: Started scheduling
16:55:08.764892 [info ]: Finished scheduling [  0.00s]
16:55:08.764925 [debug]: Compilation - 0 nodes selected: {}
16:55:08.765636 [warn ]: dbt1092: The selection criterion '' does not match any enabled nodes
16:55:08.765682 [warn ]: dbt1601: Nothing to do. Try checking your model configs and model specification args
16:55:08.765708 [info ]: Started scheduling
16:55:08.766167 [info ]: Finished scheduling [  0.00s]
16:55:08.766285 [debug]: Initializing schema store with entry: Frontier(CanonicalFqn { catalog: "ga4-project-496021", schema: "ga4_data", table: "retail_online_raw" }) and interval: None
16:55:08.768557 [info ]: DOWNLOADING deferral manifest
16:55:09.192748 [warn ]: dbt1203: Failed to download deferral manifest from the dbt platform for project 70471823559476, continuing without deferral. 404 Not Found: No deferral environment defined for project with ID 70471823559476 To target a specific environment, set `defer-env-id` in your dbt_project.yml under the `dbt-cloud` block.
16:55:09.404655 [info ]: Started building task graph
16:55:09.404696 [info ]: Finished building task graph [  0.00s]
16:55:09.409954 [info ]: Started scheduling
16:55:09.410012 [info ]: Finished scheduling [  0.00s]
16:55:09.419024 [info ]: Cached model count updated: 3 models (accurate)
16:55:11.022026 [info ]: Started loading project
16:55:11.026126 [info ]: Loading ~/.dbt/profiles.yml
16:55:11.083064 [info ]: Cached model count updated: 3 models (estimate)
16:55:11.083101 [info ]: Cached model count updated: 3 models (accurate)
16:55:11.083155 [info ]: Started scheduling
16:55:11.083264 [info ]: Finished scheduling [  0.00s]
16:55:11.083292 [debug]: Compilation - 3 nodes selected: {"model.retail_ecommerce_dbt.int_customer_metrics", "model.retail_ecommerce_dbt.marts_analytics", "model.retail_ecommerce_dbt.stg_retail_transaction"}
16:55:11.085895 [info ]: DOWNLOADING deferral manifest
16:55:11.085990 [info ]: Finished loading project [  0.06s]
16:55:11.540818 [warn ]: dbt1203: Failed to download deferral manifest from the dbt platform for project 70471823559476, continuing without deferral. 404 Not Found: No deferral environment defined for project with ID 70471823559476 To target a specific environment, set `defer-env-id` in your dbt_project.yml under the `dbt-cloud` block.
16:55:11.967944 [info ]: Started building task graph
16:55:11.968054 [info ]: Finished building task graph [  0.00s]
16:55:11.969876 [info ]: Started rendering (3 nodes)
16:55:11.969941 [info ]: Started model ga4_data_marts.marts_analytics
16:55:11.970038 [debug]: Started rendering model ga4_data_marts.marts_analytics
16:55:11.970096 [info ]: Started model ga4_data_intermediate.int_customer_metrics
16:55:11.970159 [debug]: Started rendering model ga4_data_intermediate.int_customer_metrics
16:55:11.970325 [info ]: Started model ga4_data_staging.stg_retail_transaction
16:55:11.970568 [debug]: Started rendering model ga4_data_staging.stg_retail_transaction
16:55:11.976050 [debug]: Compiled SQL for node model.retail_ecommerce_dbt.marts_analytics at target\.lsp\compiled\retail_ecommerce_dbt\models\marts\marts_analytics.sql
16:55:11.976376 [debug]: Finished rendering [  0.01s] model ga4_data_marts.marts_analytics [success]
16:55:11.976447 [info ]: Started analyzing (3 nodes)
16:55:11.976469 [debug]: Started analyzing model ga4_data_marts.marts_analytics
16:55:11.978607 [debug]: Finished analyzing [  0.00s] model ga4_data_marts.marts_analytics [success]
16:55:11.978744 [info ]:  Succeeded [  0.01s] model ga4_data_marts.marts_analytics (table)
16:55:11.990459 [debug]: Compiled SQL for node model.retail_ecommerce_dbt.int_customer_metrics at target\.lsp\compiled\retail_ecommerce_dbt\models\intermediate\int_customer_metrics.sql
16:55:11.993058 [debug]: Compiled SQL for node model.retail_ecommerce_dbt.stg_retail_transaction at target\.lsp\compiled\retail_ecommerce_dbt\models\staging\stg_retail_transaction.sql
16:55:11.993408 [debug]: Finished rendering [  0.02s] model ga4_data_intermediate.int_customer_metrics [success]
16:55:11.993474 [debug]: Started analyzing model ga4_data_intermediate.int_customer_metrics
16:55:11.993638 [debug]: Finished rendering [  0.02s] model ga4_data_staging.stg_retail_transaction [success]
16:55:11.993667 [info ]: Finished rendering [  0.02s] (3 nodes, 0 skipped, 0 errors)
16:55:11.993690 [debug]: Started analyzing model ga4_data_staging.stg_retail_transaction
16:55:11.993969 [debug]: Finished analyzing [  0.00s] model ga4_data_staging.stg_retail_transaction [success]
16:55:11.993991 [info ]:  Succeeded [  0.02s] model ga4_data_staging.stg_retail_transaction (view)
16:55:12.008067 [debug]: Finished analyzing [  0.01s] model ga4_data_intermediate.int_customer_metrics [success]
16:55:12.014997 [info ]: Finished analyzing [  0.04s] (3 nodes, 0 skipped, 0 errors)
16:55:12.015047 [info ]:  Succeeded [  0.04s] model ga4_data_intermediate.int_customer_metrics (table)
16:55:12.025753 [info ]: Started scheduling
16:55:12.025879 [info ]: Finished scheduling [  0.00s]
16:55:12.029491 [info ]: Cached model count updated: 3 models (accurate)
16:55:22.465365 [info ]: Started loading project
16:55:22.467746 [info ]: Loading ~/.dbt/profiles.yml
16:55:22.508801 [info ]: Started parsing
16:55:22.536683 [info ]: Finished loading project [  0.07s]
16:55:22.539671 [debug]: Finished parsing models\marts\schema.yml [  0.00s]
16:55:22.547409 [warn ]: dbt1089: Unused schema.yml entry for model 'fct_rfm_analysis'
  --> models\marts\schema.yml
16:55:22.557488 [info ]: Finished parsing [  0.05s]
16:55:22.564848 [info ]: DOWNLOADING deferral manifest
16:55:23.188736 [warn ]: dbt1203: Failed to download deferral manifest from the dbt platform for project 70471823559476, continuing without deferral. 404 Not Found: No deferral environment defined for project with ID 70471823559476 To target a specific environment, set `defer-env-id` in your dbt_project.yml under the `dbt-cloud` block.
16:55:23.210900 [info ]: Cached model count updated: 3 models (accurate)
16:55:23.212980 [info ]: Waiting for lease on 'target' directory
16:55:23.607928 [info ]: Started loading project
16:55:23.609520 [info ]: Loading ~/.dbt/profiles.yml
16:55:23.634156 [info ]: Started parsing
16:55:23.665037 [info ]: Finished loading project [  0.06s]
16:55:23.666119 [debug]: Finished parsing models\marts\schema.yml [  0.00s]
16:55:23.667790 [warn ]: dbt1089: Unused schema.yml entry for model 'fct_rfm_analysis'
  --> models\marts\schema.yml
16:55:23.670169 [info ]: Finished parsing [  0.04s]
16:55:23.678856 [info ]: DOWNLOADING deferral manifest
16:55:24.136099 [warn ]: dbt1203: Failed to download deferral manifest from the dbt platform for project 70471823559476, continuing without deferral. 404 Not Found: No deferral environment defined for project with ID 70471823559476 To target a specific environment, set `defer-env-id` in your dbt_project.yml under the `dbt-cloud` block.
16:55:24.138171 [info ]: Cached model count updated: 3 models (estimate)
16:55:24.138215 [info ]: Cached model count updated: 3 models (accurate)
16:55:24.138350 [info ]: Started scheduling
16:55:24.138421 [info ]: Finished scheduling [  0.00s]
16:55:24.138457 [debug]: Compilation - 0 nodes selected: {}
16:55:24.138481 [warn ]: dbt1092: The selection criterion '' does not match any enabled nodes
16:55:24.138499 [warn ]: dbt1601: Nothing to do. Try checking your model configs and model specification args
16:55:24.140782 [info ]: DOWNLOADING deferral manifest
16:55:24.721620 [warn ]: dbt1203: Failed to download deferral manifest from the dbt platform for project 70471823559476, continuing without deferral. 404 Not Found: No deferral environment defined for project with ID 70471823559476 To target a specific environment, set `defer-env-id` in your dbt_project.yml under the `dbt-cloud` block.
16:55:25.205237 [info ]: Started building task graph
16:55:25.205342 [info ]: Finished building task graph [  0.00s]
16:55:25.212363 [info ]: Started scheduling
16:55:25.213385 [info ]: Finished scheduling [  0.00s]
16:55:25.214653 [info ]: Cached model count updated: 3 models (accurate)
16:55:26.768732 [info ]: Started loading project
16:55:26.770445 [info ]: Loading ~/.dbt/profiles.yml
16:55:26.817345 [info ]: Cached model count updated: 3 models (estimate)
16:55:26.817393 [info ]: Cached model count updated: 3 models (accurate)
16:55:26.817450 [info ]: Started scheduling
16:55:26.817509 [info ]: Finished scheduling [  0.00s]
16:55:26.817531 [debug]: Compilation - 0 nodes selected: {}
16:55:26.817572 [warn ]: dbt1092: The selection criterion '' does not match any enabled nodes
16:55:26.817588 [warn ]: dbt1601: Nothing to do. Try checking your model configs and model specification args
16:55:26.819576 [info ]: DOWNLOADING deferral manifest
16:55:26.819743 [info ]: Finished loading project [  0.05s]
16:55:27.296927 [warn ]: dbt1203: Failed to download deferral manifest from the dbt platform for project 70471823559476, continuing without deferral. 404 Not Found: No deferral environment defined for project with ID 70471823559476 To target a specific environment, set `defer-env-id` in your dbt_project.yml under the `dbt-cloud` block.
16:55:27.560740 [info ]: Started building task graph
16:55:27.560781 [info ]: Finished building task graph [  0.00s]
16:55:27.578360 [info ]: Started scheduling
16:55:27.578465 [info ]: Finished scheduling [  0.00s]
16:55:27.581607 [info ]: Cached model count updated: 3 models (accurate)
16:55:29.136767 [info ]: Started loading project
16:55:29.138160 [info ]: Loading ~/.dbt/profiles.yml
16:55:29.175180 [info ]: Cached model count updated: 3 models (estimate)
16:55:29.175210 [info ]: Cached model count updated: 3 models (accurate)
16:55:29.175245 [info ]: Started scheduling
16:55:29.175319 [info ]: Finished scheduling [  0.00s]
16:55:29.175339 [debug]: Compilation - 3 nodes selected: {"model.retail_ecommerce_dbt.int_customer_metrics", "model.retail_ecommerce_dbt.marts_analytics", "model.retail_ecommerce_dbt.stg_retail_transaction"}
16:55:29.176494 [info ]: DOWNLOADING deferral manifest
16:55:29.176557 [info ]: Finished loading project [  0.04s]
16:55:29.573843 [warn ]: dbt1203: Failed to download deferral manifest from the dbt platform for project 70471823559476, continuing without deferral. 404 Not Found: No deferral environment defined for project with ID 70471823559476 To target a specific environment, set `defer-env-id` in your dbt_project.yml under the `dbt-cloud` block.
16:55:29.828562 [info ]: Started building task graph
16:55:29.828638 [info ]: Finished building task graph [  0.00s]
16:55:29.828787 [info ]: Started rendering (3 nodes)
16:55:29.828808 [info ]: Started model ga4_data_marts.marts_analytics
16:55:29.828820 [debug]: Started rendering model ga4_data_marts.marts_analytics
16:55:29.828844 [info ]: Started model ga4_data_intermediate.int_customer_metrics
16:55:29.828850 [debug]: Started rendering model ga4_data_intermediate.int_customer_metrics
16:55:29.828862 [info ]: Started model ga4_data_staging.stg_retail_transaction
16:55:29.828868 [debug]: Started rendering model ga4_data_staging.stg_retail_transaction
16:55:29.829430 [debug]: Compiled SQL for node model.retail_ecommerce_dbt.marts_analytics at target\.lsp\compiled\retail_ecommerce_dbt\models\marts\marts_analytics.sql
16:55:29.829510 [debug]: Finished rendering [  0.00s] model ga4_data_marts.marts_analytics [success]
16:55:29.829554 [info ]: Started analyzing (3 nodes)
16:55:29.829565 [debug]: Started analyzing model ga4_data_marts.marts_analytics
16:55:29.830012 [debug]: Compiled SQL for node model.retail_ecommerce_dbt.stg_retail_transaction at target\.lsp\compiled\retail_ecommerce_dbt\models\staging\stg_retail_transaction.sql
16:55:29.830112 [debug]: Compiled SQL for node model.retail_ecommerce_dbt.int_customer_metrics at target\.lsp\compiled\retail_ecommerce_dbt\models\intermediate\int_customer_metrics.sql
16:55:29.830195 [debug]: Finished rendering [  0.00s] model ga4_data_staging.stg_retail_transaction [success]
16:55:29.830249 [debug]: Started analyzing model ga4_data_staging.stg_retail_transaction
16:55:29.830288 [debug]: Finished rendering [  0.00s] model ga4_data_intermediate.int_customer_metrics [success]
16:55:29.830306 [info ]: Finished rendering [  0.00s] (3 nodes, 0 skipped, 0 errors)
16:55:29.830322 [debug]: Started analyzing model ga4_data_intermediate.int_customer_metrics
16:55:29.830395 [debug]: Finished analyzing [  0.00s] model ga4_data_marts.marts_analytics [success]
16:55:29.830430 [info ]:  Succeeded [-------] model ga4_data_marts.marts_analytics (table)
16:55:29.830586 [debug]: Finished analyzing [  0.00s] model ga4_data_staging.stg_retail_transaction [success]
16:55:29.830620 [info ]:  Succeeded [  0.00s] model ga4_data_staging.stg_retail_transaction (view)
16:55:29.833583 [debug]: Finished analyzing [  0.00s] model ga4_data_intermediate.int_customer_metrics [success]
16:55:29.833620 [info ]: Finished analyzing [  0.00s] (3 nodes, 0 skipped, 0 errors)
16:55:29.833632 [info ]:  Succeeded [  0.00s] model ga4_data_intermediate.int_customer_metrics (table)
16:55:29.838990 [info ]: Started scheduling
16:55:29.839116 [info ]: Finished scheduling [  0.00s]
16:55:29.840662 [info ]: Cached model count updated: 3 models (accurate)
16:55:29.958978 [info ]: Waiting for lease on 'target' directory
16:55:30.214670 [info ]: Started loading project
16:55:30.216027 [info ]: Loading ~/.dbt/profiles.yml
16:55:30.232279 [info ]: Started parsing
16:55:30.264257 [info ]: Finished loading project [  0.05s]
16:55:30.265172 [debug]: Finished parsing models\marts\schema.yml [  0.00s]
16:55:30.267450 [warn ]: dbt1089: Unused schema.yml entry for model 'fct_rfm_analysis'
  --> models\marts\schema.yml
16:55:30.270077 [info ]: Finished parsing [  0.04s]
16:55:30.276893 [info ]: DOWNLOADING deferral manifest
16:55:30.677679 [warn ]: dbt1203: Failed to download deferral manifest from the dbt platform for project 70471823559476, continuing without deferral. 404 Not Found: No deferral environment defined for project with ID 70471823559476 To target a specific environment, set `defer-env-id` in your dbt_project.yml under the `dbt-cloud` block.
16:55:30.680204 [info ]: Cached model count updated: 3 models (estimate)
16:55:30.680262 [info ]: Cached model count updated: 3 models (accurate)
16:55:30.680343 [info ]: Started scheduling
16:55:30.680430 [info ]: Finished scheduling [  0.00s]
16:55:30.680461 [debug]: Compilation - 0 nodes selected: {}
16:55:30.680498 [warn ]: dbt1092: The selection criterion '' does not match any enabled nodes
16:55:30.680521 [warn ]: dbt1601: Nothing to do. Try checking your model configs and model specification args
16:55:30.693249 [info ]: DOWNLOADING deferral manifest
16:55:31.098731 [warn ]: dbt1203: Failed to download deferral manifest from the dbt platform for project 70471823559476, continuing without deferral. 404 Not Found: No deferral environment defined for project with ID 70471823559476 To target a specific environment, set `defer-env-id` in your dbt_project.yml under the `dbt-cloud` block.
16:55:31.590432 [info ]: Started building task graph
16:55:31.590487 [info ]: Finished building task graph [  0.00s]
16:55:31.603828 [info ]: Started scheduling
16:55:31.603926 [info ]: Finished scheduling [  0.00s]
16:55:31.605495 [info ]: Cached model count updated: 3 models (accurate)
16:55:33.227567 [info ]: Started loading project
16:55:33.231406 [info ]: Loading ~/.dbt/profiles.yml
16:55:33.295940 [info ]: Cached model count updated: 3 models (estimate)
16:55:33.295984 [info ]: Cached model count updated: 3 models (accurate)
16:55:33.296036 [info ]: Started scheduling
16:55:33.296085 [info ]: Finished scheduling [  0.00s]
16:55:33.296112 [debug]: Compilation - 0 nodes selected: {}
16:55:33.296131 [warn ]: dbt1092: The selection criterion '' does not match any enabled nodes
16:55:33.296149 [warn ]: dbt1601: Nothing to do. Try checking your model configs and model specification args
16:55:33.297923 [info ]: DOWNLOADING deferral manifest
16:55:33.298019 [info ]: Finished loading project [  0.07s]
16:55:33.967284 [warn ]: dbt1203: Failed to download deferral manifest from the dbt platform for project 70471823559476, continuing without deferral. 404 Not Found: No deferral environment defined for project with ID 70471823559476 To target a specific environment, set `defer-env-id` in your dbt_project.yml under the `dbt-cloud` block.
16:55:34.431761 [info ]: Started building task graph
16:55:34.431835 [info ]: Finished building task graph [  0.00s]
16:55:34.439872 [info ]: Started scheduling
16:55:34.439985 [info ]: Finished scheduling [  0.00s]
16:55:34.442885 [info ]: Cached model count updated: 3 models (accurate)
16:55:36.000025 [info ]: Started loading project
16:55:36.004903 [info ]: Loading ~/.dbt/profiles.yml
16:55:36.080004 [info ]: Cached model count updated: 3 models (estimate)
16:55:36.080043 [info ]: Cached model count updated: 3 models (accurate)
16:55:36.080092 [info ]: Started scheduling
16:55:36.080187 [info ]: Finished scheduling [  0.00s]
16:55:36.080224 [debug]: Compilation - 3 nodes selected: {"model.retail_ecommerce_dbt.int_customer_metrics", "model.retail_ecommerce_dbt.marts_analytics", "model.retail_ecommerce_dbt.stg_retail_transaction"}
16:55:36.082866 [info ]: Finished loading project [  0.08s]
16:55:36.082703 [info ]: DOWNLOADING deferral manifest
16:55:36.549393 [warn ]: dbt1203: Failed to download deferral manifest from the dbt platform for project 70471823559476, continuing without deferral. 404 Not Found: No deferral environment defined for project with ID 70471823559476 To target a specific environment, set `defer-env-id` in your dbt_project.yml under the `dbt-cloud` block.
16:55:37.049274 [info ]: Started building task graph
16:55:37.049388 [info ]: Finished building task graph [  0.00s]
16:55:37.049591 [info ]: Started rendering (3 nodes)
16:55:37.049648 [info ]: Started model ga4_data_marts.marts_analytics
16:55:37.049668 [debug]: Started rendering model ga4_data_marts.marts_analytics
16:55:37.049710 [info ]: Started model ga4_data_intermediate.int_customer_metrics
16:55:37.049723 [debug]: Started rendering model ga4_data_intermediate.int_customer_metrics
16:55:37.049742 [info ]: Started model ga4_data_staging.stg_retail_transaction
16:55:37.049753 [debug]: Started rendering model ga4_data_staging.stg_retail_transaction
16:55:37.060663 [debug]: Compiled SQL for node model.retail_ecommerce_dbt.marts_analytics at target\.lsp\compiled\retail_ecommerce_dbt\models\marts\marts_analytics.sql
16:55:37.060656 [debug]: Compiled SQL for node model.retail_ecommerce_dbt.int_customer_metrics at target\.lsp\compiled\retail_ecommerce_dbt\models\intermediate\int_customer_metrics.sql
16:55:37.060913 [debug]: Compiled SQL for node model.retail_ecommerce_dbt.stg_retail_transaction at target\.lsp\compiled\retail_ecommerce_dbt\models\staging\stg_retail_transaction.sql
16:55:37.060953 [debug]: Finished rendering [  0.01s] model ga4_data_intermediate.int_customer_metrics [success]
16:55:37.061047 [info ]: Started analyzing (3 nodes)
16:55:37.061078 [debug]: Started analyzing model ga4_data_intermediate.int_customer_metrics
16:55:37.061133 [debug]: Finished rendering [  0.01s] model ga4_data_marts.marts_analytics [success]
16:55:37.061169 [debug]: Started analyzing model ga4_data_marts.marts_analytics
16:55:37.061207 [debug]: Finished rendering [  0.01s] model ga4_data_staging.stg_retail_transaction [success]
16:55:37.061229 [info ]: Finished rendering [  0.01s] (3 nodes, 0 skipped, 0 errors)
16:55:37.061254 [debug]: Started analyzing model ga4_data_staging.stg_retail_transaction
16:55:37.063359 [debug]: Finished analyzing [  0.00s] model ga4_data_staging.stg_retail_transaction [success]
16:55:37.063455 [info ]:  Succeeded [  0.01s] model ga4_data_staging.stg_retail_transaction (view)
16:55:37.066667 [debug]: Finished analyzing [  0.01s] model ga4_data_marts.marts_analytics [success]
16:55:37.066776 [info ]:  Succeeded [  0.02s] model ga4_data_marts.marts_analytics (table)
16:55:37.069127 [debug]: Finished analyzing [  0.01s] model ga4_data_intermediate.int_customer_metrics [success]
16:55:37.069219 [info ]: Finished analyzing [  0.01s] (3 nodes, 0 skipped, 0 errors)
16:55:37.069248 [info ]:  Succeeded [  0.02s] model ga4_data_intermediate.int_customer_metrics (table)
16:55:37.079035 [info ]: Started scheduling
16:55:37.079133 [info ]: Finished scheduling [  0.00s]
16:55:37.086377 [info ]: Cached model count updated: 3 models (accurate)
16:56:09.875601 [info ]: Started loading project
16:56:09.877493 [info ]: Loading ~/.dbt/profiles.yml
16:56:09.900639 [info ]: Started parsing
16:56:09.924576 [info ]: Finished loading project [  0.05s]
16:56:09.925516 [debug]: Finished parsing models\marts\schema.yml [  0.00s]
16:56:09.932670 [debug]: Finished parsing models\marts\marts_analytics.sql [  0.00s]
16:56:09.934013 [info ]: Finished parsing [  0.03s]
16:56:09.940066 [info ]: DOWNLOADING deferral manifest
16:56:10.423298 [warn ]: dbt1203: Failed to download deferral manifest from the dbt platform for project 70471823559476, continuing without deferral. 404 Not Found: No deferral environment defined for project with ID 70471823559476 To target a specific environment, set `defer-env-id` in your dbt_project.yml under the `dbt-cloud` block.
16:56:10.424552 [info ]: Cached model count updated: 3 models (estimate)
16:56:10.424577 [info ]: Cached model count updated: 3 models (accurate)
16:56:10.424612 [info ]: Started scheduling
16:56:10.424650 [info ]: Finished scheduling [  0.00s]
16:56:10.424663 [debug]: Compilation - 0 nodes selected: {}
16:56:10.424677 [warn ]: dbt1092: The selection criterion '' does not match any enabled nodes
16:56:10.424691 [warn ]: dbt1601: Nothing to do. Try checking your model configs and model specification args
16:56:10.427543 [info ]: DOWNLOADING deferral manifest
16:56:11.990630 [warn ]: dbt1203: Failed to download deferral manifest from the dbt platform for project 70471823559476, continuing without deferral. 404 Not Found: No deferral environment defined for project with ID 70471823559476 To target a specific environment, set `defer-env-id` in your dbt_project.yml under the `dbt-cloud` block.
16:56:12.183868 [info ]: Started building task graph
16:56:12.183910 [info ]: Finished building task graph [  0.00s]
16:56:12.187504 [info ]: Started scheduling
16:56:12.187561 [info ]: Finished scheduling [  0.00s]
16:56:12.188500 [info ]: Cached model count updated: 3 models (accurate)
16:56:13.779394 [info ]: Started loading project
16:56:13.781247 [info ]: Loading ~/.dbt/profiles.yml
16:56:13.819352 [info ]: Cached model count updated: 3 models (estimate)
16:56:13.819385 [info ]: Cached model count updated: 3 models (accurate)
16:56:13.819432 [info ]: Started scheduling
16:56:13.819472 [info ]: Finished scheduling [  0.00s]
16:56:13.819488 [debug]: Compilation - 0 nodes selected: {}
16:56:13.819503 [warn ]: dbt1092: The selection criterion '' does not match any enabled nodes
16:56:13.819512 [warn ]: dbt1601: Nothing to do. Try checking your model configs and model specification args
16:56:13.820678 [info ]: DOWNLOADING deferral manifest
16:56:13.820889 [info ]: Finished loading project [  0.04s]
16:56:14.218580 [warn ]: dbt1203: Failed to download deferral manifest from the dbt platform for project 70471823559476, continuing without deferral. 404 Not Found: No deferral environment defined for project with ID 70471823559476 To target a specific environment, set `defer-env-id` in your dbt_project.yml under the `dbt-cloud` block.
16:56:14.419377 [info ]: Started building task graph
16:56:14.419417 [info ]: Finished building task graph [  0.00s]
16:56:14.423982 [info ]: Started scheduling
16:56:14.424043 [info ]: Finished scheduling [  0.00s]
16:56:14.425322 [info ]: Cached model count updated: 3 models (accurate)
16:56:15.981030 [info ]: Started loading project
16:56:15.982452 [info ]: Loading ~/.dbt/profiles.yml
16:56:16.018255 [info ]: Cached model count updated: 3 models (estimate)
16:56:16.018286 [info ]: Cached model count updated: 3 models (accurate)
16:56:16.018349 [info ]: Started scheduling
16:56:16.018421 [info ]: Finished scheduling [  0.00s]
16:56:16.018442 [debug]: Compilation - 3 nodes selected: {"model.retail_ecommerce_dbt.int_customer_metrics", "model.retail_ecommerce_dbt.marts_analytics", "model.retail_ecommerce_dbt.stg_retail_transaction"}
16:56:16.019439 [info ]: DOWNLOADING deferral manifest
16:56:16.019544 [info ]: Finished loading project [  0.04s]
16:56:16.426103 [warn ]: dbt1203: Failed to download deferral manifest from the dbt platform for project 70471823559476, continuing without deferral. 404 Not Found: No deferral environment defined for project with ID 70471823559476 To target a specific environment, set `defer-env-id` in your dbt_project.yml under the `dbt-cloud` block.
16:56:16.685218 [info ]: Started building task graph
16:56:16.685290 [info ]: Finished building task graph [  0.00s]
16:56:16.685441 [info ]: Started rendering (3 nodes)
16:56:16.685463 [info ]: Started model ga4_data_marts.marts_analytics
16:56:16.685476 [debug]: Started rendering model ga4_data_marts.marts_analytics
16:56:16.685501 [info ]: Started model ga4_data_intermediate.int_customer_metrics
16:56:16.685508 [debug]: Started rendering model ga4_data_intermediate.int_customer_metrics
16:56:16.685518 [info ]: Started model ga4_data_staging.stg_retail_transaction
16:56:16.685523 [debug]: Started rendering model ga4_data_staging.stg_retail_transaction
16:56:16.686045 [debug]: Compiled SQL for node model.retail_ecommerce_dbt.marts_analytics at target\.lsp\compiled\retail_ecommerce_dbt\models\marts\marts_analytics.sql
16:56:16.686129 [debug]: Finished rendering [  0.00s] model ga4_data_marts.marts_analytics [success]
16:56:16.686174 [info ]: Started analyzing (3 nodes)
16:56:16.686189 [debug]: Started analyzing model ga4_data_marts.marts_analytics
16:56:16.686334 [debug]: Compiled SQL for node model.retail_ecommerce_dbt.int_customer_metrics at target\.lsp\compiled\retail_ecommerce_dbt\models\intermediate\int_customer_metrics.sql
16:56:16.686440 [debug]: Finished rendering [  0.00s] model ga4_data_intermediate.int_customer_metrics [success]
16:56:16.686446 [debug]: Compiled SQL for node model.retail_ecommerce_dbt.stg_retail_transaction at target\.lsp\compiled\retail_ecommerce_dbt\models\staging\stg_retail_transaction.sql
16:56:16.686486 [debug]: Started analyzing model ga4_data_intermediate.int_customer_metrics
16:56:16.686546 [debug]: Finished rendering [  0.00s] model ga4_data_staging.stg_retail_transaction [success]
16:56:16.686578 [info ]: Finished rendering [  0.00s] (3 nodes, 0 skipped, 0 errors)
16:56:16.686592 [debug]: Started analyzing model ga4_data_staging.stg_retail_transaction
16:56:16.686819 [debug]: Finished analyzing [  0.00s] model ga4_data_staging.stg_retail_transaction [success]
16:56:16.686841 [info ]:  Succeeded [  0.00s] model ga4_data_staging.stg_retail_transaction (view)
16:56:16.686863 [debug]: Finished analyzing [  0.00s] model ga4_data_marts.marts_analytics [success]
16:56:16.686874 [info ]:  Succeeded [-------] model ga4_data_marts.marts_analytics (table)
16:56:16.688025 [debug]: Finished analyzing [  0.00s] model ga4_data_intermediate.int_customer_metrics [success]
16:56:16.688048 [info ]: Finished analyzing [  0.00s] (3 nodes, 0 skipped, 0 errors)
16:56:16.688056 [info ]:  Succeeded [  0.00s] model ga4_data_intermediate.int_customer_metrics (table)
16:56:16.692302 [info ]: Started scheduling
16:56:16.692367 [info ]: Finished scheduling [  0.00s]
16:56:16.693620 [info ]: Cached model count updated: 3 models (accurate)
16:59:29.907898 [info ]: Started loading project
16:59:29.909007 [info ]: Loading ~/.dbt/profiles.yml
16:59:29.938790 [info ]: Started parsing
16:59:29.961852 [info ]: Finished loading project [  0.05s]
16:59:29.962971 [debug]: Finished parsing models\marts\schema.yml [  0.00s]
16:59:29.974649 [debug]: Finished parsing models\marts\marts_analytics.sql [  0.01s]
16:59:29.977672 [info ]: Finished parsing [  0.04s]
16:59:29.988910 [info ]: DOWNLOADING deferral manifest
16:59:30.706626 [warn ]: dbt1203: Failed to download deferral manifest from the dbt platform for project 70471823559476, continuing without deferral. 404 Not Found: No deferral environment defined for project with ID 70471823559476 To target a specific environment, set `defer-env-id` in your dbt_project.yml under the `dbt-cloud` block.
16:59:30.719823 [info ]: Cached model count updated: 3 models (estimate)
16:59:30.719868 [info ]: Cached model count updated: 3 models (accurate)
16:59:30.719927 [info ]: Started scheduling
16:59:30.719993 [info ]: Finished scheduling [  0.00s]
16:59:30.720026 [debug]: Compilation - 0 nodes selected: {}
16:59:30.720056 [warn ]: dbt1092: The selection criterion '' does not match any enabled nodes
16:59:30.720073 [warn ]: dbt1601: Nothing to do. Try checking your model configs and model specification args
16:59:30.726247 [info ]: DOWNLOADING deferral manifest
16:59:31.302063 [warn ]: dbt1203: Failed to download deferral manifest from the dbt platform for project 70471823559476, continuing without deferral. 404 Not Found: No deferral environment defined for project with ID 70471823559476 To target a specific environment, set `defer-env-id` in your dbt_project.yml under the `dbt-cloud` block.
16:59:31.866785 [info ]: Started building task graph
16:59:31.866874 [info ]: Finished building task graph [  0.00s]
16:59:31.880142 [info ]: Started scheduling
16:59:31.880262 [info ]: Finished scheduling [  0.00s]
16:59:31.884471 [info ]: Cached model count updated: 3 models (accurate)
16:59:33.448994 [info ]: Started loading project
16:59:33.452847 [info ]: Loading ~/.dbt/profiles.yml
16:59:33.512775 [info ]: Cached model count updated: 3 models (estimate)
16:59:33.512841 [info ]: Cached model count updated: 3 models (accurate)
16:59:33.512916 [info ]: Started scheduling
16:59:33.513010 [info ]: Finished scheduling [  0.00s]
16:59:33.513051 [debug]: Compilation - 0 nodes selected: {}
16:59:33.513082 [warn ]: dbt1092: The selection criterion '' does not match any enabled nodes
16:59:33.513114 [warn ]: dbt1601: Nothing to do. Try checking your model configs and model specification args
16:59:33.515903 [info ]: DOWNLOADING deferral manifest
16:59:33.516029 [info ]: Finished loading project [  0.07s]
16:59:34.047714 [warn ]: dbt1203: Failed to download deferral manifest from the dbt platform for project 70471823559476, continuing without deferral. 404 Not Found: No deferral environment defined for project with ID 70471823559476 To target a specific environment, set `defer-env-id` in your dbt_project.yml under the `dbt-cloud` block.
16:59:34.517738 [info ]: Started building task graph
16:59:34.517817 [info ]: Finished building task graph [  0.00s]
16:59:34.525326 [info ]: Started scheduling
16:59:34.525580 [info ]: Finished scheduling [  0.00s]
16:59:34.529585 [info ]: Cached model count updated: 3 models (accurate)
16:59:36.106880 [info ]: Started loading project
16:59:36.109394 [info ]: Loading ~/.dbt/profiles.yml
16:59:36.185467 [info ]: Cached model count updated: 3 models (estimate)
16:59:36.185536 [info ]: Cached model count updated: 3 models (accurate)
16:59:36.185606 [info ]: Started scheduling
16:59:36.185747 [info ]: Finished scheduling [  0.00s]
16:59:36.185792 [debug]: Compilation - 3 nodes selected: {"model.retail_ecommerce_dbt.int_customer_metrics", "model.retail_ecommerce_dbt.marts_analytics", "model.retail_ecommerce_dbt.stg_retail_transaction"}
16:59:36.188432 [info ]: DOWNLOADING deferral manifest
16:59:36.188617 [info ]: Finished loading project [  0.08s]
16:59:36.869454 [warn ]: dbt1203: Failed to download deferral manifest from the dbt platform for project 70471823559476, continuing without deferral. 404 Not Found: No deferral environment defined for project with ID 70471823559476 To target a specific environment, set `defer-env-id` in your dbt_project.yml under the `dbt-cloud` block.
16:59:37.343347 [info ]: Started building task graph
16:59:37.343697 [info ]: Finished building task graph [  0.00s]
16:59:37.344295 [info ]: Started rendering (3 nodes)
16:59:37.344396 [info ]: Started model ga4_data_marts.marts_analytics
16:59:37.344446 [debug]: Started rendering model ga4_data_marts.marts_analytics
16:59:37.344616 [info ]: Started model ga4_data_intermediate.int_customer_metrics
16:59:37.344662 [debug]: Started rendering model ga4_data_intermediate.int_customer_metrics
16:59:37.344833 [info ]: Started model ga4_data_staging.stg_retail_transaction
16:59:37.345123 [debug]: Started rendering model ga4_data_staging.stg_retail_transaction
16:59:37.347636 [debug]: Compiled SQL for node model.retail_ecommerce_dbt.int_customer_metrics at target\.lsp\compiled\retail_ecommerce_dbt\models\intermediate\int_customer_metrics.sql
16:59:37.351701 [debug]: Finished rendering [  0.01s] model ga4_data_intermediate.int_customer_metrics [success]
16:59:37.351855 [info ]: Started analyzing (3 nodes)
16:59:37.351889 [debug]: Started analyzing model ga4_data_intermediate.int_customer_metrics
16:59:37.351856 [debug]: Compiled SQL for node model.retail_ecommerce_dbt.stg_retail_transaction at target\.lsp\compiled\retail_ecommerce_dbt\models\staging\stg_retail_transaction.sql
16:59:37.352140 [debug]: Finished rendering [  0.01s] model ga4_data_staging.stg_retail_transaction [success]
16:59:37.352229 [debug]: Started analyzing model ga4_data_staging.stg_retail_transaction
16:59:37.352891 [debug]: Finished analyzing [  0.00s] model ga4_data_staging.stg_retail_transaction [success]
16:59:37.352937 [info ]:  Succeeded [  0.01s] model ga4_data_staging.stg_retail_transaction (view)
16:59:37.360078 [debug]: Finished analyzing [  0.01s] model ga4_data_intermediate.int_customer_metrics [success]
16:59:37.360775 [info ]:  Succeeded [  0.01s] model ga4_data_intermediate.int_customer_metrics (table)
16:59:37.363693 [debug]: Compiled SQL for node model.retail_ecommerce_dbt.marts_analytics at target\.lsp\compiled\retail_ecommerce_dbt\models\marts\marts_analytics.sql
16:59:37.364030 [debug]: Finished rendering [  0.02s] model ga4_data_marts.marts_analytics [success]
16:59:37.364094 [info ]: Finished rendering [  0.02s] (3 nodes, 0 skipped, 0 errors)
16:59:37.364151 [debug]: Started analyzing model ga4_data_marts.marts_analytics
16:59:37.365720 [debug]: Finished analyzing [  0.00s] model ga4_data_marts.marts_analytics [success]
16:59:37.365798 [info ]: Finished analyzing [  0.01s] (3 nodes, 0 skipped, 0 errors)
16:59:37.366973 [info ]:  Succeeded [  0.02s] model ga4_data_marts.marts_analytics (table)
16:59:37.378992 [info ]: Started scheduling
16:59:37.379088 [info ]: Finished scheduling [  0.00s]
16:59:37.383186 [info ]: Cached model count updated: 3 models (accurate)
17:00:58.877183 [info ]: Started loading project
17:00:58.879179 [info ]: Loading ~/.dbt/profiles.yml
17:00:58.884523 [info ]: Started loading project
17:00:58.885657 [info ]: Loading ~/.dbt/profiles.yml
17:00:58.885814 [info ]: Finished loading project [  0.01s]
17:00:58.891112 [debug]:    Started loading packages
17:00:58.894875 [debug]:     Loaded [  0.00s] packages
17:00:58.896105 [info ]: Started parsing
17:00:58.927284 [info ]: Finished loading project [  0.04s]
17:00:58.928532 [debug]: Finished parsing models\marts\schema.yml [  0.00s]
17:00:58.929224 [debug]: Finished parsing models\schema.yml [  0.00s]
17:00:58.929610 [debug]: Finished parsing models\sources.yml [  0.00s]
17:00:58.932875 [debug]: Finished parsing models\intermediate\int_customer_metrics.sql [  0.00s]
17:00:58.933897 [debug]: Finished parsing models\marts\marts_analytics.sql [  0.00s]
17:00:58.938084 [debug]: Finished parsing models\staging\stg_retail_transaction.sql [  0.00s]
17:00:58.940969 [debug]: Finished parsing tests\assert_positive_rfm_values.sql [  0.00s]
17:00:58.944239 [info ]: Finished parsing [  0.05s]
17:00:58.950680 [info ]: DOWNLOADING deferral manifest
17:00:59.588092 [warn ]: dbt1203: Failed to download deferral manifest from the dbt platform for project 70471823559476, continuing without deferral. 404 Not Found: No deferral environment defined for project with ID 70471823559476 To target a specific environment, set `defer-env-id` in your dbt_project.yml under the `dbt-cloud` block.
17:00:59.592156 [info ]: Cached model count updated: 3 models (estimate)
17:00:59.592227 [info ]: Cached model count updated: 3 models (accurate)
17:00:59.593033 [info ]: Started scheduling
17:00:59.593190 [info ]: Finished scheduling [  0.00s]
17:00:59.593238 [debug]: Compilation - 0 nodes selected: {}
17:00:59.593359 [warn ]: dbt1092: The selection criterion '' does not match any enabled nodes
17:00:59.593537 [warn ]: dbt1601: Nothing to do. Try checking your model configs and model specification args
17:00:59.593584 [info ]: Started scheduling
17:00:59.594086 [info ]: Finished scheduling [  0.00s]
17:00:59.594261 [debug]: Initializing schema store with entry: Frontier(CanonicalFqn { catalog: "ga4-project-496021", schema: "ga4_data", table: "retail_online_raw" }) and interval: None
17:00:59.598655 [info ]: DOWNLOADING deferral manifest
17:01:00.013498 [warn ]: dbt1203: Failed to download deferral manifest from the dbt platform for project 70471823559476, continuing without deferral. 404 Not Found: No deferral environment defined for project with ID 70471823559476 To target a specific environment, set `defer-env-id` in your dbt_project.yml under the `dbt-cloud` block.
17:01:00.502524 [info ]: Started building task graph
17:01:00.502736 [info ]: Finished building task graph [  0.00s]
17:01:00.511440 [info ]: Started scheduling
17:01:00.511624 [info ]: Finished scheduling [  0.00s]
17:01:00.521000 [info ]: Cached model count updated: 3 models (accurate)
17:01:02.139091 [info ]: Started loading project
17:01:02.142390 [info ]: Loading ~/.dbt/profiles.yml
17:01:02.213631 [info ]: Cached model count updated: 3 models (estimate)
17:01:02.213673 [info ]: Cached model count updated: 3 models (accurate)
17:01:02.213729 [info ]: Started scheduling
17:01:02.213935 [info ]: Finished scheduling [  0.00s]
17:01:02.213983 [debug]: Compilation - 3 nodes selected: {"model.retail_ecommerce_dbt.int_customer_metrics", "model.retail_ecommerce_dbt.marts_analytics", "model.retail_ecommerce_dbt.stg_retail_transaction"}
17:01:02.216775 [info ]: DOWNLOADING deferral manifest
17:01:02.216896 [info ]: Finished loading project [  0.08s]
17:01:02.951745 [warn ]: dbt1203: Failed to download deferral manifest from the dbt platform for project 70471823559476, continuing without deferral. 404 Not Found: No deferral environment defined for project with ID 70471823559476 To target a specific environment, set `defer-env-id` in your dbt_project.yml under the `dbt-cloud` block.
17:01:03.397495 [info ]: Started building task graph
17:01:03.397628 [info ]: Finished building task graph [  0.00s]
17:01:03.397885 [info ]: Started rendering (3 nodes)
17:01:03.397947 [info ]: Started model ga4_data_marts.marts_analytics
17:01:03.397969 [debug]: Started rendering model ga4_data_marts.marts_analytics
17:01:03.398006 [info ]: Started model ga4_data_intermediate.int_customer_metrics
17:01:03.398024 [debug]: Started rendering model ga4_data_intermediate.int_customer_metrics
17:01:03.398045 [info ]: Started model ga4_data_staging.stg_retail_transaction
17:01:03.398055 [debug]: Started rendering model ga4_data_staging.stg_retail_transaction
17:01:03.403812 [debug]: Compiled SQL for node model.retail_ecommerce_dbt.stg_retail_transaction at target\.lsp\compiled\retail_ecommerce_dbt\models\staging\stg_retail_transaction.sql
17:01:03.407985 [debug]: Compiled SQL for node model.retail_ecommerce_dbt.int_customer_metrics at target\.lsp\compiled\retail_ecommerce_dbt\models\intermediate\int_customer_metrics.sql
17:01:03.413641 [debug]: Finished rendering [  0.02s] model ga4_data_intermediate.int_customer_metrics [success]
17:01:03.413768 [info ]: Started analyzing (3 nodes)
17:01:03.413803 [debug]: Started analyzing model ga4_data_intermediate.int_customer_metrics
17:01:03.414738 [debug]: Finished rendering [  0.02s] model ga4_data_staging.stg_retail_transaction [success]
17:01:03.414828 [debug]: Started analyzing model ga4_data_staging.stg_retail_transaction
17:01:03.415443 [debug]: Finished analyzing [  0.00s] model ga4_data_staging.stg_retail_transaction [success]
17:01:03.415492 [info ]:  Succeeded [  0.02s] model ga4_data_staging.stg_retail_transaction (view)
17:01:03.421266 [debug]: Finished analyzing [  0.01s] model ga4_data_intermediate.int_customer_metrics [success]
17:01:03.421369 [debug]: Compiled SQL for node model.retail_ecommerce_dbt.marts_analytics at target\.lsp\compiled\retail_ecommerce_dbt\models\marts\marts_analytics.sql
17:01:03.421729 [info ]:  Succeeded [  0.02s] model ga4_data_intermediate.int_customer_metrics (table)
17:01:03.425154 [debug]: Finished rendering [  0.03s] model ga4_data_marts.marts_analytics [success]
17:01:03.425233 [info ]: Finished rendering [  0.03s] (3 nodes, 0 skipped, 0 errors)
17:01:03.425298 [debug]: Started analyzing model ga4_data_marts.marts_analytics
17:01:03.426718 [debug]: Finished analyzing [  0.00s] model ga4_data_marts.marts_analytics [success]
17:01:03.426752 [info ]: Finished analyzing [  0.01s] (3 nodes, 0 skipped, 0 errors)
17:01:03.426767 [info ]:  Succeeded [  0.03s] model ga4_data_marts.marts_analytics (table)
17:01:03.435553 [info ]: Started scheduling
17:01:03.435721 [info ]: Finished scheduling [  0.00s]
17:01:03.438667 [info ]: Cached model count updated: 3 models (accurate)
17:01:09.039300 [info ]: Started loading project
17:01:09.040136 [info ]: Loading ~/.dbt/profiles.yml
17:01:09.045087 [info ]: Started loading project
17:01:09.046420 [info ]: Loading ~/.dbt/profiles.yml
17:01:09.046586 [info ]: Finished loading project [  0.01s]
17:01:09.051331 [debug]:    Started loading packages
17:01:09.054099 [debug]:     Loaded [  0.00s] packages
17:01:09.054992 [info ]: Started parsing
17:01:09.084526 [info ]: Finished loading project [  0.04s]
17:01:09.085738 [debug]: Finished parsing models\marts\schema.yml [  0.00s]
17:01:09.086382 [debug]: Finished parsing models\schema.yml [  0.00s]
17:01:09.086893 [debug]: Finished parsing models\sources.yml [  0.00s]
17:01:09.090516 [debug]: Finished parsing models\intermediate\int_customer_metrics.sql [  0.00s]
17:01:09.091551 [debug]: Finished parsing models\marts\marts_analytics.sql [  0.00s]
17:01:09.094488 [debug]: Finished parsing models\staging\stg_retail_transaction.sql [  0.00s]
17:01:09.115878 [debug]: Finished parsing tests\assert_positive_rfm_values.sql [  0.02s]
17:01:09.117402 [warn ]: dbt1087: Ref 'fct_rfm_analysis' not found in project. Searched for 'retail_ecommerce_dbt.fct_rfm_analysis, fct_rfm_analysis'
  --> tests\assert_positive_rfm_values.sql:3:19
17:01:09.133440 [info ]: DOWNLOADING deferral manifest
17:01:09.133609 [info ]: Finished parsing [  0.08s]
17:01:09.670687 [warn ]: dbt1203: Failed to download deferral manifest from the dbt platform for project 70471823559476, continuing without deferral. 404 Not Found: No deferral environment defined for project with ID 70471823559476 To target a specific environment, set `defer-env-id` in your dbt_project.yml under the `dbt-cloud` block.
17:01:09.671922 [info ]: Cached model count updated: 3 models (estimate)
17:01:09.671962 [info ]: Cached model count updated: 3 models (accurate)
17:01:09.672021 [info ]: Started scheduling
17:01:09.672121 [info ]: Finished scheduling [  0.00s]
17:01:09.672142 [debug]: Compilation - 0 nodes selected: {}
17:01:09.672175 [warn ]: dbt1092: The selection criterion '+fqn:test.retail_ecommerce_dbt.assert_positive_rfm_values.c55a7db5af' does not match any enabled nodes
17:01:09.672190 [warn ]: dbt1601: Nothing to do. Try checking your model configs and model specification args
17:01:09.672200 [info ]: Started scheduling
17:01:09.672296 [info ]: Finished scheduling [  0.00s]
17:01:09.672335 [debug]: Initializing schema store with entry: Frontier(CanonicalFqn { catalog: "ga4-project-496021", schema: "ga4_data", table: "retail_online_raw" }) and interval: None
17:01:09.673832 [info ]: DOWNLOADING deferral manifest
17:01:10.095728 [warn ]: dbt1203: Failed to download deferral manifest from the dbt platform for project 70471823559476, continuing without deferral. 404 Not Found: No deferral environment defined for project with ID 70471823559476 To target a specific environment, set `defer-env-id` in your dbt_project.yml under the `dbt-cloud` block.
17:01:10.113338 [info ]: Waiting for lease on 'target' directory
17:01:10.587900 [info ]: Started loading project
17:01:10.589020 [info ]: Loading ~/.dbt/profiles.yml
17:01:10.599813 [debug]:    Started loading packages
17:01:10.605030 [debug]:     Loaded [  0.01s] packages
17:01:10.606460 [info ]: Started parsing
17:01:10.637525 [info ]: Finished loading project [  0.05s]
17:01:10.638954 [debug]: Finished parsing models\marts\schema.yml [  0.00s]
17:01:10.640002 [debug]: Finished parsing models\schema.yml [  0.00s]
17:01:10.642269 [debug]: Finished parsing models\sources.yml [  0.00s]
17:01:10.645375 [debug]: Finished parsing models\intermediate\int_customer_metrics.sql [  0.00s]
17:01:10.647023 [debug]: Finished parsing models\marts\marts_analytics.sql [  0.00s]
17:01:10.651181 [debug]: Finished parsing models\staging\stg_retail_transaction.sql [  0.00s]
17:01:10.656440 [debug]: Finished parsing tests\assert_positive_rfm_values.sql [  0.01s]
17:01:10.656923 [warn ]: dbt1087: Ref 'fct_rfm_analysis' not found in project. Searched for 'retail_ecommerce_dbt.fct_rfm_analysis, fct_rfm_analysis'
  --> tests\assert_positive_rfm_values.sql:3:19
17:01:10.662584 [info ]: DOWNLOADING deferral manifest
17:01:10.662705 [info ]: Finished parsing [  0.06s]
17:01:11.273448 [warn ]: dbt1203: Failed to download deferral manifest from the dbt platform for project 70471823559476, continuing without deferral. 404 Not Found: No deferral environment defined for project with ID 70471823559476 To target a specific environment, set `defer-env-id` in your dbt_project.yml under the `dbt-cloud` block.
17:01:11.275248 [info ]: Cached model count updated: 3 models (estimate)
17:01:11.275292 [info ]: Cached model count updated: 3 models (accurate)
17:01:11.275363 [info ]: Started scheduling
17:01:11.276016 [info ]: Finished scheduling [  0.00s]
17:01:11.276087 [debug]: Compilation - 0 nodes selected: {}
17:01:11.276135 [warn ]: dbt1092: The selection criterion '+fqn:test.retail_ecommerce_dbt.assert_positive_rfm_values.c55a7db5af' does not match any enabled nodes
17:01:11.276158 [warn ]: dbt1601: Nothing to do. Try checking your model configs and model specification args
17:01:11.276181 [info ]: Started scheduling
17:01:11.276416 [info ]: Finished scheduling [  0.00s]
17:01:11.276541 [debug]: Initializing schema store with entry: Frontier(CanonicalFqn { catalog: "ga4-project-496021", schema: "ga4_data", table: "retail_online_raw" }) and interval: None
17:01:11.279663 [info ]: DOWNLOADING deferral manifest
17:01:11.762265 [warn ]: dbt1203: Failed to download deferral manifest from the dbt platform for project 70471823559476, continuing without deferral. 404 Not Found: No deferral environment defined for project with ID 70471823559476 To target a specific environment, set `defer-env-id` in your dbt_project.yml under the `dbt-cloud` block.
17:01:11.950622 [info ]: Started building task graph
17:01:11.950661 [info ]: Finished building task graph [  0.00s]
17:01:11.954955 [info ]: Started scheduling
17:01:11.955049 [info ]: Finished scheduling [  0.00s]
17:01:11.957292 [info ]: Cached model count updated: 3 models (accurate)
17:01:13.538611 [info ]: Started loading project
17:01:13.540578 [info ]: Loading ~/.dbt/profiles.yml
17:01:13.585756 [info ]: Cached model count updated: 3 models (estimate)
17:01:13.585789 [info ]: Cached model count updated: 3 models (accurate)
17:01:13.585826 [info ]: Started scheduling
17:01:13.585884 [info ]: Finished scheduling [  0.00s]
17:01:13.585897 [debug]: Compilation - 0 nodes selected: {}
17:01:13.585919 [warn ]: dbt1092: The selection criterion '+fqn:test.retail_ecommerce_dbt.assert_positive_rfm_values.c55a7db5af+' does not match any enabled nodes
17:01:13.585931 [warn ]: dbt1601: Nothing to do. Try checking your model configs and model specification args
17:01:13.587025 [info ]: DOWNLOADING deferral manifest
17:01:13.587195 [info ]: Finished loading project [  0.05s]
17:01:14.004966 [warn ]: dbt1203: Failed to download deferral manifest from the dbt platform for project 70471823559476, continuing without deferral. 404 Not Found: No deferral environment defined for project with ID 70471823559476 To target a specific environment, set `defer-env-id` in your dbt_project.yml under the `dbt-cloud` block.
17:01:14.224923 [info ]: Started building task graph
17:01:14.224962 [info ]: Finished building task graph [  0.00s]
17:01:14.229179 [info ]: Started scheduling
17:01:14.229237 [info ]: Finished scheduling [  0.00s]
17:01:14.230470 [info ]: Cached model count updated: 3 models (accurate)
17:01:15.796101 [info ]: Started loading project
17:01:15.797891 [info ]: Loading ~/.dbt/profiles.yml
17:01:15.832377 [info ]: Cached model count updated: 3 models (estimate)
17:01:15.832406 [info ]: Cached model count updated: 3 models (accurate)
17:01:15.832442 [info ]: Started scheduling
17:01:15.832510 [info ]: Finished scheduling [  0.00s]
17:01:15.832531 [debug]: Compilation - 3 nodes selected: {"model.retail_ecommerce_dbt.int_customer_metrics", "model.retail_ecommerce_dbt.marts_analytics", "model.retail_ecommerce_dbt.stg_retail_transaction"}
17:01:15.834019 [info ]: DOWNLOADING deferral manifest
17:01:15.834378 [info ]: Finished loading project [  0.04s]
17:01:16.274696 [warn ]: dbt1203: Failed to download deferral manifest from the dbt platform for project 70471823559476, continuing without deferral. 404 Not Found: No deferral environment defined for project with ID 70471823559476 To target a specific environment, set `defer-env-id` in your dbt_project.yml under the `dbt-cloud` block.
17:01:16.469774 [info ]: Started building task graph
17:01:16.469874 [info ]: Finished building task graph [  0.00s]
17:01:16.470020 [info ]: Started rendering (3 nodes)
17:01:16.470043 [info ]: Started model ga4_data_marts.marts_analytics
17:01:16.470058 [debug]: Started rendering model ga4_data_marts.marts_analytics
17:01:16.470084 [info ]: Started model ga4_data_intermediate.int_customer_metrics
17:01:16.470101 [debug]: Started rendering model ga4_data_intermediate.int_customer_metrics
17:01:16.470112 [info ]: Started model ga4_data_staging.stg_retail_transaction
17:01:16.470121 [debug]: Started rendering model ga4_data_staging.stg_retail_transaction
17:01:16.473272 [debug]: Compiled SQL for node model.retail_ecommerce_dbt.int_customer_metrics at target\.lsp\compiled\retail_ecommerce_dbt\models\intermediate\int_customer_metrics.sql
17:01:16.473629 [debug]: Compiled SQL for node model.retail_ecommerce_dbt.marts_analytics at target\.lsp\compiled\retail_ecommerce_dbt\models\marts\marts_analytics.sql
17:01:16.473815 [debug]: Finished rendering [  0.00s] model ga4_data_intermediate.int_customer_metrics [success]
17:01:16.473876 [info ]: Started analyzing (3 nodes)
17:01:16.473894 [debug]: Started analyzing model ga4_data_intermediate.int_customer_metrics
17:01:16.474221 [debug]: Started analyzing model ga4_data_marts.marts_analytics
17:01:16.474216 [debug]: Finished rendering [  0.00s] model ga4_data_marts.marts_analytics [success]
17:01:16.474267 [debug]: Compiled SQL for node model.retail_ecommerce_dbt.stg_retail_transaction at target\.lsp\compiled\retail_ecommerce_dbt\models\staging\stg_retail_transaction.sql
17:01:16.475497 [debug]: Finished rendering [  0.01s] model ga4_data_staging.stg_retail_transaction [success]
17:01:16.475555 [info ]: Finished rendering [  0.01s] (3 nodes, 0 skipped, 0 errors)
17:01:16.475599 [debug]: Started analyzing model ga4_data_staging.stg_retail_transaction
17:01:16.475849 [debug]: Finished analyzing [  0.00s] model ga4_data_marts.marts_analytics [success]
17:01:16.475935 [info ]:  Succeeded [  0.01s] model ga4_data_marts.marts_analytics (table)
17:01:16.476042 [debug]: Finished analyzing [  0.00s] model ga4_data_staging.stg_retail_transaction [success]
17:01:16.476066 [info ]:  Succeeded [  0.01s] model ga4_data_staging.stg_retail_transaction (view)
17:01:16.476093 [debug]: Finished analyzing [  0.00s] model ga4_data_intermediate.int_customer_metrics [success]
17:01:16.476106 [info ]: Finished analyzing [  0.00s] (3 nodes, 0 skipped, 0 errors)
17:01:16.476115 [info ]:  Succeeded [  0.01s] model ga4_data_intermediate.int_customer_metrics (table)
17:01:16.483005 [info ]: Started scheduling
17:01:16.483096 [info ]: Finished scheduling [  0.00s]
17:01:16.485280 [info ]: Cached model count updated: 3 models (accurate)
17:02:49.882456 [info ]: Started loading project
17:02:49.883575 [info ]: Loading ~/.dbt/profiles.yml
17:02:49.890250 [info ]: Started loading project
17:02:49.891278 [info ]: Loading ~/.dbt/profiles.yml
17:02:49.891532 [info ]: Finished loading project [  0.01s]
17:02:49.900128 [debug]:    Started loading packages
17:02:49.903813 [debug]:     Loaded [  0.00s] packages
17:02:49.904797 [info ]: Started parsing
17:02:49.934345 [info ]: Finished loading project [  0.04s]
17:02:49.935314 [debug]: Finished parsing models\marts\schema.yml [  0.00s]
17:02:49.937396 [debug]: Finished parsing models\schema.yml [  0.00s]
17:02:49.937787 [debug]: Finished parsing models\sources.yml [  0.00s]
17:02:49.940065 [debug]: Finished parsing models\intermediate\int_customer_metrics.sql [  0.00s]
17:02:49.941130 [debug]: Finished parsing models\marts\fct_rfm_analysis.sql [  0.00s]
17:02:49.943253 [warn ]: dbt1089: Unused schema.yml entry for model 'marts_analytics'
  --> models\marts\schema.yml
17:02:49.943378 [debug]: Finished parsing models\staging\stg_retail_transaction.sql [  0.00s]
17:02:49.945512 [debug]: Finished parsing tests\assert_positive_rfm_values.sql [  0.00s]
17:02:49.947243 [info ]: Finished parsing [  0.04s]
17:02:49.953399 [info ]: DOWNLOADING deferral manifest
17:02:50.651281 [warn ]: dbt1203: Failed to download deferral manifest from the dbt platform for project 70471823559476, continuing without deferral. 404 Not Found: No deferral environment defined for project with ID 70471823559476 To target a specific environment, set `defer-env-id` in your dbt_project.yml under the `dbt-cloud` block.
17:02:50.653475 [info ]: Cached model count updated: 3 models (estimate)
17:02:50.653501 [info ]: Cached model count updated: 3 models (accurate)
17:02:50.653539 [info ]: Started scheduling
17:02:50.653584 [info ]: Finished scheduling [  0.00s]
17:02:50.653598 [debug]: Compilation - 0 nodes selected: {}
17:02:50.653616 [warn ]: dbt1092: The selection criterion '' does not match any enabled nodes
17:02:50.653629 [warn ]: dbt1601: Nothing to do. Try checking your model configs and model specification args
17:02:50.653639 [info ]: Started scheduling
17:02:50.653689 [info ]: Finished scheduling [  0.00s]
17:02:50.653732 [debug]: Initializing schema store with entry: Frontier(CanonicalFqn { catalog: "ga4-project-496021", schema: "ga4_data", table: "retail_online_raw" }) and interval: None
17:02:50.655952 [info ]: DOWNLOADING deferral manifest
17:02:51.096073 [warn ]: dbt1203: Failed to download deferral manifest from the dbt platform for project 70471823559476, continuing without deferral. 404 Not Found: No deferral environment defined for project with ID 70471823559476 To target a specific environment, set `defer-env-id` in your dbt_project.yml under the `dbt-cloud` block.
17:02:51.300139 [info ]: Started building task graph
17:02:51.300181 [info ]: Finished building task graph [  0.00s]
17:02:51.304309 [info ]: Started scheduling
17:02:51.304374 [info ]: Finished scheduling [  0.00s]
17:02:51.307394 [info ]: Cached model count updated: 3 models (accurate)
17:02:52.878098 [info ]: Started loading project
17:02:52.879525 [info ]: Loading ~/.dbt/profiles.yml
17:02:52.913185 [info ]: Cached model count updated: 3 models (estimate)
17:02:52.913216 [info ]: Cached model count updated: 3 models (accurate)
17:02:52.913250 [info ]: Started scheduling
17:02:52.913320 [info ]: Finished scheduling [  0.00s]
17:02:52.913338 [debug]: Compilation - 3 nodes selected: {"model.retail_ecommerce_dbt.fct_rfm_analysis", "model.retail_ecommerce_dbt.int_customer_metrics", "model.retail_ecommerce_dbt.stg_retail_transaction"}
17:02:52.914463 [info ]: DOWNLOADING deferral manifest
17:02:52.914558 [info ]: Finished loading project [  0.04s]
17:02:53.355007 [warn ]: dbt1203: Failed to download deferral manifest from the dbt platform for project 70471823559476, continuing without deferral. 404 Not Found: No deferral environment defined for project with ID 70471823559476 To target a specific environment, set `defer-env-id` in your dbt_project.yml under the `dbt-cloud` block.
17:02:53.558303 [info ]: Started building task graph
17:02:53.558380 [info ]: Finished building task graph [  0.00s]
17:02:53.558572 [info ]: Started rendering (3 nodes)
17:02:53.558594 [info ]: Started model ga4_data_marts.fct_rfm_analysis
17:02:53.558609 [debug]: Started rendering model ga4_data_marts.fct_rfm_analysis
17:02:53.558636 [info ]: Started model ga4_data_intermediate.int_customer_metrics
17:02:53.558646 [debug]: Started rendering model ga4_data_intermediate.int_customer_metrics
17:02:53.558657 [info ]: Started model ga4_data_staging.stg_retail_transaction
17:02:53.558664 [debug]: Started rendering model ga4_data_staging.stg_retail_transaction
17:02:53.561031 [debug]: Compiled SQL for node model.retail_ecommerce_dbt.int_customer_metrics at target\.lsp\compiled\retail_ecommerce_dbt\models\intermediate\int_customer_metrics.sql
17:02:53.561141 [debug]: Compiled SQL for node model.retail_ecommerce_dbt.stg_retail_transaction at target\.lsp\compiled\retail_ecommerce_dbt\models\staging\stg_retail_transaction.sql
17:02:53.561225 [debug]: Finished rendering [  0.00s] model ga4_data_intermediate.int_customer_metrics [success]
17:02:53.561271 [info ]: Started analyzing (3 nodes)
17:02:53.561294 [debug]: Started analyzing model ga4_data_intermediate.int_customer_metrics
17:02:53.561328 [debug]: Finished rendering [  0.00s] model ga4_data_staging.stg_retail_transaction [success]
17:02:53.561350 [debug]: Started analyzing model ga4_data_staging.stg_retail_transaction
17:02:53.561761 [debug]: Finished analyzing [  0.00s] model ga4_data_staging.stg_retail_transaction [success]
17:02:53.561797 [info ]:  Succeeded [  0.00s] model ga4_data_staging.stg_retail_transaction (view)
17:02:53.563559 [debug]: Finished analyzing [  0.00s] model ga4_data_intermediate.int_customer_metrics [success]
17:02:53.563599 [info ]:  Succeeded [  0.00s] model ga4_data_intermediate.int_customer_metrics (table)
17:02:53.564141 [debug]: Compiled SQL for node model.retail_ecommerce_dbt.fct_rfm_analysis at target\.lsp\compiled\retail_ecommerce_dbt\models\marts\fct_rfm_analysis.sql
17:02:53.564318 [debug]: Started analyzing model ga4_data_marts.fct_rfm_analysis
17:02:53.564408 [debug]: Finished rendering [  0.01s] model ga4_data_marts.fct_rfm_analysis [success]
17:02:53.564428 [info ]: Finished rendering [  0.01s] (3 nodes, 0 skipped, 0 errors)
17:02:53.564827 [debug]: Finished analyzing [  0.00s] model ga4_data_marts.fct_rfm_analysis [success]
17:02:53.564848 [info ]: Finished analyzing [  0.00s] (3 nodes, 0 skipped, 0 errors)
17:02:53.564857 [info ]:  Succeeded [  0.01s] model ga4_data_marts.fct_rfm_analysis (table)
17:02:53.568637 [info ]: Started scheduling
17:02:53.568705 [info ]: Finished scheduling [  0.00s]
17:02:53.570435 [info ]: Cached model count updated: 3 models (accurate)
17:02:56.608108 [info ]: Started loading project
17:02:56.609253 [info ]: Loading ~/.dbt/profiles.yml
17:02:56.624354 [info ]: Started parsing
17:02:56.646797 [info ]: Finished loading project [  0.04s]
17:02:56.647676 [debug]: Finished parsing models\marts\schema.yml [  0.00s]
17:02:56.652095 [debug]: Finished parsing models\marts\fct_rfm_analysis.sql [  0.00s]
17:02:56.653666 [info ]: Finished parsing [  0.03s]
17:02:56.661608 [info ]: DOWNLOADING deferral manifest
17:02:57.091738 [warn ]: dbt1203: Failed to download deferral manifest from the dbt platform for project 70471823559476, continuing without deferral. 404 Not Found: No deferral environment defined for project with ID 70471823559476 To target a specific environment, set `defer-env-id` in your dbt_project.yml under the `dbt-cloud` block.
17:02:57.093799 [info ]: Cached model count updated: 3 models (estimate)
17:02:57.093846 [info ]: Cached model count updated: 3 models (accurate)
17:02:57.093913 [info ]: Started scheduling
17:02:57.093983 [info ]: Finished scheduling [  0.00s]
17:02:57.094008 [debug]: Compilation - 0 nodes selected: {}
17:02:57.094043 [warn ]: dbt1092: The selection criterion '' does not match any enabled nodes
17:02:57.094067 [warn ]: dbt1601: Nothing to do. Try checking your model configs and model specification args
17:02:57.095971 [info ]: DOWNLOADING deferral manifest
17:02:57.547414 [warn ]: dbt1203: Failed to download deferral manifest from the dbt platform for project 70471823559476, continuing without deferral. 404 Not Found: No deferral environment defined for project with ID 70471823559476 To target a specific environment, set `defer-env-id` in your dbt_project.yml under the `dbt-cloud` block.
17:02:57.788789 [info ]: Started building task graph
17:02:57.788839 [info ]: Finished building task graph [  0.00s]
17:02:57.792783 [info ]: Started scheduling
17:02:57.792850 [info ]: Finished scheduling [  0.00s]
17:02:57.794229 [info ]: Cached model count updated: 3 models (accurate)
17:02:59.360155 [info ]: Started loading project
17:02:59.362838 [info ]: Loading ~/.dbt/profiles.yml
17:02:59.389860 [info ]: Cached model count updated: 3 models (estimate)
17:02:59.389889 [info ]: Cached model count updated: 3 models (accurate)
17:02:59.389930 [info ]: Started scheduling
17:02:59.389992 [info ]: Finished scheduling [  0.00s]
17:02:59.390013 [debug]: Compilation - 0 nodes selected: {}
17:02:59.390027 [warn ]: dbt1092: The selection criterion '' does not match any enabled nodes
17:02:59.390040 [warn ]: dbt1601: Nothing to do. Try checking your model configs and model specification args
17:02:59.391079 [info ]: DOWNLOADING deferral manifest
17:02:59.391181 [info ]: Finished loading project [  0.03s]
17:02:59.796130 [warn ]: dbt1203: Failed to download deferral manifest from the dbt platform for project 70471823559476, continuing without deferral. 404 Not Found: No deferral environment defined for project with ID 70471823559476 To target a specific environment, set `defer-env-id` in your dbt_project.yml under the `dbt-cloud` block.
17:02:59.981435 [info ]: Started building task graph
17:02:59.981477 [info ]: Finished building task graph [  0.00s]
17:02:59.985047 [info ]: Started scheduling
17:02:59.985101 [info ]: Finished scheduling [  0.00s]
17:02:59.987555 [info ]: Cached model count updated: 3 models (accurate)
17:03:01.535699 [info ]: Started loading project
17:03:01.538955 [info ]: Loading ~/.dbt/profiles.yml
17:03:01.584885 [info ]: Cached model count updated: 3 models (estimate)
17:03:01.584914 [info ]: Cached model count updated: 3 models (accurate)
17:03:01.584950 [info ]: Started scheduling
17:03:01.585022 [info ]: Finished scheduling [  0.00s]
17:03:01.585038 [debug]: Compilation - 3 nodes selected: {"model.retail_ecommerce_dbt.fct_rfm_analysis", "model.retail_ecommerce_dbt.int_customer_metrics", "model.retail_ecommerce_dbt.stg_retail_transaction"}
17:03:01.586059 [info ]: DOWNLOADING deferral manifest
17:03:01.586167 [info ]: Finished loading project [  0.05s]
17:03:02.129249 [warn ]: dbt1203: Failed to download deferral manifest from the dbt platform for project 70471823559476, continuing without deferral. 404 Not Found: No deferral environment defined for project with ID 70471823559476 To target a specific environment, set `defer-env-id` in your dbt_project.yml under the `dbt-cloud` block.
17:03:02.335967 [info ]: Started building task graph
17:03:02.336032 [info ]: Finished building task graph [  0.00s]
17:03:02.336211 [info ]: Started rendering (3 nodes)
17:03:02.336233 [info ]: Started model ga4_data_marts.fct_rfm_analysis
17:03:02.336245 [debug]: Started rendering model ga4_data_marts.fct_rfm_analysis
17:03:02.336570 [info ]: Started model ga4_data_intermediate.int_customer_metrics
17:03:02.336590 [debug]: Started rendering model ga4_data_intermediate.int_customer_metrics
17:03:02.336606 [info ]: Started model ga4_data_staging.stg_retail_transaction
17:03:02.336611 [debug]: Started rendering model ga4_data_staging.stg_retail_transaction
17:03:02.337145 [debug]: Compiled SQL for node model.retail_ecommerce_dbt.stg_retail_transaction at target\.lsp\compiled\retail_ecommerce_dbt\models\staging\stg_retail_transaction.sql
17:03:02.337223 [debug]: Compiled SQL for node model.retail_ecommerce_dbt.fct_rfm_analysis at target\.lsp\compiled\retail_ecommerce_dbt\models\marts\fct_rfm_analysis.sql
17:03:02.337231 [debug]: Finished rendering [  0.00s] model ga4_data_staging.stg_retail_transaction [success]
17:03:02.337266 [info ]: Started analyzing (3 nodes)
17:03:02.337275 [debug]: Started analyzing model ga4_data_staging.stg_retail_transaction
17:03:02.337324 [debug]: Finished rendering [  0.00s] model ga4_data_marts.fct_rfm_analysis [success]
17:03:02.337361 [debug]: Started analyzing model ga4_data_marts.fct_rfm_analysis
17:03:02.337402 [debug]: Compiled SQL for node model.retail_ecommerce_dbt.int_customer_metrics at target\.lsp\compiled\retail_ecommerce_dbt\models\intermediate\int_customer_metrics.sql
17:03:02.337485 [debug]: Finished rendering [  0.00s] model ga4_data_intermediate.int_customer_metrics [success]
17:03:02.337518 [info ]: Finished rendering [  0.00s] (3 nodes, 0 skipped, 0 errors)
17:03:02.337542 [debug]: Started analyzing model ga4_data_intermediate.int_customer_metrics
17:03:02.337578 [debug]: Finished analyzing [  0.00s] model ga4_data_staging.stg_retail_transaction [success]
17:03:02.337603 [info ]:  Succeeded [-------] model ga4_data_staging.stg_retail_transaction (view)
17:03:02.338117 [debug]: Finished analyzing [  0.00s] model ga4_data_marts.fct_rfm_analysis [success]
17:03:02.338141 [info ]:  Succeeded [  0.00s] model ga4_data_marts.fct_rfm_analysis (table)
17:03:02.338903 [debug]: Finished analyzing [  0.00s] model ga4_data_intermediate.int_customer_metrics [success]
17:03:02.338928 [info ]: Finished analyzing [  0.00s] (3 nodes, 0 skipped, 0 errors)
17:03:02.338937 [info ]:  Succeeded [  0.00s] model ga4_data_intermediate.int_customer_metrics (table)
17:03:02.342413 [info ]: Started scheduling
17:03:02.342467 [info ]: Finished scheduling [  0.00s]
17:03:02.344543 [info ]: Cached model count updated: 3 models (accurate)
17:04:56.627605 [info ]: Started loading project
17:04:56.628572 [info ]: Loading ~/.dbt/profiles.yml
17:04:56.652739 [info ]: Started parsing
17:04:56.678282 [info ]: Finished loading project [  0.05s]
17:04:56.679176 [debug]: Finished parsing models\marts\schema.yml [  0.00s]
17:04:56.684233 [debug]: Finished parsing models\marts\fct_rfm_analysis.sql [  0.00s]
17:04:56.685491 [info ]: Finished parsing [  0.03s]
17:04:56.695486 [info ]: DOWNLOADING deferral manifest
17:04:57.558398 [warn ]: dbt1203: Failed to download deferral manifest from the dbt platform for project 70471823559476, continuing without deferral. 404 Not Found: No deferral environment defined for project with ID 70471823559476 To target a specific environment, set `defer-env-id` in your dbt_project.yml under the `dbt-cloud` block.
17:04:57.559738 [info ]: Cached model count updated: 3 models (estimate)
17:04:57.559766 [info ]: Cached model count updated: 3 models (accurate)
17:04:57.559820 [info ]: Started scheduling
17:04:57.559883 [info ]: Finished scheduling [  0.00s]
17:04:57.559904 [debug]: Compilation - 0 nodes selected: {}
17:04:57.559922 [warn ]: dbt1092: The selection criterion '' does not match any enabled nodes
17:04:57.559933 [warn ]: dbt1601: Nothing to do. Try checking your model configs and model specification args
17:04:57.562222 [info ]: DOWNLOADING deferral manifest
17:04:58.014646 [warn ]: dbt1203: Failed to download deferral manifest from the dbt platform for project 70471823559476, continuing without deferral. 404 Not Found: No deferral environment defined for project with ID 70471823559476 To target a specific environment, set `defer-env-id` in your dbt_project.yml under the `dbt-cloud` block.
17:04:58.226242 [info ]: Started building task graph
17:04:58.226287 [info ]: Finished building task graph [  0.00s]
17:04:58.229996 [info ]: Started scheduling
17:04:58.230060 [info ]: Finished scheduling [  0.00s]
17:04:58.230993 [info ]: Cached model count updated: 3 models (accurate)
17:04:59.788975 [info ]: Started loading project
17:04:59.790823 [info ]: Loading ~/.dbt/profiles.yml
17:04:59.832539 [info ]: Cached model count updated: 3 models (estimate)
17:04:59.832570 [info ]: Cached model count updated: 3 models (accurate)
17:04:59.832606 [info ]: Started scheduling
17:04:59.832647 [info ]: Finished scheduling [  0.00s]
17:04:59.832660 [debug]: Compilation - 0 nodes selected: {}
17:04:59.832673 [warn ]: dbt1092: The selection criterion '' does not match any enabled nodes
17:04:59.832681 [warn ]: dbt1601: Nothing to do. Try checking your model configs and model specification args
17:04:59.833644 [info ]: DOWNLOADING deferral manifest
17:04:59.833812 [info ]: Finished loading project [  0.04s]
17:05:00.395654 [warn ]: dbt1203: Failed to download deferral manifest from the dbt platform for project 70471823559476, continuing without deferral. 404 Not Found: No deferral environment defined for project with ID 70471823559476 To target a specific environment, set `defer-env-id` in your dbt_project.yml under the `dbt-cloud` block.
17:05:00.610514 [info ]: Started building task graph
17:05:00.610556 [info ]: Finished building task graph [  0.00s]
17:05:00.615247 [info ]: Started scheduling
17:05:00.615314 [info ]: Finished scheduling [  0.00s]
17:05:00.618243 [info ]: Cached model count updated: 3 models (accurate)
17:05:02.175730 [info ]: Started loading project
17:05:02.177749 [info ]: Loading ~/.dbt/profiles.yml
17:05:02.217572 [info ]: Cached model count updated: 3 models (estimate)
17:05:02.217607 [info ]: Cached model count updated: 3 models (accurate)
17:05:02.217656 [info ]: Started scheduling
17:05:02.217744 [info ]: Finished scheduling [  0.00s]
17:05:02.217769 [debug]: Compilation - 3 nodes selected: {"model.retail_ecommerce_dbt.fct_rfm_analysis", "model.retail_ecommerce_dbt.int_customer_metrics", "model.retail_ecommerce_dbt.stg_retail_transaction"}
17:05:02.219039 [info ]: DOWNLOADING deferral manifest
17:05:02.219213 [info ]: Finished loading project [  0.04s]
17:05:03.730299 [warn ]: dbt1203: Failed to download deferral manifest from the dbt platform for project 70471823559476, continuing without deferral. 404 Not Found: No deferral environment defined for project with ID 70471823559476 To target a specific environment, set `defer-env-id` in your dbt_project.yml under the `dbt-cloud` block.
17:05:03.926948 [info ]: Started building task graph
17:05:03.927028 [info ]: Finished building task graph [  0.00s]
17:05:03.927172 [info ]: Started rendering (3 nodes)
17:05:03.927195 [info ]: Started model ga4_data_marts.fct_rfm_analysis
17:05:03.927212 [debug]: Started rendering model ga4_data_marts.fct_rfm_analysis
17:05:03.927240 [info ]: Started model ga4_data_intermediate.int_customer_metrics
17:05:03.927250 [debug]: Started rendering model ga4_data_intermediate.int_customer_metrics
17:05:03.927260 [info ]: Started model ga4_data_staging.stg_retail_transaction
17:05:03.927266 [debug]: Started rendering model ga4_data_staging.stg_retail_transaction
17:05:03.928015 [debug]: Compiled SQL for node model.retail_ecommerce_dbt.stg_retail_transaction at target\.lsp\compiled\retail_ecommerce_dbt\models\staging\stg_retail_transaction.sql
17:05:03.928151 [info ]: Started analyzing (3 nodes)
17:05:03.928164 [debug]: Started analyzing model ga4_data_staging.stg_retail_transaction
17:05:03.928153 [debug]: Finished rendering [  0.00s] model ga4_data_staging.stg_retail_transaction [success]
17:05:03.928867 [debug]: Finished analyzing [  0.00s] model ga4_data_staging.stg_retail_transaction [success]
17:05:03.928918 [info ]:  Succeeded [-------] model ga4_data_staging.stg_retail_transaction (view)
17:05:03.929121 [debug]: Compiled SQL for node model.retail_ecommerce_dbt.int_customer_metrics at target\.lsp\compiled\retail_ecommerce_dbt\models\intermediate\int_customer_metrics.sql
17:05:03.929213 [debug]: Finished rendering [  0.00s] model ga4_data_intermediate.int_customer_metrics [success]
17:05:03.929249 [debug]: Started analyzing model ga4_data_intermediate.int_customer_metrics
17:05:03.930648 [debug]: Compiled SQL for node model.retail_ecommerce_dbt.fct_rfm_analysis at target\.lsp\compiled\retail_ecommerce_dbt\models\marts\fct_rfm_analysis.sql
17:05:03.930785 [debug]: Finished rendering [  0.00s] model ga4_data_marts.fct_rfm_analysis [success]
17:05:03.930803 [info ]: Finished rendering [  0.00s] (3 nodes, 0 skipped, 0 errors)
17:05:03.930822 [debug]: Started analyzing model ga4_data_marts.fct_rfm_analysis
17:05:03.930852 [debug]: Finished analyzing [  0.00s] model ga4_data_intermediate.int_customer_metrics [success]
17:05:03.930865 [info ]:  Succeeded [  0.00s] model ga4_data_intermediate.int_customer_metrics (table)
17:05:03.931228 [debug]: Finished analyzing [  0.00s] model ga4_data_marts.fct_rfm_analysis [success]
17:05:03.931252 [info ]: Finished analyzing [  0.00s] (3 nodes, 0 skipped, 0 errors)
17:05:03.931261 [info ]:  Succeeded [  0.00s] model ga4_data_marts.fct_rfm_analysis (table)
17:05:03.934825 [info ]: Started scheduling
17:05:03.934881 [info ]: Finished scheduling [  0.00s]
17:05:03.937645 [info ]: Cached model count updated: 3 models (accurate)
17:09:33.175247 [info ]: Started loading project
17:09:33.176203 [info ]: Loading ~/.dbt/profiles.yml
17:09:33.182747 [info ]: Started parsing
17:09:33.205630 [info ]: Finished loading project [  0.03s]
17:09:33.230838 [debug]: Finished parsing models\intermediate\int_customer_metrics.sql [  0.02s]
17:09:33.233485 [info ]: Finished parsing [  0.05s]
17:09:33.247243 [info ]: DOWNLOADING deferral manifest
17:09:34.050400 [warn ]: dbt1203: Failed to download deferral manifest from the dbt platform for project 70471823559476, continuing without deferral. 404 Not Found: No deferral environment defined for project with ID 70471823559476 To target a specific environment, set `defer-env-id` in your dbt_project.yml under the `dbt-cloud` block.
17:09:34.052111 [info ]: Cached model count updated: 3 models (estimate)
17:09:34.052153 [info ]: Cached model count updated: 3 models (accurate)
17:09:34.052235 [info ]: Started scheduling
17:09:34.052441 [info ]: Finished scheduling [  0.00s]
17:09:34.052481 [debug]: Compilation - 2 nodes selected: {"model.retail_ecommerce_dbt.int_customer_metrics", "model.retail_ecommerce_dbt.stg_retail_transaction"}
17:09:34.054482 [info ]: DOWNLOADING deferral manifest
17:09:34.544204 [warn ]: dbt1203: Failed to download deferral manifest from the dbt platform for project 70471823559476, continuing without deferral. 404 Not Found: No deferral environment defined for project with ID 70471823559476 To target a specific environment, set `defer-env-id` in your dbt_project.yml under the `dbt-cloud` block.
17:09:34.984929 [info ]: Started building task graph
17:09:34.985325 [info ]: Finished building task graph [  0.00s]
17:09:34.985669 [info ]: Started rendering (2 nodes)
17:09:34.985713 [info ]: Started model ga4_data_intermediate.int_customer_metrics
17:09:34.985736 [debug]: Started rendering model ga4_data_intermediate.int_customer_metrics
17:09:34.985793 [info ]: Started model ga4_data_staging.stg_retail_transaction
17:09:34.985817 [debug]: Started rendering model ga4_data_staging.stg_retail_transaction
17:09:34.989252 [debug]: Compiled SQL for node model.retail_ecommerce_dbt.stg_retail_transaction at target\.lsp\compiled\retail_ecommerce_dbt\models\staging\stg_retail_transaction.sql
17:09:34.989772 [debug]: Finished rendering [  0.00s] model ga4_data_staging.stg_retail_transaction [success]
17:09:34.989848 [info ]: Started analyzing (2 nodes)
17:09:34.989888 [debug]: Started analyzing model ga4_data_staging.stg_retail_transaction
17:09:34.990468 [debug]: Finished analyzing [  0.00s] model ga4_data_staging.stg_retail_transaction [success]
17:09:34.990520 [info ]:  Succeeded [  0.00s] model ga4_data_staging.stg_retail_transaction (view)
17:09:34.990920 [debug]: Compiled SQL for node model.retail_ecommerce_dbt.int_customer_metrics at target\.lsp\compiled\retail_ecommerce_dbt\models\intermediate\int_customer_metrics.sql
17:09:34.991186 [debug]: Finished rendering [  0.01s] model ga4_data_intermediate.int_customer_metrics [success]
17:09:34.991234 [info ]: Finished rendering [  0.01s] (2 nodes, 0 skipped, 0 errors)
17:09:34.991276 [debug]: Started analyzing model ga4_data_intermediate.int_customer_metrics
17:09:34.999917 [debug]: Finished analyzing [  0.01s] model ga4_data_intermediate.int_customer_metrics [success]
17:09:34.999964 [info ]: Finished analyzing [  0.01s] (2 nodes, 0 skipped, 0 errors)
17:09:34.999980 [info ]:  Succeeded [  0.01s] model ga4_data_intermediate.int_customer_metrics (table)
17:09:35.008750 [info ]: Started scheduling
17:09:35.008893 [info ]: Finished scheduling [  0.00s]
17:09:35.011876 [info ]: Cached model count updated: 3 models (accurate)
17:09:36.594823 [info ]: Started loading project
17:09:36.598098 [info ]: Loading ~/.dbt/profiles.yml
17:09:36.655854 [info ]: Cached model count updated: 3 models (estimate)
17:09:36.655911 [info ]: Cached model count updated: 3 models (accurate)
17:09:36.655978 [info ]: Started scheduling
17:09:36.656139 [info ]: Finished scheduling [  0.00s]
17:09:36.656181 [debug]: Compilation - 3 nodes selected: {"model.retail_ecommerce_dbt.fct_rfm_analysis", "model.retail_ecommerce_dbt.int_customer_metrics", "model.retail_ecommerce_dbt.stg_retail_transaction"}
17:09:36.658515 [info ]: DOWNLOADING deferral manifest
17:09:36.658695 [info ]: Finished loading project [  0.06s]
17:09:37.084919 [warn ]: dbt1203: Failed to download deferral manifest from the dbt platform for project 70471823559476, continuing without deferral. 404 Not Found: No deferral environment defined for project with ID 70471823559476 To target a specific environment, set `defer-env-id` in your dbt_project.yml under the `dbt-cloud` block.
17:09:37.673002 [info ]: Started building task graph
17:09:37.673203 [info ]: Finished building task graph [  0.00s]
17:09:37.673511 [info ]: Started rendering (3 nodes)
17:09:37.673561 [info ]: Started model ga4_data_marts.fct_rfm_analysis
17:09:37.673587 [debug]: Started rendering model ga4_data_marts.fct_rfm_analysis
17:09:37.673646 [info ]: Started model ga4_data_intermediate.int_customer_metrics
17:09:37.673672 [debug]: Started rendering model ga4_data_intermediate.int_customer_metrics
17:09:37.673699 [info ]: Started model ga4_data_staging.stg_retail_transaction
17:09:37.673721 [debug]: Started rendering model ga4_data_staging.stg_retail_transaction
17:09:37.675020 [debug]: Compiled SQL for node model.retail_ecommerce_dbt.fct_rfm_analysis at target\.lsp\compiled\retail_ecommerce_dbt\models\marts\fct_rfm_analysis.sql
17:09:37.675255 [debug]: Compiled SQL for node model.retail_ecommerce_dbt.int_customer_metrics at target\.lsp\compiled\retail_ecommerce_dbt\models\intermediate\int_customer_metrics.sql
17:09:37.675749 [info ]: Started analyzing (3 nodes)
17:09:37.675792 [debug]: Started analyzing model ga4_data_marts.fct_rfm_analysis
17:09:37.675847 [debug]: Finished rendering [  0.00s] model ga4_data_intermediate.int_customer_metrics [success]
17:09:37.675891 [debug]: Started analyzing model ga4_data_intermediate.int_customer_metrics
17:09:37.676362 [debug]: Finished rendering [  0.00s] model ga4_data_marts.fct_rfm_analysis [success]
17:09:37.677357 [debug]: Finished analyzing [  0.00s] model ga4_data_marts.fct_rfm_analysis [success]
17:09:37.677415 [info ]:  Succeeded [  0.00s] model ga4_data_marts.fct_rfm_analysis (table)
17:09:37.678090 [debug]: Compiled SQL for node model.retail_ecommerce_dbt.stg_retail_transaction at target\.lsp\compiled\retail_ecommerce_dbt\models\staging\stg_retail_transaction.sql
17:09:37.678452 [debug]: Finished rendering [  0.00s] model ga4_data_staging.stg_retail_transaction [success]
17:09:37.678617 [info ]: Finished rendering [  0.01s] (3 nodes, 0 skipped, 0 errors)
17:09:37.678675 [debug]: Started analyzing model ga4_data_staging.stg_retail_transaction
17:09:37.679158 [debug]: Finished analyzing [  0.00s] model ga4_data_staging.stg_retail_transaction [success]
17:09:37.679209 [info ]:  Succeeded [  0.00s] model ga4_data_staging.stg_retail_transaction (view)
17:09:37.679697 [debug]: Finished analyzing [  0.00s] model ga4_data_intermediate.int_customer_metrics [success]
17:09:37.679764 [info ]: Finished analyzing [  0.00s] (3 nodes, 0 skipped, 0 errors)
17:09:37.679793 [info ]:  Succeeded [  0.01s] model ga4_data_intermediate.int_customer_metrics (table)
17:09:37.688898 [info ]: Started scheduling
17:09:37.689061 [info ]: Finished scheduling [  0.00s]
17:09:37.693906 [info ]: Cached model count updated: 3 models (accurate)
17:09:39.294677 [info ]: Started loading project
17:09:39.297850 [info ]: Loading ~/.dbt/profiles.yml
17:09:39.362192 [info ]: Cached model count updated: 3 models (estimate)
17:09:39.362255 [info ]: Cached model count updated: 3 models (accurate)
17:09:39.362327 [info ]: Started scheduling
17:09:39.362466 [info ]: Finished scheduling [  0.00s]
17:09:39.362514 [debug]: Compilation - 3 nodes selected: {"model.retail_ecommerce_dbt.fct_rfm_analysis", "model.retail_ecommerce_dbt.int_customer_metrics", "model.retail_ecommerce_dbt.stg_retail_transaction"}
17:09:39.365460 [info ]: DOWNLOADING deferral manifest
17:09:39.365636 [info ]: Finished loading project [  0.07s]
17:09:39.776379 [warn ]: dbt1203: Failed to download deferral manifest from the dbt platform for project 70471823559476, continuing without deferral. 404 Not Found: No deferral environment defined for project with ID 70471823559476 To target a specific environment, set `defer-env-id` in your dbt_project.yml under the `dbt-cloud` block.
17:09:40.153065 [info ]: Started building task graph
17:09:40.153245 [info ]: Finished building task graph [  0.00s]
17:09:40.153473 [info ]: Started rendering (3 nodes)
17:09:40.153510 [info ]: Started model ga4_data_marts.fct_rfm_analysis
17:09:40.153529 [debug]: Started rendering model ga4_data_marts.fct_rfm_analysis
17:09:40.153571 [info ]: Started model ga4_data_intermediate.int_customer_metrics
17:09:40.153583 [debug]: Started rendering model ga4_data_intermediate.int_customer_metrics
17:09:40.153602 [info ]: Started model ga4_data_staging.stg_retail_transaction
17:09:40.153618 [debug]: Started rendering model ga4_data_staging.stg_retail_transaction
17:09:40.154718 [debug]: Compiled SQL for node model.retail_ecommerce_dbt.fct_rfm_analysis at target\.lsp\compiled\retail_ecommerce_dbt\models\marts\fct_rfm_analysis.sql
17:09:40.154723 [debug]: Compiled SQL for node model.retail_ecommerce_dbt.stg_retail_transaction at target\.lsp\compiled\retail_ecommerce_dbt\models\staging\stg_retail_transaction.sql
17:09:40.154874 [debug]: Compiled SQL for node model.retail_ecommerce_dbt.int_customer_metrics at target\.lsp\compiled\retail_ecommerce_dbt\models\intermediate\int_customer_metrics.sql
17:09:40.154917 [debug]: Finished rendering [  0.00s] model ga4_data_staging.stg_retail_transaction [success]
17:09:40.154976 [info ]: Started analyzing (3 nodes)
17:09:40.154998 [debug]: Started analyzing model ga4_data_staging.stg_retail_transaction
17:09:40.155036 [debug]: Finished rendering [  0.00s] model ga4_data_marts.fct_rfm_analysis [success]
17:09:40.155073 [debug]: Started analyzing model ga4_data_marts.fct_rfm_analysis
17:09:40.155136 [debug]: Finished rendering [  0.00s] model ga4_data_intermediate.int_customer_metrics [success]
17:09:40.155155 [info ]: Finished rendering [  0.00s] (3 nodes, 0 skipped, 0 errors)
17:09:40.155173 [debug]: Started analyzing model ga4_data_intermediate.int_customer_metrics
17:09:40.155609 [debug]: Finished analyzing [  0.00s] model ga4_data_staging.stg_retail_transaction [success]
17:09:40.155650 [info ]:  Succeeded [  0.00s] model ga4_data_staging.stg_retail_transaction (view)
17:09:40.156048 [debug]: Finished analyzing [  0.00s] model ga4_data_marts.fct_rfm_analysis [success]
17:09:40.156083 [info ]:  Succeeded [  0.00s] model ga4_data_marts.fct_rfm_analysis (table)
17:09:40.157805 [debug]: Finished analyzing [  0.00s] model ga4_data_intermediate.int_customer_metrics [success]
17:09:40.157906 [info ]: Finished analyzing [  0.00s] (3 nodes, 0 skipped, 0 errors)
17:09:40.157922 [info ]:  Succeeded [  0.00s] model ga4_data_intermediate.int_customer_metrics (table)
17:09:40.163425 [info ]: Started scheduling
17:09:40.163536 [info ]: Finished scheduling [  0.00s]
17:09:40.166947 [info ]: Cached model count updated: 3 models (accurate)
23:25:10.784798 [info ]: Started loading project
23:25:10.787109 [info ]: Loading ~/.dbt/profiles.yml
23:25:10.817381 [info ]: Started parsing
23:25:10.860626 [info ]: Finished loading project [  0.08s]
23:25:10.890967 [debug]: Finished parsing models\intermediate\int_customer_metrics.sql [  0.03s]
23:25:10.894161 [info ]: Finished parsing [  0.08s]
23:25:10.905167 [info ]: DOWNLOADING deferral manifest
23:25:11.932246 [warn ]: dbt1203: Failed to download deferral manifest from the dbt platform for project 70471823559476, continuing without deferral. 404 Not Found: No deferral environment defined for project with ID 70471823559476 To target a specific environment, set `defer-env-id` in your dbt_project.yml under the `dbt-cloud` block.
23:25:11.933916 [info ]: Cached model count updated: 3 models (estimate)
23:25:11.933953 [info ]: Cached model count updated: 3 models (accurate)
23:25:11.934107 [info ]: Started scheduling
23:25:11.934322 [info ]: Finished scheduling [  0.00s]
23:25:11.934361 [debug]: Compilation - 2 nodes selected: {"model.retail_ecommerce_dbt.int_customer_metrics", "model.retail_ecommerce_dbt.stg_retail_transaction"}
23:25:11.939889 [info ]: DOWNLOADING deferral manifest
23:25:12.434276 [warn ]: dbt1203: Failed to download deferral manifest from the dbt platform for project 70471823559476, continuing without deferral. 404 Not Found: No deferral environment defined for project with ID 70471823559476 To target a specific environment, set `defer-env-id` in your dbt_project.yml under the `dbt-cloud` block.
23:25:12.616438 [info ]: Started building task graph
23:25:12.616523 [info ]: Finished building task graph [  0.00s]
23:25:12.616720 [info ]: Started rendering (2 nodes)
23:25:12.616749 [info ]: Started model ga4_data_intermediate.int_customer_metrics
23:25:12.616767 [debug]: Started rendering model ga4_data_intermediate.int_customer_metrics
23:25:12.616798 [info ]: Started model ga4_data_staging.stg_retail_transaction
23:25:12.616806 [debug]: Started rendering model ga4_data_staging.stg_retail_transaction
23:25:12.619196 [debug]: Compiled SQL for node model.retail_ecommerce_dbt.int_customer_metrics at target\.lsp\compiled\retail_ecommerce_dbt\models\intermediate\int_customer_metrics.sql
23:25:12.619362 [debug]: Finished rendering [  0.00s] model ga4_data_intermediate.int_customer_metrics [success]
23:25:12.619408 [info ]: Started analyzing (2 nodes)
23:25:12.619445 [debug]: Started analyzing model ga4_data_intermediate.int_customer_metrics
23:25:12.621515 [debug]: Compiled SQL for node model.retail_ecommerce_dbt.stg_retail_transaction at target\.lsp\compiled\retail_ecommerce_dbt\models\staging\stg_retail_transaction.sql
23:25:12.621662 [debug]: Finished rendering [  0.00s] model ga4_data_staging.stg_retail_transaction [success]
23:25:12.621692 [info ]: Finished rendering [  0.00s] (2 nodes, 0 skipped, 0 errors)
23:25:12.621716 [debug]: Started analyzing model ga4_data_staging.stg_retail_transaction
23:25:12.622424 [debug]: Finished analyzing [  0.00s] model ga4_data_staging.stg_retail_transaction [success]
23:25:12.622455 [info ]:  Succeeded [  0.00s] model ga4_data_staging.stg_retail_transaction (view)
23:25:12.630054 [debug]: Finished analyzing [  0.01s] model ga4_data_intermediate.int_customer_metrics [success]
23:25:12.630093 [info ]: Finished analyzing [  0.01s] (2 nodes, 0 skipped, 0 errors)
23:25:12.630107 [info ]:  Succeeded [  0.01s] model ga4_data_intermediate.int_customer_metrics (table)
23:25:12.633150 [info ]: Started scheduling
23:25:12.633260 [info ]: Finished scheduling [  0.00s]
23:25:12.635589 [info ]: Cached model count updated: 3 models (accurate)
23:25:14.234967 [info ]: Started loading project
23:25:14.236775 [info ]: Loading ~/.dbt/profiles.yml
23:25:14.296332 [info ]: Cached model count updated: 3 models (estimate)
23:25:14.296379 [info ]: Cached model count updated: 3 models (accurate)
23:25:14.296450 [info ]: Started scheduling
23:25:14.296630 [info ]: Finished scheduling [  0.00s]
23:25:14.296669 [debug]: Compilation - 3 nodes selected: {"model.retail_ecommerce_dbt.fct_rfm_analysis", "model.retail_ecommerce_dbt.int_customer_metrics", "model.retail_ecommerce_dbt.stg_retail_transaction"}
23:25:14.298530 [info ]: DOWNLOADING deferral manifest
23:25:14.298718 [info ]: Finished loading project [  0.06s]
23:25:14.726602 [warn ]: dbt1203: Failed to download deferral manifest from the dbt platform for project 70471823559476, continuing without deferral. 404 Not Found: No deferral environment defined for project with ID 70471823559476 To target a specific environment, set `defer-env-id` in your dbt_project.yml under the `dbt-cloud` block.
23:25:14.929918 [info ]: Started building task graph
23:25:14.929991 [info ]: Finished building task graph [  0.00s]
23:25:14.930131 [info ]: Started rendering (3 nodes)
23:25:14.930152 [info ]: Started model ga4_data_marts.fct_rfm_analysis
23:25:14.930163 [debug]: Started rendering model ga4_data_marts.fct_rfm_analysis
23:25:14.930189 [info ]: Started model ga4_data_intermediate.int_customer_metrics
23:25:14.930195 [debug]: Started rendering model ga4_data_intermediate.int_customer_metrics
23:25:14.930204 [info ]: Started model ga4_data_staging.stg_retail_transaction
23:25:14.930209 [debug]: Started rendering model ga4_data_staging.stg_retail_transaction
23:25:14.930728 [debug]: Compiled SQL for node model.retail_ecommerce_dbt.stg_retail_transaction at target\.lsp\compiled\retail_ecommerce_dbt\models\staging\stg_retail_transaction.sql
23:25:14.930776 [debug]: Compiled SQL for node model.retail_ecommerce_dbt.int_customer_metrics at target\.lsp\compiled\retail_ecommerce_dbt\models\intermediate\int_customer_metrics.sql
23:25:14.930840 [debug]: Finished rendering [  0.00s] model ga4_data_staging.stg_retail_transaction [success]
23:25:14.930889 [info ]: Started analyzing (3 nodes)
23:25:14.930906 [debug]: Started analyzing model ga4_data_staging.stg_retail_transaction
23:25:14.930935 [debug]: Finished rendering [  0.00s] model ga4_data_intermediate.int_customer_metrics [success]
23:25:14.930951 [debug]: Started analyzing model ga4_data_intermediate.int_customer_metrics
23:25:14.931219 [debug]: Finished analyzing [  0.00s] model ga4_data_staging.stg_retail_transaction [success]
23:25:14.931263 [info ]:  Succeeded [-------] model ga4_data_staging.stg_retail_transaction (view)
23:25:14.933050 [debug]: Finished analyzing [  0.00s] model ga4_data_intermediate.int_customer_metrics [success]
23:25:14.933096 [info ]:  Succeeded [  0.00s] model ga4_data_intermediate.int_customer_metrics (table)
23:25:14.950243 [debug]: Compiled SQL for node model.retail_ecommerce_dbt.fct_rfm_analysis at target\.lsp\compiled\retail_ecommerce_dbt\models\marts\fct_rfm_analysis.sql
23:25:14.950404 [debug]: Finished rendering [  0.02s] model ga4_data_marts.fct_rfm_analysis [success]
23:25:14.950429 [info ]: Finished rendering [  0.02s] (3 nodes, 0 skipped, 0 errors)
23:25:14.950457 [debug]: Started analyzing model ga4_data_marts.fct_rfm_analysis
23:25:14.951048 [debug]: Finished analyzing [  0.00s] model ga4_data_marts.fct_rfm_analysis [success]
23:25:14.951067 [info ]: Finished analyzing [  0.02s] (3 nodes, 0 skipped, 0 errors)
23:25:14.951077 [info ]:  Succeeded [  0.02s] model ga4_data_marts.fct_rfm_analysis (table)
23:25:14.955510 [info ]: Started scheduling
23:25:14.955573 [info ]: Finished scheduling [  0.00s]
23:25:14.956741 [info ]: Cached model count updated: 3 models (accurate)
23:25:16.523505 [info ]: Started loading project
23:25:16.526049 [info ]: Loading ~/.dbt/profiles.yml
23:25:16.620283 [info ]: Cached model count updated: 3 models (estimate)
23:25:16.620391 [info ]: Cached model count updated: 3 models (accurate)
23:25:16.620483 [info ]: Started scheduling
23:25:16.620636 [info ]: Finished scheduling [  0.00s]
23:25:16.620677 [debug]: Compilation - 3 nodes selected: {"model.retail_ecommerce_dbt.fct_rfm_analysis", "model.retail_ecommerce_dbt.int_customer_metrics", "model.retail_ecommerce_dbt.stg_retail_transaction"}
23:25:16.623913 [info ]: DOWNLOADING deferral manifest
23:25:16.624099 [info ]: Finished loading project [  0.10s]
23:25:17.031435 [warn ]: dbt1203: Failed to download deferral manifest from the dbt platform for project 70471823559476, continuing without deferral. 404 Not Found: No deferral environment defined for project with ID 70471823559476 To target a specific environment, set `defer-env-id` in your dbt_project.yml under the `dbt-cloud` block.
23:25:17.473040 [info ]: Started building task graph
23:25:17.473160 [info ]: Finished building task graph [  0.00s]
23:25:17.473397 [info ]: Started rendering (3 nodes)
23:25:17.473431 [info ]: Started model ga4_data_marts.fct_rfm_analysis
23:25:17.473458 [debug]: Started rendering model ga4_data_marts.fct_rfm_analysis
23:25:17.473499 [info ]: Started model ga4_data_intermediate.int_customer_metrics
23:25:17.473645 [debug]: Started rendering model ga4_data_intermediate.int_customer_metrics
23:25:17.473805 [info ]: Started model ga4_data_staging.stg_retail_transaction
23:25:17.474235 [debug]: Started rendering model ga4_data_staging.stg_retail_transaction
23:25:17.474745 [debug]: Compiled SQL for node model.retail_ecommerce_dbt.fct_rfm_analysis at target\.lsp\compiled\retail_ecommerce_dbt\models\marts\fct_rfm_analysis.sql
23:25:17.474916 [debug]: Compiled SQL for node model.retail_ecommerce_dbt.int_customer_metrics at target\.lsp\compiled\retail_ecommerce_dbt\models\intermediate\int_customer_metrics.sql
23:25:17.475150 [debug]: Finished rendering [  0.00s] model ga4_data_marts.fct_rfm_analysis [success]
23:25:17.475235 [info ]: Started analyzing (3 nodes)
23:25:17.475261 [debug]: Started analyzing model ga4_data_marts.fct_rfm_analysis
23:25:17.476599 [debug]: Compiled SQL for node model.retail_ecommerce_dbt.stg_retail_transaction at target\.lsp\compiled\retail_ecommerce_dbt\models\staging\stg_retail_transaction.sql
23:25:17.476876 [debug]: Finished rendering [  0.00s] model ga4_data_intermediate.int_customer_metrics [success]
23:25:17.477023 [debug]: Started analyzing model ga4_data_intermediate.int_customer_metrics
23:25:17.477150 [debug]: Finished rendering [  0.00s] model ga4_data_staging.stg_retail_transaction [success]
23:25:17.477200 [info ]: Finished rendering [  0.00s] (3 nodes, 0 skipped, 0 errors)
23:25:17.477260 [debug]: Started analyzing model ga4_data_staging.stg_retail_transaction
23:25:17.477318 [debug]: Finished analyzing [  0.00s] model ga4_data_marts.fct_rfm_analysis [success]
23:25:17.477394 [info ]:  Succeeded [  0.00s] model ga4_data_marts.fct_rfm_analysis (table)
23:25:17.479452 [debug]: Finished analyzing [  0.00s] model ga4_data_staging.stg_retail_transaction [success]
23:25:17.479529 [info ]:  Succeeded [  0.00s] model ga4_data_staging.stg_retail_transaction (view)
23:25:17.483378 [debug]: Finished analyzing [  0.01s] model ga4_data_intermediate.int_customer_metrics [success]
23:25:17.483443 [info ]: Finished analyzing [  0.01s] (3 nodes, 0 skipped, 0 errors)
23:25:17.483461 [info ]:  Succeeded [  0.01s] model ga4_data_intermediate.int_customer_metrics (table)
23:25:17.489885 [info ]: Started scheduling
23:25:17.490051 [info ]: Finished scheduling [  0.00s]
23:25:17.492057 [info ]: Cached model count updated: 3 models (accurate)
==================== 2026-05-21T15:40:27.799939Z | ed4926bb-ac65-4bcf-b71e-e88af1bc306d ====================
15:40:27.803614 [info ]: Starting dbt LSP server
15:40:27.803683 [info ]: Connecting to LSP client on port 8000
15:40:27.807985 [info ]: Successfully connected to LSP client
15:40:27.808027 [info ]: Creating LSP service...
15:40:27.906779 [info ]: Creating LSP server...
15:40:27.906804 [info ]: Starting LSP server...
15:40:28.306129 [info ]: Loading ~/.dbt/profiles.yml
15:40:28.511148 [info ]: Started loading project
15:40:28.513539 [info ]: Loading ~/.dbt/profiles.yml
15:40:28.530279 [debug]:    Started loading packages
15:40:28.541345 [debug]:     Loaded [  0.01s] packages
15:40:28.556689 [info ]: Started parsing
15:40:28.641292 [info ]: Finished loading project [  0.13s]
15:40:28.675548 [debug]: Finished parsing models\marts\schema.yml [  0.02s]
15:40:28.679347 [debug]: Finished parsing models\schema.yml [  0.00s]
15:40:28.681941 [debug]: Finished parsing models\sources.yml [  0.00s]
15:40:28.734993 [debug]: Finished parsing models\intermediate\int_customer_metrics.sql [  0.03s]
15:40:28.738987 [debug]: Finished parsing models\marts\fct_rfm_analysis.sql [  0.00s]
15:40:28.766976 [debug]: Finished parsing models\staging\stg_retail_transaction.sql [  0.03s]
15:40:28.771930 [debug]: Finished parsing tests\assert_positive_rfm_values.sql [  0.01s]
15:40:28.781986 [info ]: Finished parsing [  0.23s]
15:40:28.795703 [info ]: DOWNLOADING deferral manifest
15:40:29.311719 [warn ]: dbt1203: Failed to download deferral manifest from the dbt platform for project 70471823559476, continuing without deferral. 404 Not Found: No deferral environment defined for project with ID 70471823559476 To target a specific environment, set `defer-env-id` in your dbt_project.yml under the `dbt-cloud` block.
15:40:29.314466 [info ]: Cached model count updated: 3 models (estimate)
15:40:29.314497 [info ]: Cached model count updated: 3 models (accurate)
15:40:29.316443 [info ]: Started scheduling
15:40:29.321813 [info ]: Finished scheduling [  0.01s]
15:40:29.322205 [debug]: Compilation - 2 nodes selected: {"model.retail_ecommerce_dbt.int_customer_metrics", "model.retail_ecommerce_dbt.stg_retail_transaction"}
15:40:29.322556 [info ]: Started scheduling
15:40:29.322811 [info ]: Finished scheduling [  0.00s]
15:40:29.328214 [debug]: Initializing schema store with entry: Frontier(CanonicalFqn { catalog: "ga4-project-496021", schema: "ga4_data", table: "retail_online_raw" }) and interval: None
15:40:29.334975 [info ]: DOWNLOADING deferral manifest
15:40:29.754752 [warn ]: dbt1203: Failed to download deferral manifest from the dbt platform for project 70471823559476, continuing without deferral. 404 Not Found: No deferral environment defined for project with ID 70471823559476 To target a specific environment, set `defer-env-id` in your dbt_project.yml under the `dbt-cloud` block.
15:40:30.006407 [info ]: Started building task graph
15:40:30.009001 [info ]: Finished building task graph [  0.00s]
15:40:30.015724 [info ]: Started rendering (2 nodes)
15:40:30.016747 [info ]: Started model ga4_data_intermediate.int_customer_metrics
15:40:30.017470 [debug]: Started rendering model ga4_data_intermediate.int_customer_metrics
15:40:30.017896 [info ]: Started model ga4_data_staging.stg_retail_transaction
15:40:30.017918 [debug]: Started rendering model ga4_data_staging.stg_retail_transaction
15:40:30.027710 [debug]: Compiled SQL for node model.retail_ecommerce_dbt.int_customer_metrics at target\.lsp\compiled\retail_ecommerce_dbt\models\intermediate\int_customer_metrics.sql
15:40:30.027710 [debug]: Compiled SQL for node model.retail_ecommerce_dbt.stg_retail_transaction at target\.lsp\compiled\retail_ecommerce_dbt\models\staging\stg_retail_transaction.sql
15:40:30.029861 [debug]: Finished rendering [  0.01s] model ga4_data_staging.stg_retail_transaction [success]
15:40:30.030053 [info ]: Started analyzing (2 nodes)
15:40:30.030074 [debug]: Started analyzing model ga4_data_staging.stg_retail_transaction
15:40:30.030241 [debug]: Finished rendering [  0.01s] model ga4_data_intermediate.int_customer_metrics [success]
15:40:30.030256 [info ]: Finished rendering [  0.01s] (2 nodes, 0 skipped, 0 errors)
15:40:30.030268 [debug]: Started analyzing model ga4_data_intermediate.int_customer_metrics
15:40:30.059066 [debug]: Finished analyzing [  0.03s] model ga4_data_staging.stg_retail_transaction [success]
15:40:30.059096 [info ]:  Succeeded [  0.04s] model ga4_data_staging.stg_retail_transaction (view)
15:40:30.062153 [debug]: Finished analyzing [  0.03s] model ga4_data_intermediate.int_customer_metrics [success]
15:40:30.062182 [info ]: Finished analyzing [  0.03s] (2 nodes, 0 skipped, 0 errors)
15:40:30.062191 [info ]:  Succeeded [  0.04s] model ga4_data_intermediate.int_customer_metrics (table)
15:40:30.069658 [info ]: Started scheduling
15:40:30.069708 [info ]: Finished scheduling [  0.00s]
15:40:30.070241 [info ]: Cached model count updated: 3 models (accurate)
15:40:31.614501 [info ]: Started loading project
15:40:31.618927 [info ]: Loading ~/.dbt/profiles.yml
15:40:31.672526 [info ]: Cached model count updated: 3 models (estimate)
15:40:31.672603 [info ]: Cached model count updated: 3 models (accurate)
15:40:31.672705 [info ]: Started scheduling
15:40:31.672833 [info ]: Finished scheduling [  0.00s]
15:40:31.672894 [debug]: Compilation - 3 nodes selected: {"model.retail_ecommerce_dbt.fct_rfm_analysis", "model.retail_ecommerce_dbt.int_customer_metrics", "model.retail_ecommerce_dbt.stg_retail_transaction"}
15:40:31.677188 [info ]: DOWNLOADING deferral manifest
15:40:31.677259 [info ]: Finished loading project [  0.06s]
15:40:32.127072 [warn ]: dbt1203: Failed to download deferral manifest from the dbt platform for project 70471823559476, continuing without deferral. 404 Not Found: No deferral environment defined for project with ID 70471823559476 To target a specific environment, set `defer-env-id` in your dbt_project.yml under the `dbt-cloud` block.
15:40:32.397616 [info ]: Started building task graph
15:40:32.397711 [info ]: Finished building task graph [  0.00s]
15:40:32.397917 [info ]: Started rendering (3 nodes)
15:40:32.397942 [info ]: Started model ga4_data_marts.fct_rfm_analysis
15:40:32.397957 [debug]: Started rendering model ga4_data_marts.fct_rfm_analysis
15:40:32.397998 [info ]: Started model ga4_data_intermediate.int_customer_metrics
15:40:32.398009 [debug]: Started rendering model ga4_data_intermediate.int_customer_metrics
15:40:32.399293 [info ]: Started model ga4_data_staging.stg_retail_transaction
15:40:32.399507 [debug]: Started rendering model ga4_data_staging.stg_retail_transaction
15:40:32.400034 [debug]: Compiled SQL for node model.retail_ecommerce_dbt.int_customer_metrics at target\.lsp\compiled\retail_ecommerce_dbt\models\intermediate\int_customer_metrics.sql
15:40:32.400134 [debug]: Finished rendering [  0.00s] model ga4_data_intermediate.int_customer_metrics [success]
15:40:32.400178 [info ]: Started analyzing (3 nodes)
15:40:32.400190 [debug]: Started analyzing model ga4_data_intermediate.int_customer_metrics
15:40:32.400549 [debug]: Compiled SQL for node model.retail_ecommerce_dbt.stg_retail_transaction at target\.lsp\compiled\retail_ecommerce_dbt\models\staging\stg_retail_transaction.sql
15:40:32.400644 [debug]: Finished rendering [  0.00s] model ga4_data_staging.stg_retail_transaction [success]
15:40:32.400676 [debug]: Started analyzing model ga4_data_staging.stg_retail_transaction
15:40:32.400894 [debug]: Finished analyzing [  0.00s] model ga4_data_staging.stg_retail_transaction [success]
15:40:32.400923 [info ]:  Succeeded [  0.00s] model ga4_data_staging.stg_retail_transaction (view)
15:40:32.401575 [debug]: Compiled SQL for node model.retail_ecommerce_dbt.fct_rfm_analysis at target\.lsp\compiled\retail_ecommerce_dbt\models\marts\fct_rfm_analysis.sql
15:40:32.401982 [debug]: Finished rendering [  0.00s] model ga4_data_marts.fct_rfm_analysis [success]
15:40:32.402009 [info ]: Finished rendering [  0.00s] (3 nodes, 0 skipped, 0 errors)
15:40:32.402030 [debug]: Started analyzing model ga4_data_marts.fct_rfm_analysis
15:40:32.402330 [debug]: Finished analyzing [  0.00s] model ga4_data_intermediate.int_customer_metrics [success]
15:40:32.402352 [info ]:  Succeeded [  0.00s] model ga4_data_intermediate.int_customer_metrics (table)
15:40:32.407618 [debug]: Finished analyzing [  0.01s] model ga4_data_marts.fct_rfm_analysis [success]
15:40:32.407661 [info ]: Finished analyzing [  0.01s] (3 nodes, 0 skipped, 0 errors)
15:40:32.407677 [info ]:  Succeeded [  0.01s] model ga4_data_marts.fct_rfm_analysis (table)
15:40:32.413199 [info ]: Started scheduling
15:40:32.413292 [info ]: Finished scheduling [  0.00s]
15:40:32.416806 [info ]: Cached model count updated: 3 models (accurate)
15:40:34.028144 [info ]: Started loading project
15:40:34.032257 [info ]: Loading ~/.dbt/profiles.yml
15:40:34.175440 [info ]: Cached model count updated: 3 models (estimate)
15:40:34.175482 [info ]: Cached model count updated: 3 models (accurate)
15:40:34.175528 [info ]: Started scheduling
15:40:34.176013 [info ]: Finished scheduling [  0.00s]
15:40:34.176055 [debug]: Compilation - 3 nodes selected: {"model.retail_ecommerce_dbt.fct_rfm_analysis", "model.retail_ecommerce_dbt.int_customer_metrics", "model.retail_ecommerce_dbt.stg_retail_transaction"}
15:40:34.178292 [info ]: DOWNLOADING deferral manifest
15:40:34.178353 [info ]: Finished loading project [  0.15s]
15:40:34.642881 [warn ]: dbt1203: Failed to download deferral manifest from the dbt platform for project 70471823559476, continuing without deferral. 404 Not Found: No deferral environment defined for project with ID 70471823559476 To target a specific environment, set `defer-env-id` in your dbt_project.yml under the `dbt-cloud` block.
15:40:34.910232 [info ]: Started building task graph
15:40:34.910314 [info ]: Finished building task graph [  0.00s]
15:40:34.910487 [info ]: Started rendering (3 nodes)
15:40:34.910514 [info ]: Started model ga4_data_marts.fct_rfm_analysis
15:40:34.910528 [debug]: Started rendering model ga4_data_marts.fct_rfm_analysis
15:40:34.910568 [info ]: Started model ga4_data_intermediate.int_customer_metrics
15:40:34.910718 [debug]: Started rendering model ga4_data_intermediate.int_customer_metrics
15:40:34.910868 [info ]: Started model ga4_data_staging.stg_retail_transaction
15:40:34.911161 [debug]: Compiled SQL for node model.retail_ecommerce_dbt.fct_rfm_analysis at target\.lsp\compiled\retail_ecommerce_dbt\models\marts\fct_rfm_analysis.sql
15:40:34.911461 [debug]: Compiled SQL for node model.retail_ecommerce_dbt.int_customer_metrics at target\.lsp\compiled\retail_ecommerce_dbt\models\intermediate\int_customer_metrics.sql
15:40:34.911686 [debug]: Started rendering model ga4_data_staging.stg_retail_transaction
15:40:34.911769 [debug]: Finished rendering [  0.00s] model ga4_data_marts.fct_rfm_analysis [success]
15:40:34.911875 [info ]: Started analyzing (3 nodes)
15:40:34.911929 [debug]: Started analyzing model ga4_data_marts.fct_rfm_analysis
15:40:34.911977 [debug]: Finished rendering [  0.00s] model ga4_data_intermediate.int_customer_metrics [success]
15:40:34.912006 [debug]: Started analyzing model ga4_data_intermediate.int_customer_metrics
15:40:34.912271 [debug]: Compiled SQL for node model.retail_ecommerce_dbt.stg_retail_transaction at target\.lsp\compiled\retail_ecommerce_dbt\models\staging\stg_retail_transaction.sql
15:40:34.912341 [debug]: Finished rendering [  0.00s] model ga4_data_staging.stg_retail_transaction [success]
15:40:34.912362 [info ]: Finished rendering [  0.00s] (3 nodes, 0 skipped, 0 errors)
15:40:34.912385 [debug]: Started analyzing model ga4_data_staging.stg_retail_transaction
15:40:34.912598 [debug]: Finished analyzing [  0.00s] model ga4_data_staging.stg_retail_transaction [success]
15:40:34.912620 [info ]:  Succeeded [-------] model ga4_data_staging.stg_retail_transaction (view)
15:40:34.912808 [debug]: Finished analyzing [  0.00s] model ga4_data_marts.fct_rfm_analysis [success]
15:40:34.912835 [info ]:  Succeeded [  0.00s] model ga4_data_marts.fct_rfm_analysis (table)
15:40:34.914430 [debug]: Finished analyzing [  0.00s] model ga4_data_intermediate.int_customer_metrics [success]
15:40:34.914472 [info ]: Finished analyzing [  0.00s] (3 nodes, 0 skipped, 0 errors)
15:40:34.914485 [info ]:  Succeeded [  0.00s] model ga4_data_intermediate.int_customer_metrics (table)
15:40:34.920860 [info ]: Started scheduling
15:40:34.920940 [info ]: Finished scheduling [  0.00s]
15:40:34.923312 [info ]: Cached model count updated: 3 models (accurate)
